fecha,tema,titulo,tipo,tipo_p,interes,motivo,rutinario,historia,persiste,curioso,mucha_gente,reactivado,participantes,url,texto
2026-09-21T21:25:12,Contaminación,ruido bastante fuerte zona michelin,aviso,0.97,1.0,historia,0.0,0.58,0.12,0.0,0.3,False,1,https://www.vitoria-gasteiz.org/wb021/was/comentarioAction.do?idioma=es&accion=verComentarios&claveAsuntoCom=383450&claveAsuntoGestorCom=817702&claveAreaCom=,"Vivo en la calle Guatemala y de la zona industrial michelín hay un ruido bastante alto, no es la primera vez que pasa, y está empezando a ser habitual,deberían de controlar la contaminación acústica de esa zona y sancionar a la empresa que está contaminando acusticamente, una pena que está app no admita video"
2026-09-22T00:16:19,Taxis,Guardias domingos 13:00 - 19:00,aviso,0.7,1.0,historia,0.0,0.8,0.0,0.0,0.19,False,1,https://www.vitoria-gasteiz.org/wb021/was/comentarioAction.do?idioma=es&accion=verComentarios&claveAsuntoCom=383273&claveAsuntoGestorCom=817524&claveAreaCom=,Porque no están incluidas las licencias de la 1 a la 6 de la 8 a la 14 de la 16 a la 70 revisarlo. / ?
2026-09-22T05:17:06,Retirada de vehículos,4 santas bicicletas abandonadas en Plaza de Leizaola,aviso,0.91,1.0,mucha_gente,0.0,0.17,0.04,0.0,0.78,False,1,https://www.vitoria-gasteiz.org/wb021/was/comentarioAction.do?idioma=es&accion=verComentarios&claveAsuntoCom=383455&claveAsuntoGestorCom=817707&claveAreaCom=,"Hola: En la Plaza de Leizaola, en la parte paralela a Los Herrán, hay 4 bicicletas que no entiendo cómo no se han disuelto ya, pero el caso es que ahí siguen y solicito su retirada. Una ya es vieja conocida por otros mensajes, es decir, que ésta no es la primera vez que notifico su abandono: es de ruedas finas, rosa y negra, casi en el extremo Sur de la fila de aparcabicis. Dos puestos más al Norte hay otra, pobrecita, que no necesita descripción. En el segmento siguiente, entre la señal para turistas y la farola, otra bici, azul, Florida. No sé exactamente el tiempo que lleva, pero las ruedas hace mucho que perdieron el aire. Y cerca del otro extremo, está la cuarta, con un sillín peculiar por sus bandas blancas laterales. A día de hoy, es lo que hay, pero en pocos meses seguramente habrá más."
2026-09-22T05:26:13,Retirada de vehículos,Bicicleta con sillita detrás,pregunta,0.53,1.0,persiste,0.0,0.37,0.58,0.01,0.04,False,1,https://www.vitoria-gasteiz.org/wb021/was/comentarioAction.do?idioma=es&accion=verComentarios&claveAsuntoCom=383456&claveAsuntoGestorCom=817708&claveAreaCom=,"Hola: No sé las veces que he notificado el abandono de esta bici, creo que es al menos la tercera, pero de paso, solicito que se revise toda la calle Olaguíbel y su continuación por Judizmendi y callecitas aledañas, porque es una pasada la cantidad de chatarra acumulada que ahí se encuentra y se detecta con facilidad, sin necesidad de verla durante meses sin moverse. Por favor, mirad esa zona porque es una pasada. La bici aludida en el título del asunto está en Olaguíbel, en la acera de los pares, en la segunda fila de aparcabicis de ese lado, contando desde el semáforo de Los Herrán, sobre la acera; tiene una sillita sobre la parrilla y plantas alrededor, que han podido crecer porque por la presencia del vehículo no se ha podido limpiar. Y, por favor, echad un vistazo al resto de la calle y sobre todo a la parte de Judizmendi. Es ridículo que notifique cada una de las muchas bicis abandonadas por allá arriba, porque hay tantas y tan llamativas que se detectan en un vistazo."
2026-09-22T08:21:02,"Infancia, adolescencia y familia",Cambio de horario sin previo aviso,pregunta,0.95,1.0,persiste,0.0,0.19,0.8,0.0,0.01,False,2,https://www.vitoria-gasteiz.org/wb021/was/comentarioAction.do?idioma=es&accion=verComentarios&claveAsuntoCom=383458&claveAsuntoGestorCom=817710&claveAreaCom=,"Hola me apunté en junio a una charla, FRUSTRACIÓN SOS, que en principio se realizaba el 22 de septiembre en HEGOALDE de 17 a 18.30h. Tengo una captura hecha de que se dio esta información porque se la pasé a una amiga por si era de su interés. La semana pasada, veo que pone en Estado ""susp."" y di por hecho que se había suspendido (tengo la captura porque de nuevo avisé a esta amiga). Y hoy de pronto veo que la charla sigue adelante, pero en horario de 17.30 a 19h. Y de todo esto, nadie me ha avisado. ¿Cómo puede ser que haya tan poca seriedad? / Yo también estoy interesada en saber qué sucede ya que he recibido dos sms: uno diciendo que me esperan para la charla mañana en hegoalde a las 17 y otro simultáneamente diciendo que me esperan en Zabalgana a las 17"
2026-09-22T08:26:46,Moverse en bicicleta,Campaña urgente de retirada de bicicletas e implantación de matrículas,pregunta,0.92,1.0,persiste,0.0,0.07,0.92,0.0,0.0,False,1,https://www.vitoria-gasteiz.org/wb021/was/comentarioAction.do?idioma=es&accion=verComentarios&claveAsuntoCom=383462&claveAsuntoGestorCom=817714&claveAreaCom=,"La saturación de bicicletas abandonadas durante meses en los aparcabicis de toda la ciudad. Ademas, el Ayuntamiento debe actuar de inmediato para solucionar este caos porque al estsr los aparcabicis llenos se atan a los árboles, farolas y semáforos. Se debe implantar la obligatoriedad de matricular las bicicletas. Solo así se podrá identificar a los infractores que dañan el mobiliario urbano y la naturaleza, y asegurar que reciban la multa correspondiente."
2026-09-22T08:30:41,Otros ocio y cultura,Postes y rampa,aviso,0.84,0.98,historia,0.02,0.9,0.03,0.0,0.05,False,1,https://www.vitoria-gasteiz.org/wb021/was/comentarioAction.do?idioma=es&accion=verComentarios&claveAsuntoCom=383464&claveAsuntoGestorCom=817716&claveAreaCom=,"Ha pasado mes y medio desde que acabaron las fiestas de la Blanca, y todavía siguen estando los postes que se ponen para suministrar electricidad a las txosnas, así como la rampa para acceder a los baños portátiles que se ponen en esta zona. Me imagino que habrá sido un olvido y no dejadez. / fotos p"
2026-09-22T08:53:24,Policía Local,Caquitas del perrito en la calle Larrabazterra número 3,agradecimiento,0.58,1.0,historia,0.0,0.97,0.03,0.0,0.0,True,3,https://www.vitoria-gasteiz.org/wb021/was/comentarioAction.do?idioma=es&accion=verComentarios&claveAsuntoCom=382883&claveAsuntoGestorCom=816895&claveAreaCom=,"Quiero denunciar a los vecinos residentes en la Calle Larrabazterra número 3. Ya está bien, no sé cuántas veces lo he comentado en este buzón y les da exactamente igual. Abren la puerta, el perrito sale, hace sus necesidades en la calle, vuelve a casa, los dueños cierran la puerta (a veces, porque otras directamente no la cierran, para que el bicho salga a sus anchas), y ahí dejan el recado para el resto de vecinos. Está la calle en ese punto repleto de minas de este perro, pueden hacer todas las pruebas que quieran, lo hacen con todo el descaro del mundo. Ah! Y no se te ocurra decirles nada, porque encima se ponen como fieras (los dueños digo). Una pppp verguenza! Ya está bien! O recogen la [Eliminado] o que lo haga en su casa! / No quiero poner en duda que se hagan controles sistémicos pero me cuesta creerlo porque en la zona de Portal de Foronda, tras el número 36 que hay una zona verde bordeando el espacio de juego, hay vecinos y vecinas que puedo asegurar que llevan años dejando que sus perros hagan kk y pis y ni recogen ni veo que lleven un bote con líquido para echar en las esquinas de los establecimientos donde a diario mean. Y lo mismo en las zonas verdes de la mediana de Portal de Foronda. Gracias / Disculpen, no es la Calle Larrabazterra número 3, este perrito es de la calle Larrabazterra número 1, es el adosado que hace esquina. / Lo primero, no son los vecinos de Larrabazterra 3, son los vecinos de Larrabazterra 1, es el adosado que hace esquina. Y ya está bien!!"
2026-09-22T09:32:32,Circulación - Tráfico,Ridículo señalizacion,aviso,0.96,1.0,historia,0.0,0.48,0.44,0.0,0.08,False,1,https://www.vitoria-gasteiz.org/wb021/was/comentarioAction.do?idioma=es&accion=verComentarios&claveAsuntoCom=383477&claveAsuntoGestorCom=817730&claveAreaCom=,Entre rayas en el suelo y señales verticales esta ciudad es el hazme reír de Europa. El cruce de fontecha con Castillo de Quejana. Pero qué están ustedes haciendo! venga pone señales verticales creando confusión un cruce que toda la vida se ha sabido quién tenía preferencia. Ahora como han puesto un carril de bici y el que baja en bicicleta desd ariznabarra tiene preferencia bajando a toda velocidad!! Punto negro de uralmendi con subterráneo y pintor doublang se le suma esto . Bien !
2026-09-22T09:49:13,Limpieza pública,Basura después de fiestas zaramaga,aviso,0.43,1.0,historia,0.0,0.57,0.0,0.0,0.42,False,2,https://www.vitoria-gasteiz.org/wb021/was/comentarioAction.do?idioma=es&accion=verComentarios&claveAsuntoCom=383470&claveAsuntoGestorCom=817722&claveAreaCom=,Bonito detalle de las txosnas y el escenario dejar cientos de bridas y chapas de botellas por el suelo en la plaza Llodio
2026-09-22T09:51:14,Limpieza pública,Suciedad,aviso,0.84,1.0,historia,0.0,0.56,0.06,0.08,0.3,False,2,https://www.vitoria-gasteiz.org/wb021/was/comentarioAction.do?idioma=es&accion=verComentarios&claveAsuntoCom=383453&claveAsuntoGestorCom=817705&claveAreaCom=,"Lleva en la calle baroa, en lakua una cascara de plátano en el suelo min desde el 31 de agosto, no pasan los barrenderos? Ya se está descoponiendo"
2026-09-22T09:53:33,TUVISA. Autobuses urbanos,Olarizu no tiene Gautxori,queja,0.59,1.0,mucha_gente,0.0,0.28,0.01,0.0,0.71,False,2,https://www.vitoria-gasteiz.org/wb021/was/comentarioAction.do?idioma=es&accion=verComentarios&claveAsuntoCom=383415&claveAsuntoGestorCom=817667&claveAreaCom=,Buenas tardes. Los vecinos de Olarizu no tenemos ningún Gautxori que nos acerque al barrio. La parada más cercana está lejos para ir andando ya que de noche está muy abandonada la zona y resulta peligroso. Pienso que se podría poner los puntos morados para que el Gautxori nos acerque y poder llegar a casa sin miedo.
2026-09-22T09:53:46,TUVISA. Autobuses urbanos,Mala conexión con Arambizkarra,queja,0.44,1.0,historia,0.0,0.94,0.02,0.0,0.04,False,2,https://www.vitoria-gasteiz.org/wb021/was/comentarioAction.do?idioma=es&accion=verComentarios&claveAsuntoCom=383390&claveAsuntoGestorCom=817650&claveAreaCom=,"Por motivos familiares, personales y laborales me muevo bastante entre la Calle Burgos, Calle Palencia, Obispo Ballester y la zona de Arkaite. El caso es que que hay bastante mala conexión entre barrios, mis suegros tienen que ir hasta la Calle Madrid a coger el 5 (parada 1083) o el 6 casi ya llegando al centro cívico de Arana (parada 1237), y son bastante mayores. Ambas opciones las tienen a más de 700 metros de su casa. Además, cuando vuelven por la noche, ni se atreven a cruzar el parque dados las últimas agresiones a personas mayores por la zona. Pido, por favor, que se estudie para ambas líneas o al menos una de ellas una ampliación para que puedan bajarse dentro del barrio, y no tengan que caminar tanto."
2026-09-22T09:54:27,TUVISA. Autobuses urbanos,Ampliar frecuencia y recorrido linea 11,queja,0.54,1.0,historia,0.0,0.81,0.06,0.0,0.13,False,10,https://www.vitoria-gasteiz.org/wb021/was/comentarioAction.do?idioma=es&accion=verComentarios&claveAsuntoCom=383001&claveAsuntoGestorCom=817077&claveAreaCom=,"En relación a la nueva linea 11 que se ha hecho de Zabalgana a Lakua, quería sugerir que tuviera la frecuencia que tienen el resto de líneas (cada 10 minutos) y además replantear el recorrido para que se acercara lo máximo posible a la estación de buses. Ya que la estación es el destino al que más ciudadanos queremos acceder y el tener una frecuencia mejor facilitaría que optemos por utilizar este servicio. / Te bajas en Txago y te subes al BEI. / Como trasladan en otros hilos, la mejor opción para ir a la estación de autobuses es el transbordo entre líneas siendo esta la BEi, la más accesible de toda la ciudad. Al efectuarse dicho transbordo en la misma parada de Txagorritxu, se evita desplazarse a otro punto, logrando una comodidad ideal. Igualmente, la ciudad es una red de conexiones y se debe obrar con el objetivo de conectar a la mayor población posible, siendo inevitable y obligatorio el disponer de transbordos pero que sean lo más accesibles y cómodos posibles (como en cualquier ciudad podemos encontrar). Desplazar la línea a la rotonda del GV no sólo sería una pérdida de demanda y cobertura para los vecinos y vecinas de Lakua-Ibaiondo que ya demandaban una conexión con Zabalgana, sino que colapsaría el tiempo de trayecto sabiendo que esa rotonda está precisamente cortada, y hay una gran afluencia de autobuses interurbanos y el BEi cruzando por esa zona de forma constante. La propuesta por tanto es incompatible con el contexto actual. / A mi me parece que actualmente e"
2026-09-22T09:54:59,TUVISA. Autobuses urbanos,Noches sábado,pregunta,0.88,1.0,persiste,0.0,0.04,0.88,0.0,0.08,False,3,https://www.vitoria-gasteiz.org/wb021/was/comentarioAction.do?idioma=es&accion=verComentarios&claveAsuntoCom=383122&claveAsuntoGestorCom=817269&claveAreaCom=,Es necesario un gautxori cada media hora y el tranvía en funcionamiento toda la noche. Es imposible que los trabajadores taxistas den abasto con todo. / Si tú eres de los que trabaja propongo que en tu trabajo también estéis por la noche.
2026-09-22T09:55:12,TUVISA. Autobuses urbanos,Horario línea 9,aviso,0.7,0.99,historia,0.01,0.66,0.07,0.01,0.24,False,2,https://www.vitoria-gasteiz.org/wb021/was/comentarioAction.do?idioma=es&accion=verComentarios&claveAsuntoCom=383150&claveAsuntoGestorCom=817305&claveAreaCom=,"Estudio en gamarra y todas las mañanas tengo que coger el bus 9 en la parada, Zaramága/Portal Gamarra, desde hace unos días el bus no para en la parada porque según el chofer “el bus está muy lleno” cosa que no es verdad. Tenemos que esperar más de 20 minutos para coger el siguiente con lo cual llegamos tarde a clase. No es normal que el bus no pare en sus respectivas paradas, podríais poner un bus d refuerzo sabiendo que el bus que pasa a las 8:15 siempre se llena."
2026-09-22T09:56:23,TUVISA. Autobuses urbanos,BEI A,pregunta,0.95,1.0,persiste,0.0,0.14,0.84,0.0,0.02,False,2,https://www.vitoria-gasteiz.org/wb021/was/comentarioAction.do?idioma=es&accion=verComentarios&claveAsuntoCom=383112&claveAsuntoGestorCom=817250&claveAreaCom=,"¿Qué está pasando con los BEI A? Tres autobuses seguidos con retraso y cuando llega uno a Salbatierrabide, no recoge a nadie porque va llenísimo"
2026-09-22T09:58:04,TUVISA. Autobuses urbanos,Tubisa linea 5,aviso,0.37,1.0,mucha_gente,0.0,0.29,0.0,0.0,0.71,False,2,https://www.vitoria-gasteiz.org/wb021/was/comentarioAction.do?idioma=es&accion=verComentarios&claveAsuntoCom=382992&claveAsuntoGestorCom=817068&claveAreaCom=,Hola hoy he estado tenido una incidencia con la línea 5 en la parada de olaguibel sobre las 15.30 15 .35 El del autobús ha parado más atrás de la parada porque delante había otro autobús Yo soy una persona con movilidad reducida porque llevo una muleta Me pillaba con mucha altura entonces estaba acomodando la muleta al suelo para poder sujetarme con la otra mano en la barra de la puerta que se movía un montón me agache y el conductor cerraba las puertas casi me pilla me puse a gritar me parece una falta muy grave lo que ha echo y que se tome alguna medida . Cuando me acercaba a la parada el estaba parado en el semáforo y me pedía perdón con las manos a mí eso no me vale me parece una negligencia y una falta grave como tratan a los ciudadanos . Espero una solución Gracias Ha sido en la parada de enfrente del ambulatorio de olaguibel
2026-09-22T09:58:16,TUVISA. Autobuses urbanos,Linea 11,queja,0.91,1.0,mucha_gente,0.0,0.15,0.0,0.0,0.84,False,2,https://www.vitoria-gasteiz.org/wb021/was/comentarioAction.do?idioma=es&accion=verComentarios&claveAsuntoCom=383483&claveAsuntoGestorCom=817739&claveAreaCom=,Más frecuencia en horario insuficiente cada media hora...
2026-09-22T09:58:45,TUVISA. Autobuses urbanos,Línea 6 Zabalgana,queja,0.98,1.0,persiste,0.0,0.46,0.51,0.0,0.02,False,3,https://www.vitoria-gasteiz.org/wb021/was/comentarioAction.do?idioma=es&accion=verComentarios&claveAsuntoCom=383170&claveAsuntoGestorCom=817347&claveAreaCom=,"Buenos días viniendo en la línea 6 hoy día 18de octubre a las 10:50 Zabalgana la conductora a cerrado la puerta y ha dejado abajo a una menor mientras que su madre seguía en el bus a cerrado la puerta y ah empezado a insultar y a gritar como loca Como pueden trabajar cara al público si no están capacitadas. / Hay tantos y tantos conductores y conductoras de TUVISA con unas formas deplorables, que el día que los despidan a todos nos quedamos sin trasnporte público. Es tremendo... yo también he vivido y visto esas malas formas, incluso con turistas que no entendían el idioma. Menuda imagen."
2026-09-22T10:00:52,TUVISA. Autobuses urbanos,Gautxori G2 Olárizu paradas 'morea',pregunta,0.74,1.0,historia,0.0,0.89,0.08,0.0,0.03,False,7,https://www.vitoria-gasteiz.org/wb021/was/comentarioAction.do?idioma=es&accion=verComentarios&claveAsuntoCom=381823&claveAsuntoGestorCom=815389&claveAreaCom=,"Me gustaría que se pongan paradas ""morea"" en Avenida Olárizu como tienen todos los barrios. El barrio de Goikolarra es más nuevo y dispone de muchas más paradas. El barrio de Olárizu sólo dispone de parada en Heraclio Fournier que está muy lejos del Olárizu, apenas hay luz y es peligroso ir de noche. Creo que hay muchos ciudadanos que viven en esta zona para que se tome en cuenta esta petición. Espero que estas peticiones se tomen en cuenta al igual que se tomaron para el barrio de Goikolarra, que todo lo que piden se les acepta, ¿algún concejal? Un poco sospechoso. / Goikolarra se queja del ruido que hacen los autobuses regulando tiempo en su terminal día tras día. Las quejas son continuas en este buzon, aunque continúa prestando servicio al barrio. Por olarizu no pasa ninguna linea, sabrán agradecérselo mejor. Tanto para líneas diurnas como nocturnas, , no sea que tbien perturbe el sueño y descanso de algún vecino. Debe vivir algún alto cargo que acepta todas las peticiones del barrio. Intereses politicos. Por supuesto que olarizu se construyó mucho antes que goikolarra. / El barrio de Olarizu está totalmente abandonado respecto a líneas de buses. Acaso no pagamos todos los ciudadanos los mismos impuestos? Este barrio ha crecido y se merece que alguna línea de bus lo atraviese. Las paradas que tenemos están algo lejanas respecto a algunas casas. Y respecto al Gautxori, la parada se encuentra en Heraclio Fournier y tenemos que atravesar un tramo bastante oscuro y solitario q"
2026-09-22T10:02:02,TUVISA. Autobuses urbanos,Bux,agradecimiento,0.82,1.0,historia,0.0,1.0,0.0,0.0,0.0,False,2,https://www.vitoria-gasteiz.org/wb021/was/comentarioAction.do?idioma=es&accion=verComentarios&claveAsuntoCom=383157&claveAsuntoGestorCom=817323&claveAreaCom=,Buenos días Otro retraso mas en el bux 4 dias de la semana con retraso superior a 15 minutos llegando a los 25 algun dia Este retraso supone el llegar tarde a clase Como siempre los pueblos dependientes del ayuntamiento de vitoria nos sentimos abandonados Se nos ofrecen unos servicios en muchos casos insuficientes Si se ofrece un servicio a una hora me gustaria que se cumpliera
2026-09-22T10:02:12,TUVISA. Autobuses urbanos,Bux,queja,0.74,0.98,persiste,0.02,0.01,0.85,0.0,0.12,False,2,https://www.vitoria-gasteiz.org/wb021/was/comentarioAction.do?idioma=es&accion=verComentarios&claveAsuntoCom=382778&claveAsuntoGestorCom=816728&claveAreaCom=,Buenos días Contratamos el servicio bux a las 7:30 para que mis hijas bajen a vitoria a estudiar Ayer llego con 20 minutos de retraso y hoy con casi 15 por lo que no llegan a la hora Puedo comprender un retraso de 5 minutos pero 15 o 20 no Gracias
2026-09-22T10:44:16,Limpieza pública,Suciedad,aviso,0.68,1.0,mucha_gente,0.0,0.23,0.01,0.04,0.72,False,2,https://www.vitoria-gasteiz.org/wb021/was/comentarioAction.do?idioma=es&accion=verComentarios&claveAsuntoCom=383446&claveAsuntoGestorCom=817698&claveAreaCom=,Eulogio serdan 14. Estas calles siempre estan sucias o muy sucias. ¿ por que sera?
2026-09-22T10:44:28,Policía Local,"3 Patinadores electricos, 3.",pregunta,1.0,1.0,historia,0.0,0.48,0.0,0.04,0.47,False,1,https://www.vitoria-gasteiz.org/wb021/was/comentarioAction.do?idioma=es&accion=verComentarios&claveAsuntoCom=383493&claveAsuntoGestorCom=817755&claveAreaCom=,Que alguien me explique en qué se está convirtiendo esta ciudad. La foto que adjunto habla por si sola. 3 Patinadores electricos sin casco... Saltándose semáforos..
2026-09-22T10:45:18,Limpieza pública,Ropa tirada por doquier,aviso,0.5,1.0,historia,0.0,0.66,0.0,0.0,0.34,False,2,https://www.vitoria-gasteiz.org/wb021/was/comentarioAction.do?idioma=es&accion=verComentarios&claveAsuntoCom=383445&claveAsuntoGestorCom=817697&claveAreaCom=,Eulogio serdan 19
2026-09-22T11:01:10,Limpieza pública,barredora calle gorbea,queja,0.98,1.0,historia,0.0,0.65,0.3,0.0,0.05,False,2,https://www.vitoria-gasteiz.org/wb021/was/comentarioAction.do?idioma=es&accion=verComentarios&claveAsuntoCom=383498&claveAsuntoGestorCom=817761&claveAreaCom=,creo que hay muchas zonas para pasar la barredora a las 9 menos 5 de la mañana como para ir por la calle gorbea cuando todos los niños van al colegio niño jesus
2026-09-22T11:02:36,Limpieza pública,Los barrenderos se encargan de la limpieza de soportales?,agradecimiento,0.4,1.0,historia,0.0,0.87,0.03,0.0,0.1,False,2,https://www.vitoria-gasteiz.org/wb021/was/comentarioAction.do?idioma=es&accion=verComentarios&claveAsuntoCom=383426&claveAsuntoGestorCom=817678&claveAreaCom=,"Tenía entendido que la limpieza de zonas privadas como son los soportales de las viviendas era asunto de los propietarios, pero habitualmente veo a un barrendero afanado en limpiar hasta la ùltima hoja de los soportales de una zona de una calle. Me parecería estupendo si el resto de la calle estuviera limpio al mismo nivel, pero no es así, por los bordillos de acera se acumulan muchas hojas y otros restos de basuras durante semanas (normalmente hasta que se las lleva el viento a otra parte)."
2026-09-22T11:06:03,Limpieza pública,Suciedad infinita,aviso,0.91,1.0,historia,0.0,0.81,0.0,0.02,0.17,False,2,https://www.vitoria-gasteiz.org/wb021/was/comentarioAction.do?idioma=es&accion=verComentarios&claveAsuntoCom=383433&claveAsuntoGestorCom=817685&claveAreaCom=,"Hoy he pasado en bici por la calle Las Arenas (la de la Mercedes que une desde la rotonda del Black 51 de Zabalgana hasta la rotonda donde empieza el poligono de Jundiz) y me he sorprendido la cantidad de basura que hay, especialmente en la zona del parking y la recta donde aparcan los camiones y entiendo que los incivicos de los conductores comen y tiran sus residuos!!¿Seria posible mandar una patrulla de limpieza? Porque la verdad que es lamentable verlo asi y entiendo que incita a los demas guarros a seguir tirando mierda... luego presumimos de anillo verde... en fin"
2026-09-22T11:08:48,Limpieza pública,Hasta cuando tendremos maleza en las aceras,queja,0.62,1.0,persiste,0.0,0.05,0.8,0.0,0.15,False,2,https://www.vitoria-gasteiz.org/wb021/was/comentarioAction.do?idioma=es&accion=verComentarios&claveAsuntoCom=383413&claveAsuntoGestorCom=817665&claveAreaCom=,"¿A qué tipo de iniciativa responden los hierbajos en las aceras de hace meses? La broma de la biodiversidad acabo en junio y estamos lejos de recuperar las aceras, es una vergüenza. Fotos de Dolores Ibarruri y Gabriel Celaya ¿Falta mucho para que se actúe en la limpieza de las aceras? Muchas sanción para los incívicos ahora que se acercan elecciones, pero ¿Quién sanciona la dejadez del Ayuntamiento?"
2026-09-22T11:16:05,Limpieza pública,"CARRILES BICIS LLENOS DE CASTAÑAS, ERIZOS Y HOJAS",agradecimiento,0.67,1.0,historia,0.0,0.95,0.01,0.0,0.04,False,2,https://www.vitoria-gasteiz.org/wb021/was/comentarioAction.do?idioma=es&accion=verComentarios&claveAsuntoCom=383371&claveAsuntoGestorCom=817631&claveAreaCom=,"El carril bici que transcurre paralelo a la calle Zumabide está rodeado de castaños y se llena de hojas , castañas y erizos de las mismas. Animo a la senadora Artolazabal a la que tanto le gusta la bicicleta (ironic) a que se de una vuelta por el estado de dicho carril. Te juegas una buena leche o que se [Eliminado] la rueda. Por favor limpienlo de vez en cuando. Lo mismo para todos los carriles bicis de la ciudad."
2026-09-22T11:24:32,Limpieza pública,Green Capital o Pig Capital?,aviso,0.77,1.0,historia,0.0,0.98,0.0,0.01,0.01,False,2,https://www.vitoria-gasteiz.org/wb021/was/comentarioAction.do?idioma=es&accion=verComentarios&claveAsuntoCom=383317&claveAsuntoGestorCom=817568&claveAreaCom=,Suciedad en el parque de lakuabizkarra
2026-09-22T11:26:01,Circulación - Tráfico,Semáforos Beato Tomás de Zumárraga,aviso,0.97,1.0,historia,0.0,0.72,0.2,0.01,0.07,False,2,https://www.vitoria-gasteiz.org/wb021/was/comentarioAction.do?idioma=es&accion=verComentarios&claveAsuntoCom=383505&claveAsuntoGestorCom=817771&claveAreaCom=,"Solicito que se revise la sincronización de los semáforos de la calle Beato Tomás de Zumárraga. Actualmente, circulando por esta vía a la velocidad permitida, los semáforos se encuentran configurados de tal manera que, se van poniendo en rojo de forma consecutiva. Sería conveniente estudiar y ajustar la coordinación de los semáforos para que, circulando a la velocidad permitida, estos se vayan encontrando progresivamente en verde. De esta manera se favorecería una circulación más fluida y uniforme, reduciendo las paradas, las aceleraciones y frenadas innecesarias. / Si quitariian todas las dobles filas que se forman de continuo se pasaría de sobra pero aparte se ha dejado con 2 carriles siendo más estrecha si cabe, más si tienes ke sobrepasar vehículos voluminosos ya que soporta mucho tráfico, aparte de acortar tiempo del segundo semáforo"
2026-09-22T11:26:43,Circulación - Tráfico,Semáforo Henry Morton Stanley,aviso,0.82,1.0,mucha_gente,0.0,0.39,0.0,0.0,0.61,False,1,https://www.vitoria-gasteiz.org/wb021/was/comentarioAction.do?idioma=es&accion=verComentarios&claveAsuntoCom=383506&claveAsuntoGestorCom=817772&claveAreaCom=,"Solicito que se valore la instalación de un pulsador para peatones en el semáforo situado en la calle Henry Morton Stanley/Av de los Huetos, junto a la rotonda y el huerto urbano. Actualmente, el semáforo se pone en rojo para los vehículos aunque no haya peatones esperando para cruzar. Al tratarse de un paso de peatones que tiene un uso reducido, esta situación provoca esperas innecesarias para los vehículos y afecta a la fluidez del tráfico. Considero que una posible solución sería instalar un pulsador para que el semáforo se active únicamente cuando haya peatones que necesiten cruzar. De este modo, se mantendría la seguridad del paso de peatones y, al mismo tiempo, se evitarían paradas innecesarias cuando no haya nadie esperando para cruzar."
2026-09-22T11:27:00,Desperfectos en vía pública,plaza juan ayala,aviso,0.69,0.99,historia,0.01,0.83,0.1,0.0,0.06,False,2,https://www.vitoria-gasteiz.org/wb021/was/comentarioAction.do?idioma=es&accion=verComentarios&claveAsuntoCom=383499&claveAsuntoGestorCom=817762&claveAreaCom=,es increible que esté tan descuidada necesita mejora urgente
2026-09-22T11:27:04,Limpieza pública,Suciedad y botellas,agradecimiento,0.75,1.0,persiste,0.0,0.04,0.92,0.0,0.04,False,2,https://www.vitoria-gasteiz.org/wb021/was/comentarioAction.do?idioma=es&accion=verComentarios&claveAsuntoCom=383288&claveAsuntoGestorCom=817539&claveAreaCom=,"El estado lamentable en el que amanece la calle Domingo Beltrán todos los fines de semana, una situación que hoy se repite desde los números 29 al 47 y del 34 al 59, incluyendo las dos plazas de la zona, que a estas horas siguen sin limpiarse. Este problema es recurrente y está provocado por la gran marea de personas que baja hacia los bares ubicados en Domingo Beltrán 41, 43 y 45, así como a la calle Basoa. A su paso, dejan un reguero continuo de suciedad, botellas y botellines, acompañado de constantes gritos y problemas de civismo que impiden el descanso vecinal. Rogamos que se tomen medidas preventivas o de vigilancia para atajar este incivismo crónico de los fines de semana"
2026-09-22T11:28:01,Zonas verdes,Parque de Borinbizkarra,queja,0.69,1.0,historia,0.0,0.48,0.28,0.0,0.25,False,2,https://www.vitoria-gasteiz.org/wb021/was/comentarioAction.do?idioma=es&accion=verComentarios&claveAsuntoCom=383491&claveAsuntoGestorCom=817753&claveAreaCom=,"El césped del parque de Borinbizkarra se encuentra en muy mal estado, con zonas secas, tierra al descubierto y acumulación de restos vegetales. Solicito que se revise la zona, se limpien los restos, se programen los aspersores de manera adecuada y se realicen los trabajos necesarios para recuperar el césped."
2026-09-22T11:28:26,Zonas verdes,Parque de Borinbizkarra,agradecimiento,0.79,1.0,historia,0.0,0.52,0.45,0.0,0.03,False,2,https://www.vitoria-gasteiz.org/wb021/was/comentarioAction.do?idioma=es&accion=verComentarios&claveAsuntoCom=383480&claveAsuntoGestorCom=817735&claveAreaCom=,"Escribo nuevamente por el mal estado del césped del parque de Borinbizkarra. A día de hoy, la situación continúa sin cambios: siguen existiendo grandes zonas completamente secas, con el terreno prácticamente al descubierto y una considerable acumulación de hierba seca y suciedad. Desde la comunicación anterior no he observado que se haya realizado ninguna actuación de mantenimiento ni que personal de jardinería haya acudido a revisar el estado de la zona. Por ello, solicito nuevamente que se revise la situación y que se adopten las medidas necesarias para recuperar y mantener adecuadamente este espacio público. Asimismo, agradecería que se informara sobre si está prevista alguna actuación y, en su caso, cuándo se tiene previsto realizarla. Es vergonzoso que presumamos de “amplios espacios verdes” y luego se encuentren en estas condiciones. Vas a cualquier ciudad y te encuentras los jardines verdes de los cuales la población puede disfrutar. Aquí es imposible."
2026-09-22T11:29:10,Zonas verdes,Ramas para sacarte un ojo,queja,0.39,1.0,historia,0.0,0.69,0.04,0.0,0.26,False,2,https://www.vitoria-gasteiz.org/wb021/was/comentarioAction.do?idioma=es&accion=verComentarios&claveAsuntoCom=383478&claveAsuntoGestorCom=817731&claveAreaCom=,"En la plaza entre Pintor Ortiz de Urbina y Pintor Ángel Saenz de Ugarte tenemos: - ramas de arboles a la altura del hombro y de los ojos - huecos para árboles que murieron hace mucho tiempo y ahí se han quedado - hierbajos por la acera ¿Es posible actuar para que al menos no nos saquemos un ojo? Supongo que como en otras múltiples zonas la sustitución de árboles no está contemplada (brown capital), pero al menos actuar sobre los vivos, no estaría de más."
2026-09-22T11:33:29,Zonas verdes,Arboles en carril bici,agradecimiento,0.89,1.0,mucha_gente,0.0,0.24,0.0,0.0,0.75,True,3,https://www.vitoria-gasteiz.org/wb021/was/comentarioAction.do?idioma=es&accion=verComentarios&claveAsuntoCom=383504&claveAsuntoGestorCom=817770&claveAreaCom=,"En la esquina de la plaza Lobaina con el parque de Arriaga sobresalen las ramas de unos árboles sobre el carril bici, pudiendo ocasionar accidentes. Agradecería la poda de estos arbustos. / Doy fe de ello, es muy peligroso. Pero no es la plaza Lovaina, es la plaza América Latina. Un saludo."
2026-09-22T11:37:00,Limpieza pública,SUCIEDAD CALLE FUEROS,aviso,0.62,1.0,historia,0.0,0.88,0.11,0.0,0.0,False,2,https://www.vitoria-gasteiz.org/wb021/was/comentarioAction.do?idioma=es&accion=verComentarios&claveAsuntoCom=383234&claveAsuntoGestorCom=817485&claveAreaCom=,"vecinos calle Fueros 11 cansados de la suciedad de la calle.Tras las fiestas su ruido y suciedad, se trasladaron los contenedores frente al portal por las obras con sus olores y más ruidos ,ya se han retirado pero no se ha limpiado y hay grandes man chas de grasa en la calle.Urge su limpieza"
2026-09-22T11:39:25,Taxis,Falta de taxis y deficiencias graves en el servicio de Vitoria-Gasteiz,queja,0.45,1.0,persiste,0.0,0.0,0.97,0.0,0.03,False,9,https://www.vitoria-gasteiz.org/wb021/was/comentarioAction.do?idioma=es&accion=verComentarios&claveAsuntoCom=381834&claveAsuntoGestorCom=815400&claveAreaCom=,"La situación actual del taxi en Vitoria-Gasteiz es claramente insuficiente. Ya no se trata solo de los sábados por la noche, fiestas o momentos puntuales de gran demanda. Conseguir un taxi puede resultar complicado cualquier día: un domingo, un lunes, cuando llueve o en determinadas franjas horarias. Hoy, domingo 6 de septiembre de 2026, llevo más de media hora intentando solicitar un taxi y ni siquiera atienden el teléfono. Y esto no es un problema desconocido. El propio Ayuntamiento ha reconocido la falta de disponibilidad, ha intentado establecer guardias obligatorias y ha anunciado nuevas licencias. Los datos hablan por sí solos. Vitoria-Gasteiz cuenta con 194 licencias de taxi y una ratio de solo 0,74 taxis por cada 1.000 habitantes, frente a 1,14 en Gijón, 1,62 en Donostia-San Sebastián y 2,22 en Bilbao. Es decir, Bilbao dispone proporcionalmente de unas tres veces más taxis por habitante que Vitoria-Gasteiz. Por tanto, no estamos hablando únicamente de una percepción de los usuarios: existe un problema evidente de oferta. Lo que no resulta razonable es que cada vez que se intenta regular el servicio para garantizar una cobertura mínima aparezcan recursos, oposición y trabas por parte del propio sector. El taxi es una actividad privada que presta un servicio público regulado. No puede pretenderse mantener un mercado limitado y, al mismo tiempo, rechazar las medidas necesarias para garantizar que funcione correctamente. Si faltan taxis, deben concederse más licencias. Si"
2026-09-22T11:57:19,Limpieza pública,Caseta abandonada,agradecimiento,0.89,1.0,historia,0.0,0.95,0.0,0.0,0.05,False,2,https://www.vitoria-gasteiz.org/wb021/was/comentarioAction.do?idioma=es&accion=verComentarios&claveAsuntoCom=383219&claveAsuntoGestorCom=817470&claveAreaCom=,"¡Buenas tardes! Hay una caseta deteriorada con grafitis y con basura en calle Tridente, junto avda Goleta , Necesita que se limpie la zona y retiren residuos y grafitis . Muchas gracias por vuestra colaboración."
2026-09-22T12:29:42,Mobiliario urbano,Mantenimiento parques infantiles,agradecimiento,0.9,0.99,historia,0.01,0.65,0.29,0.0,0.04,False,2,https://www.vitoria-gasteiz.org/wb021/was/comentarioAction.do?idioma=es&accion=verComentarios&claveAsuntoCom=383512&claveAsuntoGestorCom=817786&claveAreaCom=,"los equipamientos y columpios están visiblemente viejos, desgastados y, en muchos casos, directamente rotos, lo que representa un riesgo evidente para la seguridad de los menores. Es especialmente sangrante el abandono de los elementos de madera, los cuales carecen de cualquier tipo de mantenimiento básico: no se barnizan, no se lijan ni se pintan de manera regular, provocando que la madera se astille y degrade con rapidez. En segundo lugar, la falta de limpieza en el suelo de estas instalaciones es insostenible. Es habitual encontrar las zonas de juego llenas de basura acumulada, como latas de bebida, plásticos y cáscaras de pipas. Las brigadas de limpieza no pasan con la frecuencia necesaria para mantener un espacio higiénico. No debemos olvidar que estamos hablando de zonas destinadas a niños pequeños, quienes pasan mucho tiempo jugando en el suelo y se llevan a la boca o manipulan cualquier objeto o suciedad que encuentran a su alcance, con el evidente riesgo sanitario que ello conlleva."
2026-09-22T12:35:14,Moverse en bicicleta,Formulario de marcha de la semana de movilidad no funciona,agradecimiento,0.35,1.0,persiste,0.0,0.42,0.54,0.0,0.03,False,3,https://www.vitoria-gasteiz.org/wb021/was/comentarioAction.do?idioma=es&accion=verComentarios&claveAsuntoCom=382812&claveAsuntoGestorCom=816800&claveAreaCom=,"He intentado inscribirme en la marcha ciclista de la semana de movilidad que aparece en el siguiente enlace: https://www.vitoria-gasteiz.org/wb021/was/contenidoAction.do?idioma=es&uid=u526aebdd_19f88029aa2__1e13 Pero no funciona. Solicito su reparación. / Realizada la inscripción, no he recibido en el email de respuesta el número que se supone que hay que presentar el día de la marcha."
2026-09-22T12:39:25,Señalización y balizamiento,Señalización/ barreras por zona peatonal de honduras,agradecimiento,0.59,1.0,historia,0.0,0.85,0.03,0.01,0.1,False,2,https://www.vitoria-gasteiz.org/wb021/was/comentarioAction.do?idioma=es&accion=verComentarios&claveAsuntoCom=383515&claveAsuntoGestorCom=817794&claveAreaCom=,"Abro este asunto, con la intención de conseguir que se señalice, balice o se haga lo posible para poner las máximas trabas a las bicicletas y patines que van por la zona peatonal de la calle honduras desde la calle don vela hasta la calle san Viator, los ciclistas y los patines van a velocidades excesivas, esquivando a los viandantes como si fuera una gimkana, e incluso en el tramo paralelo a la parada de honduras, cuando tienen un carril bici a escaso tres metros. Los que transitamos por esa zona hemos presenciado más de una vez ioncidentes. Quizás con unas vallas cruzadas sería suficiente. Gracias"
2026-09-22T13:34:21,Limpieza pública,Caquitas del perrito en la calle Larrabazterra número 3,queja,0.47,1.0,historia,0.0,0.8,0.1,0.0,0.1,True,2,https://www.vitoria-gasteiz.org/wb021/was/comentarioAction.do?idioma=es&accion=verComentarios&claveAsuntoCom=383488&claveAsuntoGestorCom=817747&claveAreaCom=,"Lo primero, no son los vecinos de Larrabazterra 3, son los vecinos de Larrabazterra 1, es el adosado que hace esquina. Y ya está bien!! La calle llena de [Eliminado] de este perro!! Ya sé que no es justo, que deberían de salir ellos (los dueños) a limpiarlo, pero por lo menos, que se pase algún/a empleado/a, que les acerque unas escobas y que lo limpien!! Banda de guarros!! / Como digo, es tremendo, que por esta banda de cerdos tengan que ir los servicios del ayuntamiento a limpiar lo que ellos dejan. Se les debería multar, es muy sencillo, creo recordar que hay alguna prueba que se puede hacer a las heces para saber de qué can son, y ya os digo yo que son de ese perro, y a parte de una buena multa por guarros obligarles a limpiarlo ellos. A ver si así aprenden. Para un funcionamiento más eficaz del buzón ciudadano, este comentario se ha trasladado a Seguridad ciudadana: policía y bomberos/as - Policía Local ."
2026-09-22T13:34:55,Desperfectos en vía pública,Baldosas sueltas,aviso,0.81,1.0,historia,0.0,0.97,0.0,0.0,0.03,False,2,https://www.vitoria-gasteiz.org/wb021/was/comentarioAction.do?idioma=es&accion=verComentarios&claveAsuntoCom=383522&claveAsuntoGestorCom=817810&claveAreaCom=,En la calle Vitoria se mueven las baldosas
2026-09-22T13:39:25,Ocupación de la vía pública,Terrazas en judimendi,pregunta,0.43,1.0,historia,0.0,0.58,0.41,0.0,0.0,False,1,https://www.vitoria-gasteiz.org/wb021/was/comentarioAction.do?idioma=es&accion=verComentarios&claveAsuntoCom=383527&claveAsuntoGestorCom=817817&claveAreaCom=,Llega un sábado o domingo y los locales sacan mesas y mesas a toda la zona peatonal. No son las marcadas por el reglamento ni en número ni en forma de licencias ( pegadas a la fachada). Desde luego no pagan por todas ellas. A la noche muchas terrazas se quedan en la calle. No pasa ningún inspector por la zona.
2026-09-22T13:40:21,Alumbrado público,Iluminación parque de Arriaga,aviso,0.7,1.0,historia,0.0,0.79,0.02,0.0,0.19,False,1,https://www.vitoria-gasteiz.org/wb021/was/comentarioAction.do?idioma=es&accion=verComentarios&claveAsuntoCom=383528&claveAsuntoGestorCom=817819&claveAreaCom=,- Falta de iluminación en el Parque de Arriaga. Cerca de la ermita hay una farola fundida
2026-09-22T13:42:08,Otros vía pública,Parque de Judimendi,aviso,0.59,1.0,historia,0.0,0.73,0.0,0.0,0.26,False,1,https://www.vitoria-gasteiz.org/wb021/was/comentarioAction.do?idioma=es&accion=verComentarios&claveAsuntoCom=383529&claveAsuntoGestorCom=817820&claveAreaCom=,- Parque de Judimendi: los perros juegan fuera de su zona y además van sueltos
2026-09-22T13:42:35,TUVISA. Autobuses urbanos,Los asientos reservados deben estar libres,queja,0.54,1.0,historia,0.0,0.75,0.21,0.0,0.04,False,2,https://www.vitoria-gasteiz.org/wb021/was/comentarioAction.do?idioma=es&accion=verComentarios&claveAsuntoCom=383511&claveAsuntoGestorCom=817785&claveAreaCom=,"No son asientos comunes que se ceden si alguien lo pide; su función es estar disponibles para que una persona que los necesita no tenga que pasar por el mal trago de pedirle a nadie que se levante, ni dar explicaciones sobre sus problemas de salud. Las excusas de ""es que si viene alguien me levanto"" o juzgar si a alguien se le nota más o menos una lesión en la calle están fuera de lugar. Lamentablemente, a veces falta mucha empatía y civismo en el transporte público."
2026-09-22T13:45:11,Mobiliario urbano,Bancos,aviso,0.67,1.0,historia,0.0,0.54,0.0,0.0,0.46,False,2,https://www.vitoria-gasteiz.org/wb021/was/comentarioAction.do?idioma=es&accion=verComentarios&claveAsuntoCom=383530&claveAsuntoGestorCom=817822&claveAreaCom=,- Piden poner bancos largos al lado del cole de Judimendi
2026-09-22T13:49:36,Otros vía pública,Perros sueltos,aviso,0.94,1.0,historia,0.0,0.82,0.01,0.0,0.17,False,1,https://www.vitoria-gasteiz.org/wb021/was/comentarioAction.do?idioma=es&accion=verComentarios&claveAsuntoCom=383533&claveAsuntoGestorCom=817827&claveAreaCom=,Quería saber si los perros pueden ir sueltos por la trasera de Antonio Amat Maiz. Todos los días hay perros sueltos en el área de juego 196 y por toda la zona de Larrein. Desde el parque hasta el puente grande que conecta con Boulevard de Salburua.
2026-09-22T13:50:02,Mobiliario urbano,Zona de las Universidades,aviso,0.93,1.0,mucha_gente,0.0,0.19,0.0,0.0,0.8,False,1,https://www.vitoria-gasteiz.org/wb021/was/comentarioAction.do?idioma=es&accion=verComentarios&claveAsuntoCom=383534&claveAsuntoGestorCom=817828&claveAreaCom=,- Piden arreglar los columpios de la zona de las universidades. Área 63
2026-09-22T14:07:50,TUVISA. Autobuses urbanos,Tuvisa,queja,0.59,1.0,persiste,0.0,0.14,0.85,0.01,0.01,False,3,https://www.vitoria-gasteiz.org/wb021/was/comentarioAction.do?idioma=es&accion=verComentarios&claveAsuntoCom=383444&claveAsuntoGestorCom=817696&claveAreaCom=,"En reiteradas ocasiones he visto y sufrido cómo l@s conductor@s de las líneas de autobuses de TUVISA dejan a los usuarios que justo llegan a la puerta de subida al autobús tras haberla cerrado, en la calle. Después arrancan y se van dejando a los usuarios completamente ridiculizados. La última vez hoy en la línea 4 en la parada de la catedral a las 20.10 horas. Hay alguna nor.a que impida la apertura de la puerta si aún no han arranacado? / Acaso el tranvía, tren, avión, etc te abren la puerta porque siempre hay alguien que llegue tarde una vez cerradas por respeto a los que van dentro a veces a trabajar, colegio, médico etc .? Igual se le cierra el semáforo y así continuamente. Lo he visto en la parada de la 7 y 6 de paz y en las de olaguibel. Eso según tu es dar agilidad o entorpecer? Hay alguna norma que obligue a abrir las una vez hayan subido todos los pasajeros que estaban esperando en la parada?"
2026-09-22T14:08:14,TUVISA. Autobuses urbanos,Línea 11,queja,0.86,1.0,historia,0.0,0.59,0.0,0.0,0.4,False,2,https://www.vitoria-gasteiz.org/wb021/was/comentarioAction.do?idioma=es&accion=verComentarios&claveAsuntoCom=383523&claveAsuntoGestorCom=817811&claveAreaCom=,Piden una parada de la línea 11 en Abetxuko
2026-09-22T14:10:20,TUVISA. Autobuses urbanos,Queja autobús 58,pregunta,0.49,0.99,historia,0.01,0.54,0.43,0.0,0.03,False,3,https://www.vitoria-gasteiz.org/wb021/was/comentarioAction.do?idioma=es&accion=verComentarios&claveAsuntoCom=383141&claveAsuntoGestorCom=817288&claveAreaCom=,"Buenos días, Día si y día también hay problemas con el bus que sale a las 7:15 de goikolarra. Vienen desde su casa y encima llegan tarde. Hoy, a las 7:15 no había ningún bus en la parada y un montón de gente esperando. A las 7:17 ha venido un bus (sin letrero) y nos hemos montado todos. De repente, pasa otra bus (también sin letrero) y sin parar en la parada, y va el chofer del bus 58 y nos dice que el sale a y 25, y que el de y 15 es el que acaba de pasar sin parar. Le decimos que llame y que de la vuelta porque no ha parado y nos contesta que no es su problema. En fin, el trato de vuestros trabajadores cada vez es más nefasto, lo suyo es que si va a una parada y aún no va a salir porque falta el anterior lo diga para que la gente no se monte y sino que ponga el [Eliminado] cartel. Estamos hartos, que llegamos tarde a trabajar [Eliminado] / Si no quieres llegar tarde al trabajo no vayas en bus. Si te empeñas, sal como mínimo una hora antes, como si.tu trabajo estuviese en Bilbao"
2026-09-22T14:12:38,TUVISA. Autobuses urbanos,Queja por denegación de embarque y reincidencia – BEI (Línea A),pregunta,0.71,1.0,historia,0.0,0.55,0.14,0.0,0.31,False,4,https://www.vitoria-gasteiz.org/wb021/was/comentarioAction.do?idioma=es&accion=verComentarios&claveAsuntoCom=382855&claveAsuntoGestorCom=816853&claveAreaCom=,"Deseo interponer una queja por la conducta del conductor del BEI (Línea A) ocurrida la mañana del 15 de septiembre de 2026. ​Línea: BEI (Línea A) ​Parada: Jacinto Benavente 7 ​Hora de salida de cabecera (Bulevar de Salburua): 09:34 h ​Hechos: El autobús procedente del Bulevar de Salburua realizó la parada en Jacinto Benavente 7, donde accedieron dos personas. En ese momento, otros dos usuarios y yo estábamos terminando de validar el billete en la marquesina. ​Me posicioné rápidamente enfrente de la puerta delantera para indicarle al conductor que íbamos a subir. El conductor me miró de forma directa a la cara, me vio perfectamente y, de manera deliberada, cerró la puerta en mis narices y arrancó el vehículo, dejándonos en la parada en pleno proceso de embarque. ​Quiero destacar que no es la primera vez que presencio o sufro este tipo de comportamiento por parte de este mismo conductor, lo que demuestra una clara falta de profesionalidad y un patrón de conducta reincidente. ​Dado que el vehículo salió del Bulevar a las 09:34 h, solicito que se utilicen los registros GPS de TUVISA para identificar al conductor, se revisen las actuaciones, se tomen las medidas disciplinarias oportunas y se me informe de las acciones adoptadas. / Hay que estar en la parada con tiempo suficiente para validar la tarjeta antes. / Como para coger un tren o avión y llegues tarde, van a esperar por ti por respeto a los pasajeros que van dentro. Vete 5 minutos antes y no hagas esperar al resto que segur"
2026-09-22T14:12:47,TUVISA. Autobuses urbanos,Queja por denegación de embarque y reincidencia – BEI (Línea A),pregunta,0.56,1.0,historia,0.0,0.78,0.01,0.0,0.21,False,2,https://www.vitoria-gasteiz.org/wb021/was/comentarioAction.do?idioma=es&accion=verComentarios&claveAsuntoCom=382854&claveAsuntoGestorCom=816852&claveAreaCom=,"Deseo interponer una queja por la conducta del conductor del BEI (Línea A) ocurrida la mañana del 15 de septiembre de 2026. ​Línea: BEI (Línea A) ​Parada: Jacinto Benavente 7 ​Hora de salida de cabecera (Bulevar de Salburua): 09:34 h ​Hechos: El autobús procedente del Bulevar de Salburua realizó la parada en Jacinto Benavente 7, donde accedieron dos personas. En ese momento, otros dos usuarios y yo estábamos terminando de validar el billete en la marquesina. ​Me posicioné rápidamente enfrente de la puerta delantera para indicarle al conductor que íbamos a subir. El conductor me miró de forma directa a la cara, me vio perfectamente y, de manera deliberada, cerró la puerta en mis narices y arrancó el vehículo, dejándonos en la parada en pleno proceso de embarque. ​Quiero destacar que no es la primera vez que presencio o sufro este tipo de comportamiento por parte de este mismo conductor, lo que demuestra una clara falta de profesionalidad y un patrón de conducta reincidente. ​Dado que el vehículo salió del Bulevar a las 09:34 h, solicito que se utilicen los registros GPS de TUVISA para identificar al conductor, se revisen las actuaciones, se tomen las medidas disciplinarias oportunas y se me informe de las acciones adoptadas."
2026-09-22T14:15:28,TUVISA. Autobuses urbanos,Transporte público tercermundista,aviso,0.82,1.0,historia,0.0,0.89,0.1,0.0,0.0,False,2,https://www.vitoria-gasteiz.org/wb021/was/comentarioAction.do?idioma=es&accion=verComentarios&claveAsuntoCom=382038&claveAsuntoGestorCom=815647&claveAreaCom=,"He consultado en Google Maps el tiempo que se necesita para llegar a la estación de autobuses desde Gamarra Mayor. La información que me indica es: 7 minutos en coche, 51 minutos andando, 11 minutos en bici y 36 MINUTOS en TRANSPORTE PÚBLICO. Por circunstancias, tendría que ir en transporte público pero que cueste 36 minutos me parece un despropósito. Añado que últimamente el bus que llega a Gamarra llega con retraso, cómo cálculo cuánto tiempo necesito para llegar teniendo en cuenta que tengo que llegar a la estación a una hora concreta? ES UNA ABSOLUTA VERGÜENZA / Mucho se habla de cómo ha mejorado el transporte público. Supongo que será porque hay muchos ciudadanos que lo usan aunque no dicen nada de lo lento qué es, convirtiéndole en INEFICAZ. Para comprobar esto sólo hay que fijarse en el tipo de usuarios. No verás trabajadores dado que tienen que cumplir unos horarios de llegada o que al final de la jornada ya no hay servicio o que tengan que realizar algún transbordo porque se eterniza el tiempo del desplazamiento. La mayoría son personas mayores (que no tienen prisa) o migrantes, la mayoría mujeres, ambos colectivos no tienen otro medio para desplazarse. Sin embargo en el tranvía, debido a que es ágil, si lo utilizan todo tipo de ciudadanos. La única línea que es algo más rápida es el BEI, salvo que te toque la regulación horaria en el boulevard o los fines de semana. El transporte público debería servir para desplazamientos rápidos no para recorrer Vitoria como si fu"
2026-09-22T14:16:44,TUVISA. Autobuses urbanos,Línea 5 Jundiz,pregunta,0.97,0.99,historia,0.01,0.56,0.4,0.0,0.03,False,2,https://www.vitoria-gasteiz.org/wb021/was/comentarioAction.do?idioma=es&accion=verComentarios&claveAsuntoCom=382699&claveAsuntoGestorCom=816603&claveAreaCom=,"Me gustaría saber por qué la línea 5 juneiz en el ambulatorio Olaguibel solo deja bajar gente pero no recoge, no es la primera vez que pasa y en los paneles informativos cuenta como parada, Me gustaría saber el motivo. Ha pasado uno a las 14:47 q es lo q marcaba el panel y no ha dejado subir a nadie . Otra vez a esperar 10’ . Mal servicio . Lo tendré en cuenta"
2026-09-22T14:17:26,TUVISA. Autobuses urbanos,Queja sobre el servicio BUX y la atención telefónica,queja,0.94,1.0,historia,0.0,0.89,0.08,0.01,0.01,False,4,https://www.vitoria-gasteiz.org/wb021/was/comentarioAction.do?idioma=es&accion=verComentarios&claveAsuntoCom=341493&claveAsuntoGestorCom=757544&claveAreaCom=,"1- Me gustaría presentar una queja formal sobre el servicio BUX ¿Cómo lo hago? 2- La aplicación móvil del servicio presenta fallos con frecuencia, lo que obliga a recurrir a la atención telefónica. El trato recibido en dicho canal es inaceptable. En concreto, una de las personas que atiende las llamadas lo hace de manera completamente inapropiada, con faltas de respeto continuas y colgando el teléfono mientras hablas. Hoy nos ha contestado: ""ya he cerrado el ordenador y no tengo por qué abrirlo"", 5 minutos antes de que se acabara el servicio. Es una falta de profesionalidad completa y el único responsable es el ayuntamiento. Ni yo ni otras personas de mi entorno, hemos logrado tener una conversación en condiciones con dicha trabajadora. Hemos vivido situaciones verdaderamente lamentables, como ver a una persona mayor terminar llorando de impotencia tras intentar, sin éxito, gestionar su billete con ayuda de esta operadora. Todos los usuarios e incluso los taxistas saben quién es esta persona y hay infinidad de quejas sobre el servicio. Quiero dejar claro que, aunque el servicio esté gestionado por una empresa contratada, el Ayuntamiento es responsable tanto del servicio como de la empresa a la que delega su gestión. No se trata de una queja puntual ni aislada: son varias las personas que han manifestado su malestar con esta misma trabajadora. Considero urgente que se tomen medidas para revisar tanto el funcionamiento técnico de la aplicación como la calidad del servicio de at"
2026-09-22T14:18:19,TUVISA. Autobuses urbanos,Queja al BEI,agradecimiento,0.78,1.0,persiste,0.0,0.25,0.74,0.0,0.01,False,12,https://www.vitoria-gasteiz.org/wb021/was/comentarioAction.do?idioma=es&accion=verComentarios&claveAsuntoCom=339931&claveAsuntoGestorCom=755032&claveAreaCom=,"El día 8 de Abril cogí el BEI como todos los días para ir a trabajar como sanitaria al edificio de CCEE. Siempre voy bien agarrada porque no hay día que de uno o varios frena os en seco. Ese día como estábamos llegando a mi parada me solté de la barra y comencé a caminar hacia la puerta, cual fue mi sorpresa que el BEI freno en seco a causa de otro vehículo y varios pasajeros acabamos en el suelo. La conductora tardó varios minutos en entrar desde la calle por la puerta de atrás del bus y lo único que pregunto fue si alguien había visto lo que había sucedido, el estado de los viajeros que estábamos tirados le traía sin cuidado, fui trasladada a urgencias en ambulancia. Diagnóstico fractura de vertebra y a la espera de entrar en quirófano. En las oficinas de Tuvisa se me proporciono la documentación necesaria para la mutua tras amenazar con acudir a la Ertzaina a poner una denuncia Agradezco aTuvisa y al ayuntamiento la empatía y poca humanidad de la conductora ese día. Creo que somos ciudadanos no ganado un saludo de una ciudadana muy indignada / En respuesta a mi queja sobre el accidente en el BEI no me sirven las lamentaciones ni las quejas a la conductora puesto que esto pasa muy a menudo por desgracia lo veo continuamente (frenazos en seco, velocidad a más de 30km/h....) yo estoy de baja por itinerere pero las secuelas quien me las va a abonar...es lamentable el servicio del BEI y es denunciable. / Vete al juzgado y denuncia y el si sale a tu favor la compañía de seguros "
2026-09-22T14:19:26,Zonas verdes,Calle Dolores Ibarruri Gomez,agradecimiento,0.81,1.0,persiste,0.0,0.29,0.71,0.0,0.0,True,3,https://www.vitoria-gasteiz.org/wb021/was/comentarioAction.do?idioma=es&accion=verComentarios&claveAsuntoCom=381683&claveAsuntoGestorCom=815205&claveAreaCom=,"Pues de paso avisen a jardines porque empezaron a acondicionar los nuevos jardines creados en esas zonas y aledañas y están que dan pena, todo seco, con malas hierbas de 1,5mts, el césped que se sembró seco.... Lo único que se está haciendo desde hace unas semanas es regar los arboles con manguera pero porque ya estaban medio muertos / Seguimos igual Aquí no viene nadie Zonas de jardines nuevas, creadas en abril/mayo y totalmente abandonadas... / Y ésta no es de las que peor está... / Espero que así sea y se haga algo"
2026-09-22T14:19:51,Página web,Enlace desactualizado 'Catálogo online' de bibliotecas,aviso,0.67,1.0,persiste,0.0,0.3,0.69,0.0,0.01,False,2,https://www.vitoria-gasteiz.org/wb021/was/comentarioAction.do?idioma=es&accion=verComentarios&claveAsuntoCom=383191&claveAsuntoGestorCom=817418&claveAreaCom=,"Hola, En la web del ayuntamiento, entrando en la información sobre alguna de las bibliotecas municipales, hay un apartado llamado ""Catálogo Online"", que conecta con el Catálogo de todas las bibliotecas de Euskadi y permite buscar libros, reservarlos, prorrogar préstamos,... El enlace no funciona (ver anexo que os envio). El motivo creo que es que la página a la que accede se ha rediseñado hace poco y el enlace anterior ya no funciona. Un saludo."
2026-09-22T14:22:16,Moverse en bicicleta,Iluminación en los aparcabicis,queja,0.42,1.0,mucha_gente,0.0,0.49,0.0,0.0,0.51,False,2,https://www.vitoria-gasteiz.org/wb021/was/comentarioAction.do?idioma=es&accion=verComentarios&claveAsuntoCom=383298&claveAsuntoGestorCom=817549&claveAreaCom=,"Sería conveniente que los ""aparcamientos seguros para bicis VGbiziz"" dispusieran de iluminación automática interna. La sensación de noche de estar en un recinto cerrado a oscuras no facilita el uso."
2026-09-22T14:22:22,TUVISA. Autobuses urbanos,Gautxori G6,queja,0.89,1.0,persiste,0.0,0.03,0.79,0.0,0.18,False,2,https://www.vitoria-gasteiz.org/wb021/was/comentarioAction.do?idioma=es&accion=verComentarios&claveAsuntoCom=381804&claveAsuntoGestorCom=815370&claveAreaCom=,"Los Gautxoris d Salburua cada vez llegan más tarde, ayer el de la 1:30 h salió de la parada del Corte Inglés a las 2 h. Me parece una vergüenza este servicio que se da. Creo que con poner otro autobús se solucionaría el problema. VERGONZOSO EL SERVICIO DE GAUTXORI."
2026-09-22T14:23:39,TUVISA. Autobuses urbanos,Gautxori G2,agradecimiento,0.55,1.0,historia,0.0,0.43,0.23,0.0,0.35,False,2,https://www.vitoria-gasteiz.org/wb021/was/comentarioAction.do?idioma=es&accion=verComentarios&claveAsuntoCom=381822&claveAsuntoGestorCom=815388&claveAreaCom=,"Ayer sábado, 5 de septiembre el gautxori que debía de salir a las 2 desde Jesús Guridi llevaba un retraso de casi media hora. Es una vergüenza, la gente se tuvo que ir andando a casa y no es la primera vez que pasa. Si el problema es por falta de autobuses que pongan más que para eso pagamos impuestos. Y ya de paso quiero proponer que en Olarizu se ponga paradas ""morea"" como tienen todos los barrios. La parada donde te deja el bus está bastante lejos de la barriada de Olarizu, apenas hay luz y es peligroso ir de noche. Espero que estas peticiones se tomen en cuenta."
2026-09-22T14:24:03,TUVISA. Autobuses urbanos,Queja por un autobús lineal 6,aviso,0.54,1.0,historia,0.0,0.84,0.16,0.0,0.0,False,3,https://www.vitoria-gasteiz.org/wb021/was/comentarioAction.do?idioma=es&accion=verComentarios&claveAsuntoCom=382063&claveAsuntoGestorCom=815680&claveAreaCom=,"Una vergüenza!! El pasado domingo esperando al autobús 6 con matrícula [Eliminado], levantamos 3 chicas la mano y no paró el bus, lo alcanzamos al estar el semáforo en rojo y no fue capaz de abrirnos, ni admitir su error. Por lo que tuvimos que esperar otros 20 minutos al siguiente / ¡Qué raro suena eso! ¿Las tres?¿Qué levantasteis la mano? Igual lo de levantar la mano fue cuando el autobús ya había pasado la parada. Os pensáis que frenar un vehículo de ese tamaño es igual que frenar una bicicleta. Para otra vez levantáis la mano antes y con tiempo y la dejáis levantada hasta que os vea el conductor."
2026-09-22T14:24:30,Policía Local,Impunidad patinetes y bicis,queja,0.8,1.0,historia,0.0,0.92,0.0,0.0,0.08,False,1,https://www.vitoria-gasteiz.org/wb021/was/comentarioAction.do?idioma=es&accion=verComentarios&claveAsuntoCom=383539&claveAsuntoGestorCom=817836&claveAreaCom=,Se debería luchar algo para conseguir que patinetes y bicicletas respeten los semáforos. También para ciclomotores y motocicletas que utilizan los carriles bus taxi con total libertad.
2026-09-22T14:26:13,TUVISA. Autobuses urbanos,gautxori G2,pregunta,0.39,1.0,mucha_gente,0.0,0.18,0.16,0.0,0.66,False,3,https://www.vitoria-gasteiz.org/wb021/was/comentarioAction.do?idioma=es&accion=verComentarios&claveAsuntoCom=382029&claveAsuntoGestorCom=815638&claveAreaCom=,"Y otra vez, este sábado cogiendo el gautxori G2 vuelve a parar donde le da la gana. Cada dia las paradas cambian, si le pides subir a goikolarra unas veces para en el larrain y otras en zalduondo, el otro dia no para en el pueblo y otras veces si… en que quedamos? Que paradas son en las que para? Hay que solicitar exactamente en que parada quieres bajarte? Que alguien me lo explique porque encima si les dices algo nunca vas a tener la razon… QUE VERGÜENZA DE ORGANIZACION Y QUE POCA AMABILIDAD EN LOS GAUTXORIS. / La parada de goikolarra se entiende que es la de la residencia. No la de zalduondo. Donde paran la 3/9 para regular por el día es a demanda ( mujeres y menores de 18 años únicamente). Para ello tienes ke avisar previamente al conductor porque no está incluida en el recorrido habitual. Así esta puesto en la web. La del pueblo es la de los columpios."
2026-09-22T14:26:33,Seguridad vial,Peligro Victoria Kent - Iruña Veleia,aviso,0.92,1.0,persiste,0.0,0.16,0.8,0.0,0.04,False,3,https://www.vitoria-gasteiz.org/wb021/was/comentarioAction.do?idioma=es&accion=verComentarios&claveAsuntoCom=298797&claveAsuntoGestorCom=690313&claveAreaCom=,"La esquina de Victoria Kent con Iruña Veleia es un peligro. Es una zona de paso habitual de personas con perros y niñ@s. El hay bastante flujo de coches provenientes de garajes. Además está el puente peatonal para pasar al otro lado de las vías, lo que hace que esa esquina sea muy utilizada como paso habitual. Los pasos de cebra más cercanos están en Iruña Veleia con Avenida Naciones Unidas o Victoria Kent con Boulevard de Mariturri. No es nada accesible ese paso, con el bordillo dificulta el paso de niñ@s con bicicletas, carritos, etc., además de que la visibilidad para cruzar la calle es baja. Es necesario peatonalizar esa esquina tipo a la esquina Olaguibel con Avenida Judizmendi, para evitar atropellos y sustos. / Yo escribí hace meses por esto mismo. Es necesario habilitar un paso de peatones incluso algo para reducir la velocidad ya que es una curva donde no hay visibilidad. / ¿Donde se puede consultar ese listado y el orden de prioridad? No sé si, al ser una esquina, un paso de peatones solucionaría el problema, un paso elevado sería una buena solución. / Después de tres años ni se ha tomado ninguna medida ni se ha actuado sobre este punto. Mientras, el número de personas menores que se exponen a tener algún accidente sigue creciendo."
2026-09-22T14:27:04,TUVISA. Autobuses urbanos,Mala educación,aviso,0.96,0.93,historia,0.07,0.5,0.29,0.0,0.14,False,2,https://www.vitoria-gasteiz.org/wb021/was/comentarioAction.do?idioma=es&accion=verComentarios&claveAsuntoCom=381687&claveAsuntoGestorCom=815210&claveAreaCom=,"Linea 8 - Universidad. Jueves, 03 de septiembre. Desde las 13:10 esperando, la pantalla va variando lo mismo indica que faltan 2 minutos para la llegada del urbano, que 17. Llega a las 13:23h, con evidente retraso. La choferesa del urbano [Eliminado] se mostró grosera ante las preguntas por la tardanza. Otros usuarios dijeron que en paradas anteriores se había mostrado igual, una señora dijo: ""tiene mal día"", en la parada de Naipes, también se mostró inadecuada. Señora gerente, ¿recuerda aquella campaña de buenas prácticas?"
2026-09-22T14:28:47,TUVISA. Autobuses urbanos,Casi atropellado por el BEI Línea 4,pregunta,0.44,1.0,historia,0.0,0.99,0.0,0.0,0.0,False,3,https://www.vitoria-gasteiz.org/wb021/was/comentarioAction.do?idioma=es&accion=verComentarios&claveAsuntoCom=381638&claveAsuntoGestorCom=815154&claveAreaCom=,"Hoy circulando en bicicleta a las 13h un autobús BEI me ha cerrado el paso justo después de la parada de la calle Camino Armentia, entrando en la rotonda que lleva a a Armentia (cruce con Avda San Prudencio). El autobús no ha tenido tiempo de adelantarme y al abrirse para tomar la rotonda me ha cerrado. Me he tenido que desviar en el paso de peatones hacia la acera ya que si no me habría llevado por delante. Quisiera poner una queja a este conductor/a ya que el riesgo que he corrido es muy grave. Gracias / Los ciclistas no tienen permitido el uso del carril BEI.Tampoco tienen prioridad sobre el BEI o el tranvía. / Otro tema sería que usted se refiera al bus eléctrico que recorre la linea 4(no es el BEI).Aunque segun lo que menciona,y no habiendo mas detalles,no puedo imaginar a que se refiere usted. / En la ubicación que describo no hay carril BEI, es calzada compartida. El autobús que casi me atropella en un eléctrico articulado, que recorre esa línea creo que frecuentemente."
2026-09-22T14:47:07,Circulación - Tráfico,Municipales sobrados,queja,0.62,1.0,historia,0.0,0.91,0.0,0.0,0.08,False,1,https://www.vitoria-gasteiz.org/wb021/was/comentarioAction.do?idioma=es&accion=verComentarios&claveAsuntoCom=383542&claveAsuntoGestorCom=817842&claveAreaCom=,Me gustaría subrayar el lamentable trato que da la Policía municipal a los profesionales de la carretera en ciertas ocasiones. Simplemente recordarles que no están por encima de nadie puesto que trabajan para el ciudadano de Vitoria.
2026-09-22T14:48:50,Seguridad vial,Cruce Av. Zabalgana con C/ Jerónimo Roure,pregunta,0.52,1.0,persiste,0.0,0.04,0.96,0.0,0.0,False,3,https://www.vitoria-gasteiz.org/wb021/was/comentarioAction.do?idioma=es&accion=verComentarios&claveAsuntoCom=378399&claveAsuntoGestorCom=811413&claveAreaCom=,"El nuevo STOP creado para entrar a C/ Jerónimo Roure desde Av/ Zabalgana es utilizado por algunos conductores para realizar cambio de sentido, invadiendo el primer carril de subida por Av/ Zabalgana y por el que se incorporan vehículos desde C/ Jerónimo Roure. No hay señal que impida hacer cambio de sentido desde ese STOP. Si salen a la vez vehículos desde el STOP de C/ Jerónimo Roure y desde el STOP Av/ Zabalgana con cambio de sentido, hay mucho riesgo de colisión. / Ese proyecto de hobetuz incluía semáforos y paso de cebra. Se ve que pasaron los cables por lo que entiendo el proyecto quedó sin terminar. Hay poca visibilidad desde el stop y algunos llegan a gran velocidad pasando el radar, habría que podar o retirar algunos árboles más"
2026-09-22T14:58:59,Empleo municipal,PROVISIÓN2025,aviso,0.76,1.0,historia,0.0,0.94,0.0,0.0,0.06,False,96,https://www.vitoria-gasteiz.org/wb021/was/comentarioAction.do?idioma=es&accion=verComentarios&claveAsuntoCom=346540&claveAsuntoGestorCom=765971&claveAreaCom=,"DEIALDIAREN POSTONTZI OFIZIALA: 2025eko HORNIDURA. Gasteizko Udaleko karrerako funtzionarioentzat gordetako mugikortasunerako barne-deialdia. BUZÓN OFICIAL DE LA CONVOCATORIA: PROVISIÓN-2025 Convocatoria interna de movilidad reservada al personal funcionario de carrera del Ayuntamiento de Vitoria-Gasteiz. / Egun on, al ver el formulario a rellenar hay un código que no entendemos qué quiere decir. En el código de la opción 1ª en la parte de abajo pone: RC21 si se opta a la única oferta convocatoria. ¿Qué quiere decir? Entendemos que hay q rellenarlo con el código q corresponde a nuestra primera opción, por lo q no entendemos que se supone que quiere decir ese código RC21. Mila esker / Hola, quisiera saber cómo se actuaría en este supuesto: - Un funcionario de carrera está actualmente en comisión de servicios ocupando una plaza que NO sale a provisión. - Tras el proceso de provisión, saca una plaza de las que se ofertan en la provisión. - ¿Puede seguir ocupando la plaza en la que estaba en comisión y tomar posesión de la plaza obtenida en la provisión o debería ocupar la de la provisión? Muchas gracias / Buenos días, En la provisión se puede cambiar de unidad? Si se tiene una plaza de T.S.psicologo se podría solicitar una de T.S General si se dispone de la titulación? Podrían por favor indicar dónde encontrar información sobre los requisitos específicos, 1,2,3 o 4?? Un saludo y gracias / Buenos días, Quiero consultar mi expediente personal y aparece un mensaje diciendo que está"
2026-09-22T15:02:58,Coches y aparcamiento,APARCAMIENTO MOTOS MANUEL IRADIER - FREMAP,aviso,0.79,1.0,historia,0.0,0.58,0.16,0.0,0.26,False,2,https://www.vitoria-gasteiz.org/wb021/was/comentarioAction.do?idioma=es&accion=verComentarios&claveAsuntoCom=383467&claveAsuntoGestorCom=817719&claveAreaCom=,En el primer tramo de la calle manuel iradier no existe la posibilidad de aparcar motos. Es conveniente adaptar un espacio para ello para evitar que se aparque en las aceras colindantes.
2026-09-22T15:14:42,Coches y aparcamiento,Aparcamiento de necesidad en zona verde,aviso,0.44,1.0,mucha_gente,0.0,0.38,0.02,0.0,0.61,False,3,https://www.vitoria-gasteiz.org/wb021/was/comentarioAction.do?idioma=es&accion=verComentarios&claveAsuntoCom=383133&claveAsuntoGestorCom=817280&claveAreaCom=,"Yo vivo en Legutio y veo que la ciudad está llena de zonas ota para aparcar. En la zona san Martín tengo mi dentista. Y solo puedo pagar por 30 minutos por lo que veo en Telpark. Yo estoy más tiempo. Por qué habéis hecho que por usar servicios como un dentista haya que pagar y encima en zona de parking exprés donde no da tiempo y si o sí vas a tener multa??? / Tienes el parking de San Martin. Lo han hecho para que puedan aparcar los vecinos del barrio, no esta pensado para que aparquen los de otros municipios. Si vas a Bilbao o Donostia tambien tienes que pagar por aparcar"
2026-09-22T15:24:52,Coches y aparcamiento,Página web: Preguntas frecuentes sobre la Oficina de la Síndica–Defensoría Vecinal,queja,0.67,1.0,historia,0.0,0.97,0.02,0.0,0.01,False,2,https://www.vitoria-gasteiz.org/wb021/was/comentarioAction.do?idioma=es&accion=verComentarios&claveAsuntoCom=382084&claveAsuntoGestorCom=815744&claveAreaCom=,"Hoy 8 se agosto en la calle Extremadura, dos máquinas de la OTA , no dejaban sacar el ticket de 15 minutos"
2026-09-22T15:30:53,Coches y aparcamiento,15 minutos gratis = mentira,agradecimiento,0.68,1.0,historia,0.0,0.59,0.4,0.0,0.01,False,2,https://www.vitoria-gasteiz.org/wb021/was/comentarioAction.do?idioma=es&accion=verComentarios&claveAsuntoCom=381760&claveAsuntoGestorCom=815325&claveAreaCom=,"El jueves intenté sacar un ticket gratuito de 15 minutos en el parquímetro de enfrente de la residencia de Sanitas de San Martín, en la calle Miren Martínez Sáez del Burgo. Lo necesitaba para trasladar a una persona mayor con muchos trastos. Tras muchos intentos tuve que pagar 1,05€ por media hora y por narices, que además me parece carísimo. Tanto que se dice, hasta en Francia nos cobran menos. Espero que se instauren de nuevo esos minutos gratis y, en caso contrario, que actualicen la web ya. La localización en el plano no es correcta, es en la rotonda."
2026-09-22T15:35:50,Coches y aparcamiento,OTA de nueva creación en barrios periféricos,queja,0.62,1.0,historia,0.0,0.8,0.07,0.0,0.12,False,4,https://www.vitoria-gasteiz.org/wb021/was/comentarioAction.do?idioma=es&accion=verComentarios&claveAsuntoCom=381611&claveAsuntoGestorCom=815113&claveAreaCom=,"Debo visitar a mis padres con frecuencia porque son mayores y me necesitan, desde que hay OTA en el barrio San Martín, sobran los aparcamientos, pero a los familiares nos cuesta una fortuna atender a nuestros padres, no puedo sacarme una tarjeta porque no estoy empadronada en su domicilio (evidentemente), pero es que tampoco puedo sufragar el pago de 4 euros diarios, y el transporte público no es una opción, porque debo llevarles compra, o cargar cosas de peso para ellos, o llevarles y traerles al hospital, etc. Por favor, ¿de verdad que no es posible que emitan tarjetas de aparcamiento para familiares de residentes octogenarios a un precio justo? Ya llevo dos multas acumuladas, porque hay días que no recuerdo que hay que pagar OTA, y es que apenas hay máquinas expendedoras ni señales a la vista, y son 40 años aparcando ahí sin necesidad de esto. Añado que esta medida recaudatoria me parece un abuso desmedido de este Ayuntamiento, y que pienso expresar mi malestar en las urnas votando a quien más les duela, y alentando a todo el que me escuche a que haga lo mismo. / Hola. Olvídate. En su día los trabajadores que también nos vemos afectados por la OTA también lo preguntamos y la respuesta fue no. La empresa no nos paga el estacionamiento y trabajamos 5 días a turno partido...ir en tte público es incompatible por distancias, horarios y necesidades familiares ... Así que imagina el cañón... Un saludo / Yo voy a votar al partido que PROMETA cargarse esta medida desproporcionada y"
2026-09-22T15:36:18,Coches y aparcamiento,Invasión sistemática e impune de plazas reservadas PMR en Vitoria-Gasteiz,queja,0.96,1.0,historia,0.0,0.94,0.04,0.0,0.02,False,1,https://www.vitoria-gasteiz.org/wb021/was/comentarioAction.do?idioma=es&accion=verComentarios&claveAsuntoCom=383554&claveAsuntoGestorCom=817857&claveAreaCom=,"Por la presente, ejerzo mi derecho a la queja ciudadana para denunciar formalmente la absoluta impunidad con la que se vulneran diariamente los derechos de accesibilidad en Vitoria-Gasteiz, ante la pasividad flagrante de este Ayuntamiento y de la Policía Local.La ocupación ilegal y masiva de las plazas reservadas para Personas con Movilidad Reducida (PMR) se ha convertido en una práctica estructural y normalizada en toda la ciudad. No hablamos de descuidos puntuales; hablamos de un goteo incesante de conductores incívicos que usurpan estos espacios protegidos amparándose en el ""son solo dos minutos"".El sistema actual de control es un fracaso absoluto. Telefonear al 092 es una pérdida de tiempo inútil: la burocracia y los tiempos de respuesta hacen que, cuando la patrulla llega, el infractor ya se ha marchado. Esto genera un escenario de barra libre y descontrol delictivo de tráfico que este consistorio está permitiendo por omisión de sus funciones de vigilancia.Garantizar la accesibilidad no es una opción política ni un gesto de cortesía: es una obligación legal recogida en la Ley General de derechos de las personas con discapacidad y en las propias ordenanzas municipales. Cada plaza PMR bloqueada es un acto de discriminación directa que encierra en sus casas a ciudadanos que dependen de ellas para su autonomía.Ante la gravedad y cronicidad de esta situación en toda Vitoria, EXIJO al Ayuntamiento:** Tolerancia cero e instrucciones drásticas:** Una orden directa e inmediata a "
2026-09-22T15:39:07,Instalaciones deportivas,Vestuario 8 Lakua 03,pregunta,0.5,1.0,historia,0.0,0.48,0.47,0.0,0.05,False,2,https://www.vitoria-gasteiz.org/wb021/was/comentarioAction.do?idioma=es&accion=verComentarios&claveAsuntoCom=383454&claveAsuntoGestorCom=817706&claveAreaCom=,Hola Me dice mi hijo que en el vestuario 8 de los campos de fútbol de sansomendi hay una luz fundida desde hace unos días. Gracias
2026-09-22T15:39:26,Coches y aparcamiento,Aparcar zona OTA,agradecimiento,0.45,1.0,historia,0.0,0.66,0.03,0.0,0.31,False,2,https://www.vitoria-gasteiz.org/wb021/was/comentarioAction.do?idioma=es&accion=verComentarios&claveAsuntoCom=381443&claveAsuntoGestorCom=814892&claveAreaCom=,"Como residente en el centro de Vitoria veo que cada vez tenemos menos aparcamientos, que si ponemos aparcabicis, o para las motos que luego aparcan donde les da la gana pero no pasa nada…. Pero el resto de residentes no podemos aparcar en la zona azul, aunque sea nuestra calle, no es justo. Y encima pagamos anualmente. Que hacemos con los coches? Una solución ya"
2026-09-22T15:42:32,Coches y aparcamiento,Mal identificado el aparcamiento,aviso,0.33,1.0,mucha_gente,0.0,0.37,0.12,0.0,0.51,False,2,https://www.vitoria-gasteiz.org/wb021/was/comentarioAction.do?idioma=es&accion=verComentarios&claveAsuntoCom=381298&claveAsuntoGestorCom=814697&claveAreaCom=,"En el cruce, de Bernal diaz de luco y Lorenzo prestamero , hay una plaza de minusválidos k tiene la señal mal colocada, aunque las lineas del suelo están bien la gente aparca asta la señal y ya no entra un coche de minusválidos."
2026-09-22T15:50:05,Moverse en bicicleta,Más aparcabicis en Marías y Urkide,agradecimiento,0.62,1.0,historia,0.0,0.81,0.11,0.0,0.08,False,1,https://www.vitoria-gasteiz.org/wb021/was/comentarioAction.do?idioma=es&accion=verComentarios&claveAsuntoCom=383558&claveAsuntoGestorCom=817861&claveAreaCom=,"Cuando no llueve siempre se llenan los aparcabicis cercanos a estos colegios en horario lectivo, aparecen bicicletas en el parque de la catedral en cualquier banco, farola, en la valla de Marianistas... Hacen falta más plazas de aparcamiento para bicicletas en esta zona. Aprovecho para agradecer a todos los que habéis dejado el coche en este día sin coches por la movilidad sostenible. Gracias"
2026-09-22T16:10:01,Cementerios,El Salvador,aviso,0.73,1.0,historia,0.0,0.64,0.0,0.0,0.36,False,2,https://www.vitoria-gasteiz.org/wb021/was/comentarioAction.do?idioma=es&accion=verComentarios&claveAsuntoCom=383531&claveAsuntoGestorCom=817823&claveAreaCom=,- Piden poner puertas en los nichos de El Salvador para poner recuerdos
2026-09-22T16:30:09,Coches y aparcamiento,Plaza minusválidos,agradecimiento,0.76,1.0,historia,0.0,0.41,0.35,0.0,0.24,False,2,https://www.vitoria-gasteiz.org/wb021/was/comentarioAction.do?idioma=es&accion=verComentarios&claveAsuntoCom=376793&claveAsuntoGestorCom=809341&claveAreaCom=,"Vivo en la calle puerto de urquiola de zaramaga, con las reformas nos han quitado la única plaza de minusválidos que teníamos junto al cementerio y con el campo de fútbol se llenenan los aparcamientos y no podemos aparcar en nuestras casas siendonos imposible movernos mucho por nuestra discapacidad. Pido a el ayuntamiento que nos ponga al menos un par de plazas para minusválidos. Gracias."
2026-09-22T16:32:06,Coches y aparcamiento,Aparcamiento regulado,agradecimiento,0.59,1.0,mucha_gente,0.0,0.22,0.2,0.0,0.58,False,2,https://www.vitoria-gasteiz.org/wb021/was/comentarioAction.do?idioma=es&accion=verComentarios&claveAsuntoCom=376608&claveAsuntoGestorCom=809091&claveAreaCom=,"En Sansomendi hay poco sitio para aparcar ,nos han quitado aparcamientos y muchos vienen de otras zonas para aparcar aquí aprovechando que no hay zona regulada con el problema de que hay menos aparcamientos. Han colocado una zona de aparcabicis junto colegio escolapias que no se está haciendo uso de ellos eliminando dos plazas para coches. Todo el mundo no tenemos la suerte de poder pagar un parking privado con lo que toca es que los coches duerman en la calle. Ya era difícil aparcar en esta zona de Sansomendi y ahora es imposible. Solicito que se estudie habilitar más aparcamientos para los vecinos del barrio. Además hay coches que ocupan dos plazas de aparcamiento dificultando así que haya más plazas. Deberían multar este tipo de conducta por parte de los conductores que no piensan en que no están solos y que hay más conductores que necesitan aparcar. Sugerencia habilitar zona de aparcamiento regulado para residentes en SANSOMENDI. Gracias"
2026-09-22T16:32:38,Coches y aparcamiento,Aparcamiento regulado,agradecimiento,0.59,1.0,mucha_gente,0.0,0.22,0.2,0.0,0.58,False,2,https://www.vitoria-gasteiz.org/wb021/was/comentarioAction.do?idioma=es&accion=verComentarios&claveAsuntoCom=376607&claveAsuntoGestorCom=809090&claveAreaCom=,"En Sansomendi hay poco sitio para aparcar ,nos han quitado aparcamientos y muchos vienen de otras zonas para aparcar aquí aprovechando que no hay zona regulada con el problema de que hay menos aparcamientos. Han colocado una zona de aparcabicis junto colegio escolapias que no se está haciendo uso de ellos eliminando dos plazas para coches. Todo el mundo no tenemos la suerte de poder pagar un parking privado con lo que toca es que los coches duerman en la calle. Ya era difícil aparcar en esta zona de Sansomendi y ahora es imposible. Solicito que se estudie habilitar más aparcamientos para los vecinos del barrio. Además hay coches que ocupan dos plazas de aparcamiento dificultando así que haya más plazas. Deberían multar este tipo de conducta por parte de los conductores que no piensan en que no están solos y que hay más conductores que necesitan aparcar. Sugerencia habilitar zona de aparcamiento regulado para residentes en SANSOMENDI. Gracias"
2026-09-22T16:34:07,Coches y aparcamiento,Parada de bus escolar en la calle Campo de Los Palacios,pregunta,0.44,1.0,persiste,0.0,0.16,0.48,0.03,0.32,True,4,https://www.vitoria-gasteiz.org/wb021/was/comentarioAction.do?idioma=es&accion=verComentarios&claveAsuntoCom=382156&claveAsuntoGestorCom=815832&claveAreaCom=,"El pasado viernes aparecieron unas señales en la acera de la parte de los números impares de la calle Campo de los Palacios, en las que se indica que, gran parte de los aparcamientos de ese lado se eliminan para colocar una parada de buses escolares en horario de 8:00 a 10:00 de la mañana y de 15:00 a 18:00 de la tarde. En primer lugar agradecería alguna explicación de porqué la colocación en esa ubicación y, sobre todo, y lo que me resulta más sorprendente, porqué en ese horario tan amplio. En segundo lugar, contarles una situación real: una persona en esa calle que paga la OTA de residente, que trabaja a turnos y que necesita el coche para ir a trabajar. La salida del turno de mañana es a las 14:00, por lo que, cuando llega a su barrio, como no hay OTA de 14:00 a 16:00, le resulta complicado aparcar. La salida del turno de tarde es a las 22:00, por lo que, cuando llega a su barrio, como no hay OTA a partir de las 20:00, le resulta complicado aparcar. La salida del turno de noche es a las 06:00, por lo que, cuando llega a su barrio, como no hay OTA a partir de las 20:00, le resulta complicado aparcar. A eso, unir que sábados tarde, domingos y festivos, si tienes que mover el coche, al volver a tu domicilio, como no hay OTA, vuelve a resultar complicado (a veces imposible) aparcar. Si a esto unimos la nueva restricción de 5 horas al día (dentro del horario de la OTA, por supuesto), mi pregunta es hasta qué punto la OTA es un buen método para personas que trabajan a turnos, qu"
2026-09-22T16:38:39,Coches y aparcamiento,plaza OTA para residentes,agradecimiento,0.89,1.0,historia,0.0,0.54,0.21,0.0,0.24,False,2,https://www.vitoria-gasteiz.org/wb021/was/comentarioAction.do?idioma=es&accion=verComentarios&claveAsuntoCom=371700&claveAsuntoGestorCom=802277&claveAreaCom=,"Aquí tienes una propuesta de mensaje, redactada de forma clara y respetuosa para el Buzón Ciudadano: **Asunto: Propuesta de mejora en la regulación de OTA en la calle Ramiro de Maeztu** Estimados/as, Me dirijo a ustedes como vecino/a de la calle Ramiro de Maeztu para solicitar una revisión del estacionamiento en los portales 1 al 7. Actualmente, esta zona es de carácter rotativo, lo que dificulta enormemente el aparcamiento para los residentes. Dada la cercanía de los parkings de Juan de Ayala y Luis Heintz, considero que se podrían implementar las siguientes mejoras: 1. ** de color a verde:** Permitir el aparcamiento sin límite de tiempo para los residentes en esta zona. 2. **Zona exclusiva para residentes:** Reservar una parte de la calle exclusivamente para residentes, siguiendo el ejemplo de otras vías como la calle Tenerias etc 3. **Plazas de carga y descarga breve:** Habilitar una o dos plazas para paradas rápidas (15 minutos), lo cual facilitaría gestiones rápidas y evitaría conflictos con la Policía Municipal por paradas momentáneas para carga o descarga. Agradezco de antemano su atención a esta propuesta, que busca mejorar la calidad de vida y la movilidad de los vecinos de esta calle. nota cada vez tenemos menos plazas para aparcar en zona OTA por carril bici en la avenida Gasteiz y en el futuro el tranvía hacia zabalgana Adriano sexto etc Atentamente, Juanjo / ...siguiendo con el tema de momento no he tenido respuesta y quería comentar que ayer domingo 15 de julio "
2026-09-22T16:43:06,Coches y aparcamiento,Solicitud de bonificación de la OTA para vehículos de 0 emisiones,agradecimiento,1.0,1.0,historia,0.0,0.96,0.0,0.0,0.04,False,4,https://www.vitoria-gasteiz.org/wb021/was/comentarioAction.do?idioma=es&accion=verComentarios&claveAsuntoCom=374518&claveAsuntoGestorCom=806096&claveAreaCom=,"Al Ayuntamiento de Vitoria-Gasteiz: Me dirijo a ustedes para solicitar que se estudie la reducción del coste de la OTA para los vehículos con distintivo ambiental 0 emisiones. Esta medida supondría un incentivo para que más ciudadanos opten por vehículos eléctricos y de cero emisiones, contribuyendo a mejorar la calidad del aire y a reducir la contaminación atmosférica y acústica en nuestra ciudad. Vitoria-Gasteiz ha sido reconocida por su compromiso con la sostenibilidad y la protección del medio ambiente. Aplicar una tarifa reducida de la OTA a los vehículos de 0 emisiones sería una medida coherente con esos objetivos, además de reforzar las políticas municipales de movilidad sostenible y de lucha contra el cambio climático. Esta bonificación no solo beneficiaría a los actuales propietarios de vehículos de 0 emisiones, sino que también animaría a más personas a elegir opciones de transporte más respetuosas con el medio ambiente, generando un beneficio colectivo para toda la ciudadanía. Por todo ello, solicito que el Ayuntamiento valore la modificación de la ordenanza de la OTA para establecer una bonificación o una reducción significativa de la tarifa para los vehículos con distintivo ambiental 0 emisiones. Agradezco su atención y confío en que esta propuesta sea tenida en consideración en beneficio del medio ambiente y de la salud de todos los vecinos de Vitoria-Gasteiz. Atentamente, / También se podría aplicar a los parkings subterráneos o al menos instalar en ellos carga"
2026-09-22T17:02:13,Moverse en bicicleta,Aparcabicis en la estación de autobuses,agradecimiento,0.43,1.0,historia,0.0,1.0,0.0,0.0,0.0,False,1,https://www.vitoria-gasteiz.org/wb021/was/comentarioAction.do?idioma=es&accion=verComentarios&claveAsuntoCom=383565&claveAsuntoGestorCom=817868&claveAreaCom=,"Con la llegada del nuevo curso, se vuelven a ver un montón de bicicletas aparcadas en árboles, señales etc. Es normal que la gente aparque donde puede, ya que quitaron un montón de aparcabicis frente a la estación y los pusieron en la parte de atrás medio escondidos. en ese lugar roban ruedas, cuadros de bici, etc, ya que no pasa gente y no están a la vista. Pediría que volviesen a poner los aparcabicis que quitaron, que no hacían mal a nadie, al contrario, daba gusto ver las bicicletas, y se paso dejarían de tener que multar a chavales que las dejan dónde pueden, ya que los aparcabicis están escondidos."
2026-09-22T17:11:33,Moverse en bicicleta,Aparcabicis,aviso,0.96,1.0,persiste,0.0,0.25,0.75,0.0,0.0,True,4,https://www.vitoria-gasteiz.org/wb021/was/comentarioAction.do?idioma=es&accion=verComentarios&claveAsuntoCom=381955&claveAsuntoGestorCom=815562&claveAreaCom=,"Me gustaría que hubiera más aparcabicis y un aparcabicis seguro en la plaza del renacimiento. Actualmente están todos ocupados, y bicicletas aparcadas en bancos y farolas puesto que es muy difícil encontrar otro sitio. Ya que es una plaza grande y con un parking municipal debajo, podría ponerse un aparcabicis seguro como el que está en el parking del corte inglés o en la calle como el del ayuntamiento / Me gustaría solicitar un aparcabicis seguro en la plaza del renacimiento, ya que es una zona, que a pesar de disponer aparcabicis exterior, es prácticamente imposible aparcar, a parte de todas las bicis que son sustraidas / En Beato Tomas de Zumárraga 48 se han quitado 4 aparcabicis tras la obra del bicicarril y en general la zona hay muchos problemas para aparcar bicis. Hay bastantes huecos donde poner nuevos aparcabicis sin quitar aparcamientos de coche, por ejemplo en los huecos inservibles de las casas de Ajuria en la calle Beato. Un saludo."
2026-09-22T19:02:52,Moverse en bicicleta,Bache en bide-gorri en la C/Duque de Wellington,aviso,0.66,1.0,mucha_gente,0.0,0.46,0.0,0.0,0.53,False,1,https://www.vitoria-gasteiz.org/wb021/was/comentarioAction.do?idioma=es&accion=verComentarios&claveAsuntoCom=383583&claveAsuntoGestorCom=817898&claveAreaCom=,"En el bide-gorri de la C/Duque de Wellington, a la altura de la parada del tranvía LAKUABIZKARRA, hay un bache. Solicito que lo quiten."
2026-09-28T07:21:06.741977,Moverse en bicicleta,Robo bicicletas,pregunta,0.89,1.0,historia,0.0,0.91,0.02,0.0,0.07,False,2,https://www.vitoria-gasteiz.org/wb021/was/comentarioAction.do?idioma=es&accion=verComentarios&claveAsuntoCom=383588&claveAsuntoGestorCom=817905&claveAreaCom=,"Hola, siendo usuario de plaza en el parking de bicicletas del Memorial, veo , he sido víctima, que hay robos impunes ya que cualquiera que pueda entrar puede robar lo que quiera, se ven ruedas candadas a las que les falta el resto de la bici, a mi me han robado el soporte del móvil pero cualquier pieza desmontable corre peligro, si tenemos que llevarnos a casa casi todo, parece increíble que esto pueda pasar, con total impunidad."
2026-09-22T20:36:52,Ocupación de la vía pública,Bar Los nuevo conde,aviso,0.65,1.0,historia,0.0,0.59,0.38,0.0,0.03,False,1,https://www.vitoria-gasteiz.org/wb021/was/comentarioAction.do?idioma=es&accion=verComentarios&claveAsuntoCom=383589&claveAsuntoGestorCom=817906&claveAreaCom=,"En primer lugar, deseo manifestar mi malestar debido a que los comentarios y valoraciones que he intentado publicar recientemente no se están haciendo públicos. En segundo lugar, expongo la situación de molestias recurrentes que genera la terraza del establecimiento Bar Los Nuevo Conde: Falta de recogida del mobiliario: Al finalizar el horario de apertura, el establecimiento no procede al recogido ni al apilado debido de las mesas y sillas de la terraza en la vía pública. Falta de limpieza del espacio ocupado: Tampoco se barre ni se limpia el espacio de la vía pública que la terraza ensucia durante la jornada, acumulan basura y restos de suciedad en la calle. Ruidos y molestias nocturnas: Dado que el mobiliario queda exteriorizado sin recoger, diversos clientes y personas permanecen consumiendo e instalados en las mesas hasta altas horas de la madrugada. Además, se dejan botellas y cascos de cristal sobre las mesas, lo que genera contaminación acústica, constantes ruidos y molestias al descanso del vecindario. Pido que por favor se revisen este tipo de conductas como la de pasarse las ordenanzas por el higo."
2026-09-22T22:42:59,Actividad cultural y de tiempo libre,Duda sobre nuevo sistema de sorteo,agradecimiento,0.47,1.0,historia,0.0,0.95,0.03,0.0,0.02,True,7,https://www.vitoria-gasteiz.org/wb021/was/comentarioAction.do?idioma=es&accion=verComentarios&claveAsuntoCom=376565&claveAsuntoGestorCom=809048&claveAreaCom=,"Buenos tardes, Quería hacer una consulta sobre el nuevo sistema de sorteo para las actividades de los centros cívicos. Si me apunto, por ejemplo, a tres actividades y en el primer sorteo me toca la que he elegido en tercer lugar, si no la pago, entraría en la segunda ronda, si alguna de las otras actividades que he elegido tienen plazas libres? Y si la pago, también podría tocarme alguna otra de las actividades que he elegido? Gracias de antemano por su respuesta. / Buenos días, Hice esta consulta hace un mes y todavía no he recibido respuesta. Les agradecería me contestaran antes del día del sorteo porque, sinceramente, he hecho la misma pregunta en el 010 y no me pareció que lo tuviesen muy claro... Gracias. / Y que pasaría si todo el mundo pensase hacer como tú? Apuntarse a actividades las cuales no tienen intención de hacer, ni pagar. Cuantas rondas habría que hacer? / Me suelo apuntar a un par de actividades que me interesan por si no me toca en la primera tener opción en la segunda. Siempre que me toca cumplo con la asistencia. Mi consulta es simplemente para saber si me apunto solamente a una de ellas, porque este nuevo sistema ni el propio ayuntamiento parece tenerlo muy claro. El número de rondas me da igual, este es el sistema de este año y lo acepto como aceptaba el anterior. No pido tanto, solamente una respuesta a mi consulta. / El vídeo lo explica bastante claro. En segunda ronda te pueden adjudicar tú primera preferencia si quedaron adjudicaciones sin pagar,ind"
2026-09-22T22:51:20,Actividad cultural y de tiempo libre,Actividades Centros Civicosy Bizan,aviso,0.57,1.0,historia,0.0,0.87,0.06,0.0,0.08,False,1,https://www.vitoria-gasteiz.org/wb021/was/comentarioAction.do?idioma=es&accion=verComentarios&claveAsuntoCom=383593&claveAsuntoGestorCom=817910&claveAreaCom=,Gracias si se atiende este asunto en mejora. Es insuficiente
2026-09-23T07:32:07,Personas en situación de vulnerabilidad social,Por un apoyo real: menos limosna y más trabajo social,queja,0.69,1.0,historia,0.0,0.98,0.01,0.0,0.01,False,1,https://www.vitoria-gasteiz.org/wb021/was/comentarioAction.do?idioma=es&accion=verComentarios&claveAsuntoCom=383595&claveAsuntoGestorCom=817912&claveAreaCom=,"La solidaridad es un valor fundamental, pero la limosna en la calle no es la solución a los problemas de exclusión. Dar dinero de forma directa suele cronificar las situaciones de vulnerabilidad y la dependencia, además de generar dinámicas de desigualdad y desconfianza en el espacio público. Para ayudar de manera efectiva, debemos dejar atrás la caridad espontánea y apostar firmemente por el trabajo social profesional quienes cuentan con las herramientas para ofrecer un apoyo integral: programas de empleo, mediación, vivienda y atención psicológica. Apoyar y canalizar los recursos a través de estos canales oficiales es la única vía real para garantizar la dignidad de las personas y lograr una inclusión social verdadera, justa y sostenible para todos."
2026-09-23T07:34:50,Zonas verdes,Estanque bajo,aviso,0.85,1.0,historia,0.0,0.51,0.01,0.0,0.48,False,2,https://www.vitoria-gasteiz.org/wb021/was/comentarioAction.do?idioma=es&accion=verComentarios&claveAsuntoCom=383592&claveAsuntoGestorCom=817909&claveAreaCom=,Hace pocas semanas limpiaron el estanque de San Martín. Hoy da la sensación de que está perdiendo agua a paso agigantados. Se ruega su reparación.
2026-09-23T07:42:47,Zonas verdes,Arbol con ramas muy bajas que impiden el paso,aviso,0.63,1.0,historia,0.0,0.68,0.07,0.0,0.24,False,2,https://www.vitoria-gasteiz.org/wb021/was/comentarioAction.do?idioma=es&accion=verComentarios&claveAsuntoCom=383590&claveAsuntoGestorCom=817907&claveAreaCom=,"Buenos días, hay un árbol junto al portal número 1 de la calle Río Ayuda con las ramas bajas q prácticamente no dejan pasar a los ciudadanos. Necesita una poda urgente."
2026-09-23T07:47:47,Mobiliario urbano,Columpios en mal estado,pregunta,0.84,1.0,historia,0.0,0.86,0.11,0.0,0.03,False,2,https://www.vitoria-gasteiz.org/wb021/was/comentarioAction.do?idioma=es&accion=verComentarios&claveAsuntoCom=383597&claveAsuntoGestorCom=817914&claveAreaCom=,Parque infantil número 037 en el barrio de San Cristóbal. El parque en general se ve que necesita una restauración general pero en particular escribo por el balancín del parque. Está la madera rota y el soporte de manos está roto hasta el punto que un anclaje/ tornillo punzante queda al descubierto teniendo riesgo de lesiones en los usuarios
2026-09-28T12:48:39.063485,Policía Local,Caquitas del perrito en la calle Larrabazterra número 3,queja,0.56,1.0,historia,0.0,0.98,0.0,0.0,0.02,False,2,https://www.vitoria-gasteiz.org/wb021/was/comentarioAction.do?idioma=es&accion=verComentarios&claveAsuntoCom=383598&claveAsuntoGestorCom=817915&claveAreaCom=,"Como digo, es tremendo, que por esta banda de cerdos tengan que ir los servicios del ayuntamiento a limpiar lo que ellos dejan. Se les debería multar, es muy sencillo, creo recordar que hay alguna prueba que se puede hacer a las heces para saber de qué can son, y ya os digo yo que son de ese perro, y a parte de una buena multa por guarros obligarles a limpiarlo ellos. A ver si así aprenden."
2026-09-23T07:49:18,Mobiliario urbano,"Columpio vandalizado para los más pequeños, da gusto ir al parque...",queja,0.43,1.0,persiste,0.0,0.46,0.46,0.0,0.08,False,2,https://www.vitoria-gasteiz.org/wb021/was/comentarioAction.do?idioma=es&accion=verComentarios&claveAsuntoCom=383577&claveAsuntoGestorCom=817884&claveAreaCom=,"Imagen de la zona de juegos para los más pequeños que queda en Las Conchas, junto con la cesta que ha tenido a bien colocar este consistorio en el centro del parque. ¿De verdad la sustitución de una cesta justifica la retirada de los juegos destinados al primer tramo de edad de todas Las Conchas, salvo los de la zona vandalizada? La nueva zona no es, ni mucho menos, una zona de 2 a 14 años. Los más pequeños no pueden hacer uso de las estructuras que se han colocado. Se pretende llamar «zona intergeneracional» a una obra que no cubre en absoluto las necesidades de los más pequeños, menos aún si tenemos en cuenta que hay una guardería a pocos metros de la zona, de la que, obviamente, saldrán niños de esas edades. ¿Se espera que niños de 2 años hagan cola o tengan que turnarse a pleno sol para poder utilizar la única opción del parque destinada a ellos? ¿Era necesario arrancar y sustituir por asfalto los columpios situados en la zona de Las Conchas que sí estaban destinados a este grupo de edad? Decir que estaban alejados de la nueva zona intergeneracional resulta ridículo: más alejada está la basura, que sí se ha mantenido, a pesar de estar rota y llena de pintadas. Casi 230.000 € para hacer ¿qué? ¿Para poner cuatro árboles que ya se han muerto y que hay que sustituir, tres elementos para personas mayores, cinco mesas, un poco de asfalto y una estructura que, supuestamente, está diseñada para niños de 2 a 14 años, pero que no contempla en absoluto las capacidades físicas de los"
2026-09-23T07:49:43,Circulación - Tráfico,Paso de peatones en calle Mexico,aviso,0.53,1.0,mucha_gente,0.0,0.19,0.0,0.0,0.81,False,1,https://www.vitoria-gasteiz.org/wb021/was/comentarioAction.do?idioma=es&accion=verComentarios&claveAsuntoCom=383599&claveAsuntoGestorCom=817916&claveAreaCom=,Sugiero que se ponga un paso de peatones que permita acceder a las paradas de autobús de la calle Mexico situadas en la Residencia y Bizan de Txagorritxu sin tener que ir hasta los semáforos de los dos extremos de la calle.
2026-09-23T07:50:14,Zonas verdes,Perdida de agua en boca de riego,agradecimiento,0.96,1.0,persiste,0.0,0.04,0.92,0.0,0.04,False,2,https://www.vitoria-gasteiz.org/wb021/was/comentarioAction.do?idioma=es&accion=verComentarios&claveAsuntoCom=383600&claveAsuntoGestorCom=817917&claveAreaCom=,"La boca de riego situada en la calle Duque de Wellington numero 53 cp 01010 Vitoria-Gasteiz, esta perdiendo agua de forma continua motivo por el cual hay un charco en la acera hace unos dias. Agradeceré avisen al servicio correspondiente para reparar la perdida de agua."
2026-09-23T07:58:07,Coches y aparcamiento,Acceso a la calle Zapateria con vehiculo,aviso,0.59,1.0,historia,0.0,0.72,0.01,0.0,0.28,False,1,https://www.vitoria-gasteiz.org/wb021/was/comentarioAction.do?idioma=es&accion=verComentarios&claveAsuntoCom=383603&claveAsuntoGestorCom=817920&claveAreaCom=,"Buenos dias, Soy un vecino de la calle zapateria y necesito entrar con mi vehiculo para poder descargar unas cajas. Mi vehiculo tiene la etiqueta ECO, necesito pedir algun otro tipo de permiso? O se puede entrar?"
2026-09-23T08:27:54,Obras en vía pública,Terminar obras en la Avenida Gasteiz Número 50 y 53,queja,0.57,1.0,historia,0.0,0.62,0.37,0.0,0.01,False,1,https://www.vitoria-gasteiz.org/wb021/was/comentarioAction.do?idioma=es&accion=verComentarios&claveAsuntoCom=383608&claveAsuntoGestorCom=817927&claveAreaCom=,San empezadobunasvobras para dar asistencia a los autobuses de los pueblos. La obra lleva desde julio y no sabemos porque no la terminan.
2026-09-23T09:37:39,TUVISA. Autobuses urbanos,Incívica ocupación de asientos reservados,queja,0.93,1.0,historia,0.0,0.72,0.23,0.0,0.04,False,2,https://www.vitoria-gasteiz.org/wb021/was/comentarioAction.do?idioma=es&accion=verComentarios&claveAsuntoCom=383553&claveAsuntoGestorCom=817856&claveAreaCom=,"La falta de control y concienciación respecto a los asientos reservados para personas con movilidad reducida y personas mayores en los autobuses urbanos sigue. A pesar de estar claramente diferenciados con otro color, estos asientos suelen ir ocupados por personas que no los necesitan y que recurren a excusas continuas para no cederlos, obligando a mayoresa viajar de pie. Es inadmisible que personas con problemas reales de movilidad tengan que andar pidiendo permiso para usar un espacio que les corresponde por derecho. Realicen campañas más firmes de concienciación para recordar las normas de uso de estos asientos para evitar que se amparen estas actitudes."
2026-09-23T09:49:42,Reciclaje de residuos,Contenedor orgánico,aviso,0.92,1.0,mucha_gente,0.0,0.46,0.01,0.0,0.53,False,2,https://www.vitoria-gasteiz.org/wb021/was/comentarioAction.do?idioma=es&accion=verComentarios&claveAsuntoCom=383591&claveAsuntoGestorCom=817908&claveAreaCom=,El contenedor de residuos orgánicos de la calle Portal de Foronda a la altura de la estación de autobuses no abre una vez pisado el pedal
2026-09-23T09:54:12,Otros información y atención ciudadana,QUEJAS,pregunta,0.98,0.99,persiste,0.01,0.19,0.76,0.0,0.04,False,2,https://www.vitoria-gasteiz.org/wb021/was/comentarioAction.do?idioma=es&accion=verComentarios&claveAsuntoCom=378631&claveAsuntoGestorCom=811672&claveAreaCom=,"Hace 5 min. El repartidor de akropost ha llamado al timbre con una carta certificada del ayuntamiento. He abierto y cuando he bajado al portal se había ido corriendo, dejando una notificación de que no estábamos y no ha podido entregar la carta. Es vergonzoso que dejéis correspondencia y documentación importante, en manos de semejantes irresponsables."
2026-09-23T09:54:44,TUVISA. Autobuses urbanos,Linea 4 insuficiente a las 7.35 desde Calle Iruña-Veleia,aviso,0.83,1.0,mucha_gente,0.0,0.16,0.01,0.0,0.83,False,2,https://www.vitoria-gasteiz.org/wb021/was/comentarioAction.do?idioma=es&accion=verComentarios&claveAsuntoCom=383573&claveAsuntoGestorCom=817876&claveAreaCom=,"Soy usuaria de la linea 4, en concreto del bus que sale a las 7.35 de la calle Iruña - Veleia entre semana. Durante el verano se ha puesto un autobús largo a esa hora pero desde que se ha iniciado el curso escolar están poniendo un autobús corto que llega lleno a la segunda parada y que en más de una ocasión no ha parado a recoger más gente desde la tercera parada. Sin embargo, el siguiente autobús, el de las 7.45, que es uno de los largos, va prácticamente vacío. Con esto me gustaría solicitar que se retome un autobús largo para 7.35 como había antes. Eskerrik asko. Un saludo Ana"
2026-09-23T09:58:39,AMVISA,Falta de presión de agua,aviso,0.94,1.0,historia,0.0,0.88,0.0,0.11,0.0,False,2,https://www.vitoria-gasteiz.org/wb021/was/comentarioAction.do?idioma=es&accion=verComentarios&claveAsuntoCom=383492&claveAsuntoGestorCom=817754&claveAreaCom=,"De un tiempo a esta parte venimos apreciando en casa una falta de presión de agua en el grifo. No es constante, va a ratos, pero viene desde hace ya algunos meses. (y no es una sensación, ya que hasta la lavadora nos ha indicado a veces esa falta de presión de agua). Vivimos en un tercero (siervas de Jesús). Es normal? se está tomando alguna medida para corregirlo?? Gracias."
2026-09-23T09:59:42,Instalaciones deportivas,Baloncesto en el Campillo,aviso,0.82,1.0,mucha_gente,0.0,0.3,0.0,0.01,0.69,False,1,https://www.vitoria-gasteiz.org/wb021/was/comentarioAction.do?idioma=es&accion=verComentarios&claveAsuntoCom=383621&claveAsuntoGestorCom=817948&claveAreaCom=,"Por favor, arreglad las redes de baloncesto de el Campillo."
2026-09-23T10:01:25,Retirada de vehículos,BICICLETA ABANDONADA,agradecimiento,0.62,1.0,historia,0.0,0.91,0.06,0.0,0.03,False,1,https://www.vitoria-gasteiz.org/wb021/was/comentarioAction.do?idioma=es&accion=verComentarios&claveAsuntoCom=383622&claveAsuntoGestorCom=817950&claveAreaCom=,"En la Calle Aguirrelanda, en uno de los aparca bicis que hay frente al portal número 1, hay una bicicleta pequeña candada, deteriorada y abandonada desde hace más de un año. No estaría de más que la retiraran ya que ocupa una plaza de un aparca bicis en una zona con una alta demanda. Gracias."
2026-09-23T10:02:29,Reciclaje de residuos,Contenedor de orgánico roto,aviso,0.73,1.0,historia,0.0,0.82,0.02,0.0,0.16,False,2,https://www.vitoria-gasteiz.org/wb021/was/comentarioAction.do?idioma=es&accion=verComentarios&claveAsuntoCom=383547&claveAsuntoGestorCom=817850&claveAreaCom=,El contenedor de orgánico está la puerta rota en la calle Bueno Monreal
2026-09-23T10:06:43,Coches y aparcamiento,APARCAMOTOS EN BEATO TOMAS DE ZUMARRAGA 1,agradecimiento,0.49,1.0,persiste,0.0,0.06,0.93,0.0,0.0,False,2,https://www.vitoria-gasteiz.org/wb021/was/comentarioAction.do?idioma=es&accion=verComentarios&claveAsuntoCom=360392&claveAsuntoGestorCom=785422&claveAreaCom=,"Buenos días, en Beato Tomas de Zumárraga 1, teníamos un lugar, donde aparcábamos las motos, pero ahora han puesto más aparca bicis, (que ya había bastantes...), solicito por favor se habilite un espacio para las motos. Gracias y un saludo"
2026-09-23T10:08:58,Reciclaje de residuos,Contenedor de orgánico c/ Txistularis,agradecimiento,0.94,1.0,historia,0.0,0.71,0.01,0.0,0.28,False,2,https://www.vitoria-gasteiz.org/wb021/was/comentarioAction.do?idioma=es&accion=verComentarios&claveAsuntoCom=383437&claveAsuntoGestorCom=817689&claveAreaCom=,El contenedor de residuos orgánicos de la calle Txistularis no abre una vez pisado el pedal. Ruego lo trasmitan para que lo revisen y reparen.
2026-09-23T10:10:47,Reciclaje de residuos,Contenedor ropa,agradecimiento,0.93,1.0,historia,0.0,0.7,0.02,0.0,0.27,False,2,https://www.vitoria-gasteiz.org/wb021/was/comentarioAction.do?idioma=es&accion=verComentarios&claveAsuntoCom=383419&claveAsuntoGestorCom=817671&claveAreaCom=,El contenedor de ropa que está al lado del centro de salud txagorritxu-gazalbide está lleno y las bolsas esparcidas por el suelo. Por favor que pase alguien a recogerlo lo antes posible. Gracias.
2026-09-23T10:14:22,Reciclaje de residuos,contenedor de basura mezcla sin recoger a las 12.00 del lunes,pregunta,0.98,1.0,persiste,0.0,0.13,0.81,0.0,0.05,False,2,https://www.vitoria-gasteiz.org/wb021/was/comentarioAction.do?idioma=es&accion=verComentarios&claveAsuntoCom=383369&claveAsuntoGestorCom=817629&claveAreaCom=,El contenedor de basura del número 33 de la calle Pedro de Asua está lleno y no admite más residuos. Aller noche no se vació.
2026-09-23T10:14:52,Coches y aparcamiento,Aparcamiento para PMR,agradecimiento,0.8,1.0,mucha_gente,0.0,0.39,0.14,0.0,0.46,False,2,https://www.vitoria-gasteiz.org/wb021/was/comentarioAction.do?idioma=es&accion=verComentarios&claveAsuntoCom=360214&claveAsuntoGestorCom=785102&claveAreaCom=,"Una persona con movilidad reducida, puede aparcar en zona azul o verde aparte de las zonas especificas y si es de fuera y esta de paso tiene que pagar o no. No esta claro. Muchas gracias."
2026-09-23T10:15:53,Reciclaje de residuos,Basuras en plaza bilbao,agradecimiento,0.57,1.0,persiste,0.0,0.42,0.56,0.0,0.02,False,2,https://www.vitoria-gasteiz.org/wb021/was/comentarioAction.do?idioma=es&accion=verComentarios&claveAsuntoCom=383312&claveAsuntoGestorCom=817563&claveAreaCom=,"Llevamos años sufriendo este tema. Todos los dias al tirar la basura está obstruido el sistema y en consecuencia se queda la calle llena de bolsas de basura. Además de que el sistema para echarla te obliga a tocar la palanca y es muy poco higienico. Pongan una solución por favor, todos los días es el mismo problema. Gracias"
2026-09-23T10:16:47,Reciclaje de residuos,Contenedor en mal estado,aviso,0.86,1.0,historia,0.0,0.81,0.17,0.0,0.02,False,2,https://www.vitoria-gasteiz.org/wb021/was/comentarioAction.do?idioma=es&accion=verComentarios&claveAsuntoCom=383306&claveAsuntoGestorCom=817557&claveAreaCom=,"Calle paseo la ilíada 22, contenedor de residuos gris el pedal para presionar y levantar la tapa no funciona bien, al pisar apenas se levanta la tapa, por favor revisarlo, gracias"
2026-09-23T10:17:06,Mobiliario urbano,vandalismo,pregunta,0.87,1.0,mucha_gente,0.0,0.28,0.0,0.0,0.71,False,2,https://www.vitoria-gasteiz.org/wb021/was/comentarioAction.do?idioma=es&accion=verComentarios&claveAsuntoCom=383609&claveAsuntoGestorCom=817928&claveAreaCom=,se ha roto intencionadamente la señal que indica la campa de perros sueltos en Salburua. dejando solo la que indica perros atados. se hace con la intención de provocar confusión y disputas .
2026-09-23T10:18:34,Zonas verdes,AVENIDA 8 DE MARZO. Franja de césped sin riego.,aviso,0.7,1.0,historia,0.0,0.84,0.05,0.0,0.1,False,2,https://www.vitoria-gasteiz.org/wb021/was/comentarioAction.do?idioma=es&accion=verComentarios&claveAsuntoCom=383611&claveAsuntoGestorCom=817930&claveAreaCom=,"En la Avda. del 8 de Marzo, junto a la franja verde de césped del tranvía (mantenida por Euskotren), hay una franja amarilla de césped de unos tres metros de anchura completamente seco (que mantiene el Ayuntamiento de Vitoria?). Hay un sistema de riego en dicha franja que no se usa. El contraste es notable entre una zona y otra, al no haber una separación física entre ambas. Da sensación de dejadez, ya que existe un sistema de riego instalado en dicha franja. ¿Podrían programar el riego de la superficie de césped indicada?"
2026-09-23T10:18:57,Zonas verdes,PASEO DE ESTRASBURGO. Parterres sin riego.,aviso,0.66,0.99,persiste,0.01,0.37,0.61,0.0,0.01,False,2,https://www.vitoria-gasteiz.org/wb021/was/comentarioAction.do?idioma=es&accion=verComentarios&claveAsuntoCom=383606&claveAsuntoGestorCom=817925&claveAreaCom=,"En el Paseo de Estrasburgo hay dos parterres que todavía no se riegan. Ubicados junto a los números 15 (lonja Viajes Azul Marino) y 17 (lonja Clinica Fisioterapia Maimu). Están completamente secos, porque no se han regado en todo el año. Por favor: ¿podrían programar dichos riegos?"
2026-09-23T10:19:21,Reciclaje de residuos,Contenedor orgánico no abre,pregunta,0.43,1.0,persiste,0.0,0.38,0.53,0.0,0.08,False,2,https://www.vitoria-gasteiz.org/wb021/was/comentarioAction.do?idioma=es&accion=verComentarios&claveAsuntoCom=383291&claveAsuntoGestorCom=817542&claveAreaCom=,"El contenedor de orgánico sitúado en la calle Miren Martínez Sáez del Burgo, número 46379,no se abre, tenemos q usar la ""trampilla"" de minusvalidos para poder desechar nuestras bolsas . He puesto varias quejas, lleva así mucho tiempo"
2026-09-23T10:21:11,Zonas verdes,jardín amarillo no ...lo siguiente,queja,0.66,1.0,persiste,0.0,0.23,0.75,0.0,0.02,False,2,https://www.vitoria-gasteiz.org/wb021/was/comentarioAction.do?idioma=es&accion=verComentarios&claveAsuntoCom=383602&claveAsuntoGestorCom=817919&claveAreaCom=,lleváis todo el verano incluido agosto y lo que va de septiembre sin regar estos jardines y así nos va ya no está ni amarillento es más se ve directamente la tierra porque no existe ni una brizna de hierba da una pena dantesca... esto está al lado de Bulevar de Salburua en la zona de la tienda de golosinas yumi. mis impuestos también son para parques y jardines.
2026-09-23T10:21:38,Igualdad,Proyecto feminista,agradecimiento,0.77,1.0,mucha_gente,0.0,0.12,0.0,0.0,0.88,False,1,https://www.vitoria-gasteiz.org/wb021/was/comentarioAction.do?idioma=es&accion=verComentarios&claveAsuntoCom=383630&claveAsuntoGestorCom=817954&claveAreaCom=,"Buenos días, Me llamo Jaxsa, soy exalumno de Comunicación audiovisual con honores en EHU y director de la serie ""Producto Local"". Escribo para presentar mi última serie: ""Producto Local"" https://www.imdb.com/title/tt36931110/ Siendo un proyecto feminista con 250 localizaciones de Ezkerraldea y el Gran Bilbao en general, con más de 200 participantes locales y pequeñas empresas, mi planteamiento es poder proyectar la serie para la ciudadanía, libremente Por favor, remitid este mensaje a la persona u organismo correspondiente Entre otros medios, hemos aparecido en la revista Rubik, en una entrevista por parte de Miguel Varela Vázquez, por si quieres echarle un ojo (páginas 16-17-18) https://issuu.com/anuarioapce/docs/revista_rubik_abril_2026_-_el_foco_en_la_ficci_n_s El Recorrido de Producto Local Hemos sido invitados a presentar la serie en la Universidad Complutense de Madrid y la Universidad de Salamanca. La serie ha sido presentada y entrevistada en más de 100 medios de comunicación y portales online. Fuimos seleccionados en el pitching de Seriesland en Bilbao. Participamos como profesionales en Iberseries en Madrid. Tuvimos una proyección de adelantos en BilboRock. También adjunto materiales de referencia de la serie Carpeta de materiales de Producto Local https://drive.google.com/drive/folders/11qn4GJTP_KKP5ZLt3irrn49H5UWfS2Hf Carpeta de materiales esenciales https://drive.google.com/drive/folders/12tX4rEj0w36Ek9fZeJyklTDsqN5NXQII Trailer Producto Local https://youtu.be/1T"
2026-09-23T10:39:50,TUVISA. Autobuses urbanos,Linea 11,agradecimiento,0.81,1.0,historia,0.0,0.81,0.01,0.0,0.19,False,2,https://www.vitoria-gasteiz.org/wb021/was/comentarioAction.do?idioma=es&accion=verComentarios&claveAsuntoCom=383130&claveAsuntoGestorCom=817277&claveAreaCom=,"buenas tardes, nos gustaría saber si la línea 11 va a ampliar los horarios en un plazo breve de tiempo, ya que con la apertura del curso escolar y las extraescolares en los diferentes barrios sería una buena iniciativa. Y cada cuantos minutos sería y cuando se podría realizar."
2026-09-23T10:42:48,Coches y aparcamiento,Aparcamiento motos sin uso,agradecimiento,0.61,1.0,persiste,0.0,0.09,0.91,0.0,0.0,False,3,https://www.vitoria-gasteiz.org/wb021/was/comentarioAction.do?idioma=es&accion=verComentarios&claveAsuntoCom=361441&claveAsuntoGestorCom=787022&claveAreaCom=,"Hay un aparcamiento en línea de motos en zuya 6, que nunca desde que se puso se ha utilizado ,y enfrente , a escasos 2 metros hay uno. Con capacidad para 5 motos por lo menos, y otro zuya 8. Podrían convertir este aparcamiento que nadie utiliza , para coches, ya que desde pusisteis la ota colindante a zaramaga ,y habéis quitado un montón de aparcamientos con la últimas reformas. A los vecinos nos cuesta aparcar más de media hora, y si encima tienes personas mayores con movilidad reducida ya es una odisea cuando tienes que llevarles alguna cita médica. Teniendo en cuenta que en esta barrio no hay garajes. Donde quieren que aparquemos. Luego dirán hemos pedido la ota los que vivimos en el barrio, nos obligan que no es lo mismo. Nos han complicado la vida un montón, y además de convertir la calle vitoria en una zona de tráfico intenso, donde la contaminación ha subido. Eso sí la zona de bajas emisiones ,es para unos no para todos , depende de donde vivas. Mando foto del aparcamiento de motos que nadie utiliza. / 24 días después seguimos sin respuesta, y sigue vacío dicho aparcamiento de motos. Y seguimos con problemas para aparcar y siguen quitando aparcamientos, hacen obras y desaparecen las aparcamientos. Ruego valores lo de ese aparcamiento de motos que nadie usa, calle zuya 6 ,está en línea, enfrente a escasos un 2 metros hay ya uno para motos y en la calle zuya 8 hay más aparcamientos de motos. Esperando su respuesta / Ese aparcamiento de motos está muy bien ahí para que ha"
2026-09-23T10:43:15,Limpieza pública,Suciedad en circuito de patinaje,aviso,0.34,1.0,historia,0.0,0.53,0.02,0.03,0.43,False,2,https://www.vitoria-gasteiz.org/wb021/was/comentarioAction.do?idioma=es&accion=verComentarios&claveAsuntoCom=383596&claveAsuntoGestorCom=817913&claveAreaCom=,Las papeleras y los banquillos del circuito de patinaje de Lakua están llenas de latas. Urge una limpieza para evitar accidentes.
2026-09-23T10:45:15,Limpieza pública,Botellas por doquier,agradecimiento,0.33,1.0,mucha_gente,0.0,0.35,0.0,0.0,0.65,False,2,https://www.vitoria-gasteiz.org/wb021/was/comentarioAction.do?idioma=es&accion=verComentarios&claveAsuntoCom=383563&claveAsuntoGestorCom=817866&claveAreaCom=,En domingo beltran 27
2026-09-23T10:46:24,Limpieza pública,Queja por falta de limpieza,pregunta,0.63,1.0,mucha_gente,0.0,0.32,0.02,0.0,0.66,False,2,https://www.vitoria-gasteiz.org/wb021/was/comentarioAction.do?idioma=es&accion=verComentarios&claveAsuntoCom=383549&claveAsuntoGestorCom=817852&claveAreaCom=,"Quisiera trasladar una queja por la falta de limpieza acumulada desde la plaza decla ciudadela a la de andagoya y en la calle Domingo Beltrán. La zona de la papelera en domingo beltran 48 se encuentra llena de colillas y suciedad, y hay unas zapatillas abandonadas junto al contenedor desde hace días sin retirar. Me gustaría que el servicio de gestión ambiental me aclarase qué frecuencia de barrido tiene programada exactamente este tramo de calle (si es diario, alterno, etc.), ya que la acumulación de residuos evidencia que el servicio actual es insuficiente para la zona. Solicito asimismo la limpieza urgente del punto indicado."
2026-09-23T10:49:06,Limpieza pública,Suciedad,aviso,0.94,1.0,mucha_gente,0.0,0.01,0.08,0.14,0.76,False,2,https://www.vitoria-gasteiz.org/wb021/was/comentarioAction.do?idioma=es&accion=verComentarios&claveAsuntoCom=383524&claveAsuntoGestorCom=817812&claveAreaCom=,"- Piden limpiar la calle Francisco Javier de Landaburu entre el 70 y el 74, lleno de caca de palomas y grafittis - La Plaza San Martín de Abendaño está muy sucia, los bancos rotos, incluso han visto ratas - Limpiar las hojas del colegio Divino Maestro - Recoger las hojas de Puerto de Urkiola"
2026-09-23T10:51:13,Coches y aparcamiento,Situación insostenible de estacionamiento en calle Bolivia y alrededores,queja,0.58,0.96,persiste,0.04,0.32,0.34,0.0,0.3,False,3,https://www.vitoria-gasteiz.org/wb021/was/comentarioAction.do?idioma=es&accion=verComentarios&claveAsuntoCom=364301&claveAsuntoGestorCom=791592&claveAreaCom=,"Vivo en la calle Bolivia, frente al Colegio San Viator y al lado del Conservatorio de Música y del Palacio Europa. Siempre fue complicado aparcar, pero recientemente la situación se ha vuelto insostenible. El problema es esto: Desde que el barrio limítrofe de San Martín implementó su OTA, un flujo masivo de vehículos busca estacionamiento en nuestras calles. Esto, sumado a que el Colegio San Viator funciona desde las 08:00 hasta las 20:00, ha convertido la calle Bolivia en el aparcamiento privado de los padres del colegio. Aparcan sin respeto en cualquier parte, ocupan plazas para discapacitados sin consecuencias, y en la calle Bolivia lado Argentina (la calle sin salida) muchas veces aparcan donde está prohibido, imposibilitando que los vehículos puedan dar la vuelta para salir. Además, el Palacio Europa celebra convenciones regularmente, y sus invitados también se refugian en nuestras calles. Todo esto genera una demanda de parking monumental que, en la mayoría de ocasiones, nos deja a los residentes sin aparcamiento. El resultado: Pierdo hasta 1 hora diaria dando vueltas buscando sitio, especialmente entre las 14:00 y las 20:30. La situación es particularmente grave en horario escolar. No me parece justo tener que salir de trabajar y perder 40 minutos al día esperando que algún sitio se libere, mientras la gente aparcar como quiere sin ninguna consecuencia. Necesitamos una solución urgente que mejore la calidad de vida en el barrio. / Totalmente de acuerdo. Debería impleme"
2026-09-23T10:56:56,Servicios y productos turísticos de la ciudad,Tarifas para personas con discapacidad,agradecimiento,0.99,1.0,historia,0.0,0.93,0.03,0.0,0.04,False,2,https://www.vitoria-gasteiz.org/wb021/was/comentarioAction.do?idioma=es&accion=verComentarios&claveAsuntoCom=379896&claveAsuntoGestorCom=813087&claveAreaCom=,"Tras verano en Vitoria, nos sorprende enormemente lo poco que se tiene en cuenta a las personas con discapacidad y persona de la que dependen en actividades como, por ejemplo, el tren turístico (además de marcar un tiempo en el cartel informativo, que nunca se cumple siempre por defecto). Sorprende que no exista de una tarifa reducida para personas con discapacidad ni para acompañante del mismo (dependientes). Que conozcamos: En San Sebastián, tren, bus tienen un precio especial. En Salou, tren tiene un precio reducido En Bilbao, visita reciente, bus precio reducido y acompañante gratis. En Zaragoza idem. En Lérida Agradecería lo tuvieran en cuenta para el próximo años. Muchas gracias."
2026-09-23T10:58:07,Coches y aparcamiento,Apartamentos,aviso,0.46,1.0,historia,0.0,0.61,0.15,0.0,0.24,False,3,https://www.vitoria-gasteiz.org/wb021/was/comentarioAction.do?idioma=es&accion=verComentarios&claveAsuntoCom=365415&claveAsuntoGestorCom=793351&claveAreaCom=,"Desde que se puso la OTA en san Martín los vecinos del lado derecho de la calle beato vivimos constantemente sufriendo problemas para aparcar, el parking de la plaza Avendaño la mitad de los sitios están ocupados por furgonetas y pequeños camiones ahy días que hasta 90 min para aparcar porque no ahy sitios está colapsado de coches aver si también ponen la OTA por esta zona / La calle abendaño se podría aumentar el número de plazas reduciendo a un carril en ambos sentidos. Sentido norte se pueden crear más de 100 plazas nuevas. Sentido sur cambiando de línea a batería pueden multiplicar por dos las plazas actuales en un lado. No hay necesidad de doble carril en una calle con tráfico tan calmado. Ya se negaron al paso del tranvía por esta calle, se puede reformar"
2026-09-23T10:58:34,Limpieza pública,Limpieza C/Cuenca del Deba,aviso,0.84,1.0,persiste,0.0,0.44,0.51,0.0,0.05,False,2,https://www.vitoria-gasteiz.org/wb021/was/comentarioAction.do?idioma=es&accion=verComentarios&claveAsuntoCom=383627&claveAsuntoGestorCom=817951&claveAreaCom=,"Para cuando piensa el ayto retirar toda la basura que hay en los soportales de C/Cuenca del Deba. A las peticiones anteriores se ha respondido siempre que se pasará la incidencia a la empresa pero ahí sigue amontonándose basura. Cada vez mas colchones, sillas, algún carro del Mercadona, bicicletas, mas cazuelas... Por no hablar de las personas que ocupan ese sitio, que van a la rampa del garaje a mear. El olor que hay es insoportable. Acaso no pagamos impuestos como los demas? igual que las personas que viven en el centro o en el Batan? ACTUEN YA!!"
2026-09-23T11:00:24,Coches y aparcamiento,Impuesto circulación vehículos ECO,agradecimiento,0.57,1.0,historia,0.0,0.42,0.24,0.0,0.35,False,7,https://www.vitoria-gasteiz.org/wb021/was/comentarioAction.do?idioma=es&accion=verComentarios&claveAsuntoCom=364495&claveAsuntoGestorCom=791959&claveAreaCom=,"Vehículos ECO. Nos venden la idea de comprar vehículos menos contaminantes para dar una bonificación durante solo seis años? O es que a los seis años ya pasan a contaminar como el resto? O es que a los seis años se les gasta la batería? Porque no se aplica a toda la vida del vehículo ? / Recuerda que tampoco te hacen descuento en la OTA a pesar de que lo prometieron desde antes de la ampliación. En otros ayuntamientos ya llevan 10 años haciendo el 50% en la OTA y en el impuesto de circulación, integrar la base de datos de matrículas cuesta muy poco. ¿qué será lo próximo? ¿una tasa turística en Vitoria aunque vayas a trabajar? / Pues yo veo normal que no sea la bonificación de por vida, más que nada porque esos impuestos sirven para el mantenimiento de las vías por los que circulan todos los vehículos, sean ECO o no. Por otro lado está la broma de los vehículos ECO que contaminan más que muchos otros ""no ECO""... / Estoy totalmente de acuerdo con la queja de éste comentario. En mi caso recientemente he quitado un vehículo diésel por otro similar con etiqueta Eco. No tiene ningún sentido que se aplique la bonificación solo durante los 6 primeros años. Qué pasa, que luego contamina más? Así queréis que hagamos el esfuerzo de cambiar a vehículos menos contaminantes? A sumar a todo esto cada vez las carreteras están peor, cada vez se puede circular por menos sitios.... La bonificacion solamente por 6 años para mí es una broma de mal gusto. Así no vais a animar a la gente a cambiar "
2026-09-23T11:07:53,Circulación - Tráfico,Camión orgánico,queja,0.54,1.0,historia,0.0,0.63,0.25,0.0,0.11,False,1,https://www.vitoria-gasteiz.org/wb021/was/comentarioAction.do?idioma=es&accion=verComentarios&claveAsuntoCom=383634&claveAsuntoGestorCom=817960&claveAreaCom=,Buenos días El camión de recogida de orgánico que pasa todos los días por tramo de san Vicente de Paúl para recoger un pequeño contenedor de orgánico lo hace marcha atrás y luego sigue en dirección prohibida. Es un peligro tanto para peatones como coches. Las normas de circulación son para todos iguales.
2026-09-23T11:20:40,Otros vía pública,pasarela los astronomos,queja,0.43,1.0,historia,0.0,0.97,0.0,0.0,0.02,False,1,https://www.vitoria-gasteiz.org/wb021/was/comentarioAction.do?idioma=es&accion=verComentarios&claveAsuntoCom=383635&claveAsuntoGestorCom=817961&claveAreaCom=,"Para cuando la apertura de la pasarela????, hay cientos de personas afectadas por el cierre de esta pasarela peatonal... ademas está el colegio recién estrenado y el rodeo que hay que dar es enorme!!. hay alguna noticia por parte del ayuntamiento o de ADIF??? no se puede abrir de manera provisional???"
2026-09-23T11:22:11,Zonas verdes,Árboles con ramas muy bajas en C/. Donostia,agradecimiento,0.88,0.97,historia,0.03,0.7,0.07,0.0,0.2,False,2,https://www.vitoria-gasteiz.org/wb021/was/comentarioAction.do?idioma=es&accion=verComentarios&claveAsuntoCom=383616&claveAsuntoGestorCom=817941&claveAreaCom=,"En la C/. Donostia, enfrente del VivaGym Padeleku, hay varios árboles con las ramas muy crecidas y bajas, que tapan la iluminación de la acera e impiden circular con normalidad a los peatones. No es la acera que está justo a la salida del Padeleku, sino la de enfrente, la que está al otro lado de la mediana, junto a la calzada con circulación de coches hacia Blas de Otero. Se debería hacer una poda. Gracias."
2026-09-23T11:22:32,Policía Local,Vandalismo en arbolado - Rama arrancada en Domingo Beltrán 42 y 41,pregunta,0.96,1.0,mucha_gente,0.0,0.26,0.29,0.0,0.45,False,1,https://www.vitoria-gasteiz.org/wb021/was/comentarioAction.do?idioma=es&accion=verComentarios&claveAsuntoCom=383636&claveAsuntoGestorCom=817962&claveAreaCom=,"Aviso de actos de vandalismo en el arbolado urbano. En la calle Domingo Beltrán, 42, han arrancado una rama de gran tamaño de uno de los árboles. La rama dañada se encuentra actualmente tirada junto al contenedor de basura de la zona. Y en el 41 lo han cortado por la mitad."
2026-09-23T11:39:30,Moverse en bicicleta,Carril Bicis Avenida,aviso,0.71,1.0,mucha_gente,0.0,0.39,0.02,0.0,0.58,False,1,https://www.vitoria-gasteiz.org/wb021/was/comentarioAction.do?idioma=es&accion=verComentarios&claveAsuntoCom=383639&claveAsuntoGestorCom=817965&claveAreaCom=,"Se solicita retirar el carril bicis antiguo entre el número 61 de la Avenida de Gasteiz y la calle Adriano VI, y restituirlo al estado inicial colocando baldosas, dado que las bicicletas y patinetes circulan tanto por el carril nuevo como por el antiguo, con el consiguiente peligro de atropellos. Hasta la realización de las obras se solicita más presencia policial para evitar la circulación de bicicletas y patinetes por el carril antiguo."
2026-09-23T11:42:32,Policía Local,"Falta de limpieza, balizamiento y escombros edificio Niza",aviso,0.87,1.0,persiste,0.0,0.06,0.93,0.0,0.01,False,1,https://www.vitoria-gasteiz.org/wb021/was/comentarioAction.do?idioma=es&accion=verComentarios&claveAsuntoCom=383641&claveAsuntoGestorCom=817967&claveAreaCom=,"Estás obras llevan ya más de 12 meses acumulando residuos y materiales alrededor sin delimitar, sin balizar, sin separar... Los camiones han estado ensuciando las calles de barro y polvo durante meses sin limpieza alguna antes de salir o entrar. Ahora que están terminando el edificio por favor asegúrense que descontaminan y limpian la zona y aceras colindantes. Además ya ha arrancado la obra de edificio gemelo Niza 2 a 50 metros. Adjunto foto del Maps para localizar el edificio."
2026-09-23T11:47:05,Otros vía pública,Invasión árboles adosado privado calle Larrabazterra,queja,0.56,1.0,persiste,0.0,0.19,0.67,0.0,0.14,False,2,https://www.vitoria-gasteiz.org/wb021/was/comentarioAction.do?idioma=es&accion=verComentarios&claveAsuntoCom=383643&claveAsuntoGestorCom=817969&claveAreaCom=,"Y va por segunda vez... Yendo por la calle Larrabazterra, a la altura del 19-17 aproximadamente, enfrente, al otro lado de la calle, la parte trasera de otro adosado, le salen ramas de un pino que invaden ya una parte importante de la calle. Y eso casi da igual, pero es que ahora pasas por allí, y está repleto de avispas, no sé si porque el pino tiene nidos o por qué. Estaría bien que alguien le dijera a este/a vecino/a que tiene que cortar las ramas de su árbol, porque no puede invadir la calle de esta manera. Venga... a ver si no lo tengo que decir más veces... / Pues nada... que ahí siguen los arbolicos, creciendo y creciendo sin parar... Una cosaaaaaaaaaaaa / Qué hay que hacer para que alguien le pegue un toque a este vecino/a para que corte las ramas de sus pinos? Es una pasada... Y cada vez se ven más avispas alrededor. Señores/as del ayuntamiento... muévanse por favor... / He pasado por esa calle y no veo pinos, solo algún ciprés."
2026-09-23T11:54:50,Policía Local,daños repetititovos de obras durante años goikolarra,queja,0.57,1.0,persiste,0.0,0.15,0.51,0.0,0.33,False,1,https://www.vitoria-gasteiz.org/wb021/was/comentarioAction.do?idioma=es&accion=verComentarios&claveAsuntoCom=383649&claveAsuntoGestorCom=817976&claveAreaCom=,"camiones de gran tonelaje suben por nuestra calle hacia las nuevas viviendas del barrio. durante años obras sin supervisión han provocado diversos daños en el asfalto del barrio, cuando estaba nuevo, debido a las continuas obras , el alto peso de los medios usados y la falta de cuidado. pero el ayuntamiento a pesar de saberlo ya que ha sido informado incluso por asociaciones de vecinos no vigila para nada las mismas y permite estos daños en la vía pública . por supuesto cuando estás acaban y son revisadas y dadas el visto bueno por las diferentes administraciones esos daños permanecen y no son reparados jamás. como el que veis en la imagen o un pivote totalmente arrancado de hierro de un camión . de otras imagen que no puedo subir ya que solo se permite una por comentario. tan solo hay que gastar 10 minutos en el barrio o una vigilancia mínima de la policía local para detectarlas y ver a qué constructora/s corresponde."
2026-09-23T11:55:04,Mobiliario urbano,Área juego 159 Zabalgana,pregunta,0.79,1.0,historia,0.0,0.95,0.0,0.0,0.04,False,2,https://www.vitoria-gasteiz.org/wb021/was/comentarioAction.do?idioma=es&accion=verComentarios&claveAsuntoCom=381122&claveAsuntoGestorCom=814492&claveAreaCom=,El área de juegos está peligrosísima. El tobogán más grande está suelto y cualquier críos que se tire por el puede sufrir gran daño.
2026-09-23T11:55:44,Zonas verdes,ESTORNINOS EN CALLE RONCESVALLES,queja,0.7,1.0,mucha_gente,0.0,0.03,0.32,0.0,0.64,False,2,https://www.vitoria-gasteiz.org/wb021/was/comentarioAction.do?idioma=es&accion=verComentarios&claveAsuntoCom=383644&claveAsuntoGestorCom=817970&claveAreaCom=,"Estimados/as responsables del Buzón Ciudadano: Por medio del presente escrito, deseo trasladar una queja y solicitud formal en relación con la problemática que venimos sufriendo en la Calle Roncesvalles (zona peatonal). Desde hace un tiempo, la presencia masiva y constante de estorninos en el arbolado de esta vía está ocasionando graves inconvenientes a los vecinos, y transeúntes. Los principales problemas detectados son: -Suciedad e insalubridad: Bancos, pavimentos y fachadas se encuentran permanentemente cubiertos de heces, lo que impide el uso del mobiliario urbano, afea la calle y genera un riesgo de resbalones y problemas de salud pública. -Contaminación acústica: El ruido y los chillidos continuos de estas aves, especialmente al amanecer y al anochecer, resultan ensordecedores e impiden el descanso vecinal. Entendemos que se trata de fauna urbana, pero la concentración actual supera lo tolerable y degrada un espacio peatonal de gran tránsito. Por todo ello, solicitamos que los servicios municipales correspondientes valoren e implementen medidas disuasorias o de control de aves (como métodos acústicos, visuales o de poda selectiva) para dispersar estas bandadas, así como un refuerzo en las labores de limpieza de la zona. Agradeciendo de antemano su atención y esperando una pronta respuesta y solución a este problema, les saluda atentamente Isabel [Eliminado]"
2026-09-23T11:55:44,Mobiliario urbano,Parque descuidado meses,aviso,0.66,1.0,persiste,0.0,0.44,0.55,0.0,0.01,False,2,https://www.vitoria-gasteiz.org/wb021/was/comentarioAction.do?idioma=es&accion=verComentarios&claveAsuntoCom=383294&claveAsuntoGestorCom=817545&claveAreaCom=,"Desde hace varios meses en el parque infantil de C/Antoni Tapiés, 10 (area de juegos 159) el tobogán azul grande está roto impidiendo que los niños puedan disfrutarlo y además también la cuerda que sube hacia la torre está rota, con un tornillo punzante muy peligroso. ¿Cuándo van a arreglar este parque de una vez??"
2026-09-23T11:56:02,Mobiliario urbano,REPARACIÓN URGENTE DEL TOBOGAN DEL PARQUE DE LA CALLE ANTONI TAPIES,agradecimiento,0.84,1.0,persiste,0.0,0.04,0.87,0.0,0.09,False,2,https://www.vitoria-gasteiz.org/wb021/was/comentarioAction.do?idioma=es&accion=verComentarios&claveAsuntoCom=380736&claveAsuntoGestorCom=814043&claveAreaCom=,"Me pongo en contacto con ustedes para solicitar, con carácter urgente, la reparación de uno de los toboganes de la zona de juegos infantiles, área n°159, situado en la calle Antonio Tàpies, 10. El tobogán lleva más de dos meses roto y precintado, sin que hasta el momento se haya solucionado el problema. Aunque actualmente está señalizado para impedir su uso, considero que la situación supone un riesgo importante para la seguridad de los niños y niñas que utilizan el parque. El elemento se encuentra en un estado en el que es muy fácil que pueda llegar a descolgarse o caer, pudiendo provocar un accidente grave si algún menor se encuentra cerca en ese momento. Además, el precinto no garantiza que los niños no puedan acercarse o manipularlo, especialmente tratándose de un parque infantil. Por ello, solicito que, por favor, se revise y repare o sustituya el tobogán lo antes posible, y que se adopten mientras tanto las medidas necesarias para garantizar que no pueda desprenderse ni ocasionar ningún accidente. Creo que, después de más de dos meses, sería conveniente dar una solución definitiva a este problema, ya que se trata de un espacio destinado al uso y disfrute de los más pequeños y su seguridad debería ser una prioridad. Agradezco de antemano su atención y espero que puedan actuar con la mayor celeridad posible. Atentamente,"
2026-09-23T11:56:21,Mobiliario urbano,Reclamación parque infantil roto,aviso,0.56,1.0,historia,0.0,0.85,0.15,0.0,0.0,False,2,https://www.vitoria-gasteiz.org/wb021/was/comentarioAction.do?idioma=es&accion=verComentarios&claveAsuntoCom=381875&claveAsuntoGestorCom=815445&claveAreaCom=,Buenos días hace 2 meses puse una reclamación al ayuntamiento porque el tobogán azul del parque infantil 159 situado entre la C/ Clara Campoamor y la C/ Pablo Picasso estaba roto con signos de ningun tipo de mantenimiento. Desde fueta si no te fijas bien no se aprecia pero los anclajes estaban sueltos. Mi hijo al bajar metio el pie en uno de esos anclajes y se rompió un hueso del pie. Puse la reclamación para que lo arreglasen y cual es mi sorpresa que 2 meses más tarde NO LO HAN ARREGLADO INCLUSO ESTA ROTO POR COMPLETO. Y a mi ni siquiera han sido capaces de contestar a mi reclamación personal. La verdad que no se para que pagamos impuestos si luego no vemos resultados. Espero que cuanto antes arreglen el tobogán y a ver si tienen un poco de educación y me contestan.
2026-09-23T11:56:29,Solares / parcelas sin edificar,Bulevar de Mariturri con Portal de Zuazo,pregunta,0.99,1.0,historia,0.0,1.0,0.0,0.0,0.0,False,2,https://www.vitoria-gasteiz.org/wb021/was/comentarioAction.do?idioma=es&accion=verComentarios&claveAsuntoCom=380465&claveAsuntoGestorCom=813704&claveAreaCom=,"Egun on, Mezu honen bidez jakin nahiko nuke ea zer ari diren egiten Bulevar de Mariturri eta Zuhatzuko Atea artean dagoen lursailean. Me gustaría saber qué están construyendo en el solar entre Bulevar de Mariturri, Portal de Zuazo e Iruña Veleia. Eskerrik asko."
2026-09-23T11:59:22,Desperfectos en vía pública,C/ Sta. Mª Josefa del Corazón de Jesús - Baldosas levantadas y rotas,pregunta,0.91,1.0,historia,0.0,0.65,0.14,0.0,0.21,False,2,https://www.vitoria-gasteiz.org/wb021/was/comentarioAction.do?idioma=es&accion=verComentarios&claveAsuntoCom=379978&claveAsuntoGestorCom=813175&claveAreaCom=,En la calle Sta. Mª Josefa del Corazón de Jesús a la altura del Portal nº 8 de la Calle Miren Mtz. Sáez del Burgo hay varias baldosas sueltas y rotas.
2026-09-23T12:01:39,Planeamiento de la ciudad,Solicitud de creación de zonas de esparcimiento canino acotadas (parques para perros vallados),agradecimiento,0.98,1.0,historia,0.0,0.51,0.14,0.0,0.35,True,9,https://www.vitoria-gasteiz.org/wb021/was/comentarioAction.do?idioma=es&accion=verComentarios&claveAsuntoCom=383651&claveAsuntoGestorCom=817979&claveAreaCom=,"Solicito al Ayuntamiento de Vitoria-Gasteiz la instalación de parques para perros cerrados y vallados en los diferentes barrios de la ciudad. Actualmente, las zonas habilitadas para perros sueltos son espacios abiertos donde no es seguro soltar a todos los animales (perros en proceso de adaptación, cachorros, o perros con tendencia a escaparse). La instalación de acotados vallados con doble puerta de seguridad, papeleras con dispensador de bolsas y punto de agua: -Fomenta la convivencia ciudadana, evitando molestias a personas a las que les incomodan los perros en parques abiertos. -Supone una inversión reducida en comparación con el alto número de familias con mascota que se beneficiarían. -Mejora el bienestar animal y la seguridad vial al evitar atropellos por fugas descontroladas. Ruego se estudie la posibilidad de realizar un proyecto piloto en algún barrio con alta densidad de mascotas (como Arriaga ,Salburua, Zabalgana o Lakua) para evaluar su implantación progresiva en el resto de la ciudad. / Egun on, me sumo +1 a esta petición, es muy útil! / Estoy de acuerdo. Me parecería una buena forma de progresar / Me parece una idea muy útil / Parece mentira, que en una ciudad como Vitoria no se encuentre ninguno vallado, en provincias cercanas hay varios. / Ya sé que las comparaciones son odiosas pero deja mucha que desear de una “Green Capital” y protectora de los animales las superen y adelanten por la izquierda ciudades/pueblos como Miranda de Ebro o Haro que cuenta desde h"
2026-09-23T12:02:42,Coches y aparcamiento,consulta 02-04-2026 - segundo intento,pregunta,0.77,1.0,historia,0.0,0.91,0.01,0.0,0.08,False,4,https://www.vitoria-gasteiz.org/wb021/was/comentarioAction.do?idioma=es&accion=verComentarios&claveAsuntoCom=365923&claveAsuntoGestorCom=794235&claveAreaCom=,"Estimado, Hace casi tres semanas remití una consulta relativa a la reserva de varias plazas de aparcamiento frente a la discoteca Jimmy jazz, sita en la calle Coronación (https://www.vitoria-gasteiz.org/wb021/was/comentarioAction.do?accion=verComentarios&idioma=es&claveAsuntoCom=364656&claveAsuntoGestorCom=792236&claveAreaCom=5 ). Sin haber recibido respuesta hasta la fecha. Dado que se trata de una cuestión sencilla y que la administración está obligada a responder conforme a derecho, me permito reiterar la solicitud. En concreto, solicito información sobre: - Qué tipo de autorización municipal permite reservar dichas plazas. - Cuál es el uso autorizado (carga y descarga, servicio del local, etc.). - Si es conforme a la normativa que se utilicen para aparcar vehículos particulares vinculados al local. - Qué mecanismos existen para denunciar un uso indebido en caso de que no se ajuste a la ordenanza. Agradecería que se revisara la situación, ya que la reserva de estas plazas, sumada a los problemas de ruido, altercados y sensación de inseguridad en la zona, afecta de manera significativa a la convivencia y al descanso de los residentes. Quedo a la espera de su respuesta en tiempo y forma. Atentamente, / Pues para que los grupos que tocan puedan descargar su equipo antes lo hacían detrás ahora es peatonal y Trankilo que ya les cobrarán bien por el uso / Estimado iOS, estoy solicitando precisamente, entre otras cosas, ese dato, ya que es un campo que debería aparecer en la hoja"
2026-09-23T12:06:54,Coches y aparcamiento,¿Error en app Telpark o en señalización?,pregunta,0.98,1.0,persiste,0.0,0.43,0.49,0.0,0.08,False,2,https://www.vitoria-gasteiz.org/wb021/was/comentarioAction.do?idioma=es&accion=verComentarios&claveAsuntoCom=365787&claveAsuntoGestorCom=794032&claveAreaCom=,"He aparcado en el primer sitio en batería que hay en la calle Logroño viniendo de José Mardones. En la acera de enfrente, en la misma calle Logroño ,hay una señal que indica que es zona OTA 2B. Sin embargo, al ir a pagar mi ticket desde la app Telpark lo detecta como El Anglo y me insiste en que debo pagar tarifa 1C y estar máximo 1h y 30min. ¿Cuál es el error? Entiendo que el mapa de telpark es el que debe actualizarse, pues he revisado la información en la web y pone que calle Logroño es zona 2B. Por favor, corrijan esto para evitar confusiones."
2026-09-23T12:11:14,Policía Local,Página web: Objetos perdidos,agradecimiento,0.75,1.0,historia,0.0,1.0,0.0,0.0,0.0,True,81,https://www.vitoria-gasteiz.org/wb021/was/comentarioAction.do?idioma=es&accion=verComentarios&claveAsuntoCom=91619&claveAsuntoGestorCom=307867&claveAreaCom=,"Hola mi nombre es Franco Cusano y he perdido mi pasaporte italiano. Si alguien lo ha entregado a la policia local que se contacten conmigo por favor.[........] / Hola, he perdido un pendiente el día 12 - 2 - 14 entre calles General Alava,san Prudencio, Manuel Iradier o calle Dato, si alguien lo ha encontrado agradecería se pusiera en contacto conmigo, tiene mucho valor para mí, es un recuerdo mi nº es [............. ] / Hola, he perdido un movil motorola moto g de color negro en las piscinas de gamarra, si alguien lo ha encontrado le agradeceria que se puesiera en contacto con mingo, porfavor lo acabo de comprar y es de mi hijo pequeño, en caso de que no lo devuelvan lo bloquearemos para que no pueda ser usado mi numero es: [.................] / Hola mi nombre es HENRY Aldalberto García Hernández y he perdido mi pasaporte nicaragüense esta mañana camino al supermercado Dia de Bremen kalea 2 si lo encuentras llámame al número was [...............].muchas gracias. / Hola mi nombre es Gerardo steven Barias Sánchez he perdido mi cartera con mis documentos en Vitoria-Gasteiz en los alrededores de por la antigua estación de autobus, por favor [.................] / Hola: he perdido una llave y mando a distancia de coche Volvo en un llavero con solapa de cuero. Si alguien la ha encontrado, agradecería que se notificase en este número de teléfono: [eliminado tfo] / Esta mañana he perdido una cartera por la zona de Aranbizkarra (posiblemente en calle Obispo Ballester). Era una cuerta d"
2026-09-23T12:15:35,Salubridad e higiene,PLAGA DE RATAS DEN SALBURUA Y LLEVAN MESES,queja,0.38,1.0,historia,0.0,0.87,0.0,0.0,0.12,False,2,https://www.vitoria-gasteiz.org/wb021/was/comentarioAction.do?idioma=es&accion=verComentarios&claveAsuntoCom=383410&claveAsuntoGestorCom=817662&claveAreaCom=,"He venido denunciando desde hace por lo menos 3 meses sobre la presencia contante y masiva de ratas en los setos de la Calle Viena, especialmente vistas frente a los portales 7 al 11. Sigo denunciando el peligro tanto para la salud e higiene de nuestros hijos y mascotas. He visto desde la primera denuncia, cómo estos bichos se multiplican y además crecen de manera exponencial. Todo lo anterior ante la mirada totalmente indiferente de la alcaldesa y los estamentos públicos responsables de la salubridad y protección ciudadana. Exijo que se tomen medidas inmediatas para controlar y extinguir cuanto antes esta infestación que además tengo entendido que se sucede por muchos otros barrios de Vitoria"
2026-09-23T12:15:42,TUVISA. Autobuses urbanos,Levantan la mano pero no para,queja,0.5,1.0,historia,0.0,0.74,0.05,0.0,0.21,False,2,https://www.vitoria-gasteiz.org/wb021/was/comentarioAction.do?idioma=es&accion=verComentarios&claveAsuntoCom=383654&claveAsuntoGestorCom=817985&claveAreaCom=,"23/09/2026 6:59 Linea 5 Parada C/Valladolid (cafetería Mikeldi o Mikel): estaban tres personas, han alzado la mano. El autobús ha hecho amago de parar pero se ha ido sin más. Son usuarios asiduos de esta línea. Han llegado tarde a trabajar."
2026-09-23T12:16:26,Salubridad e higiene,Rata enorme,agradecimiento,0.45,1.0,historia,0.0,0.83,0.0,0.0,0.17,False,2,https://www.vitoria-gasteiz.org/wb021/was/comentarioAction.do?idioma=es&accion=verComentarios&claveAsuntoCom=383508&claveAsuntoGestorCom=817776&claveAreaCom=,Esquina badaya con domingo beltran detras de la cabina telefonixa
2026-09-23T12:17:10,Mobiliario urbano,Plaza Valladolid 10,agradecimiento,0.73,1.0,historia,0.0,0.75,0.08,0.0,0.18,False,2,https://www.vitoria-gasteiz.org/wb021/was/comentarioAction.do?idioma=es&accion=verComentarios&claveAsuntoCom=380350&claveAsuntoGestorCom=813585&claveAreaCom=,"Desde hace tiempo esta plaza necesita una renovación. Hace años que no tiene la señal que identifica la zona de columpios, así que no sé qué número tiene. Los bancos están podridos y en mal estado la mayoría. El columpio va teniendo reparaciones y hace poco tuvieron que retirar parte porque ya no tenía solución. Aún así sigue teniendo maderas desgastadas y en mal estado con el peligro correspondiente para l@s niñ@s que juegan en él. Creo que desde hace tiempo necesita una renovación completa. Muchas gracias"
2026-09-23T12:17:36,Mobiliario urbano,Bancos Plaza Zaldiaran,agradecimiento,0.96,1.0,historia,0.0,0.48,0.08,0.0,0.44,False,2,https://www.vitoria-gasteiz.org/wb021/was/comentarioAction.do?idioma=es&accion=verComentarios&claveAsuntoCom=380380&claveAsuntoGestorCom=813619&claveAreaCom=,"Hola, escribo para que tomen nota del estado de los bancos y mobiliario urbano de la Plaza Zaldiaran. Los bancos están rotos, desgastados… es una plaza que tiene mucha vida y uso. Entiendo que habría que mantenerlos adecuadamente o cambiarlos por otros nuevos, como ya se ha hecho en otras calles de Vitoria."
2026-09-23T12:27:34,Mobiliario urbano,Bancos sin mantenimiento.,aviso,0.81,1.0,historia,0.0,0.84,0.0,0.0,0.16,False,2,https://www.vitoria-gasteiz.org/wb021/was/comentarioAction.do?idioma=es&accion=verComentarios&claveAsuntoCom=379687&claveAsuntoGestorCom=812848&claveAreaCom=,"En el paseo hasta San Prudencio, el estado de alguno de los bancos es lamentable. Un paseo tan concurrido en el que personas mayores toman descanso en unos bancos que están sin mantener."
2026-09-23T12:29:40,TUVISA. Autobuses urbanos,Queja TUVISA,aviso,0.46,1.0,historia,0.0,0.89,0.09,0.0,0.02,False,541,https://www.vitoria-gasteiz.org/wb021/was/comentarioAction.do?idioma=es&accion=verComentarios&claveAsuntoCom=78901&claveAsuntoGestorCom=280821&claveAreaCom=,"En una ciudad como Gasteiz, en la que estamos escuchando continuamente que se utilice el transporte público, creo que a veces, hay conductores de tuvisa que se agarran a las normas estrictamente y digo esto porque concretamente el día 19 de diciembre a las 17,02 horas, como todos los martes, mi hijo y yo nos dispusimos a coger el autobus para ir al centro, el conductor debería tener un mal día porque no se fijó más que en que el niño llevaba un patinete que no se pliega, por lo tanto no podíamos subir. Y ahí nos plantó y llegamos tarde a todos los sitios. Probablemente esa norma exista, pero no me parece tan importante lo que subas al autobús como el respeto que tengas con el resto de pasajeros y nosotros hasta el momento hemos cogido muchos autobuses con patinete incluído y no hemos tenido ni una sola queja. Lo mismo que el patinete, también puede molestar la funda con la trompeta que yo llevaba, el carro de la compra de fulanito, la silleta plegada de mi hermana o el paraguas mojado de la pasajera de enfrente.. Por favor, soy usuaria del transporte público a diario y realmente suelo pensar que los conductores tienen una santa paciencia pero desde luego ese día no era el caso. / Detalle de tu comentario Buenas noches. Hace una hora, a las 9 de la noche , he cogido el autobus de la linea Periférica en el Boulevard, matricula VI-7111-T, y en la parte central del autobús donde rota el autobús, una parte de la plataforma estaba levantada, lo cual era un peligro pudiendo ocasiona"
2026-09-23T12:30:26,TUVISA. Autobuses urbanos,Autobuses sin aire acondicionado,queja,0.97,1.0,historia,0.0,0.62,0.34,0.0,0.04,False,6,https://www.vitoria-gasteiz.org/wb021/was/comentarioAction.do?idioma=es&accion=verComentarios&claveAsuntoCom=381654&claveAsuntoGestorCom=815170&claveAreaCom=,"Estoy hasta las narices de subirme en autobuses viejos y sin aire acondicionado hasta qué no pase algo no se reparará esta situación me he tenido qué bajar de autobuses porque hacia más calor en el autobús qué en la calle tenemos unos autobuses viejisimos sin aire sin frenos etc,creo qué osolan debería hacer una inspección y no decir qué todo entra en la normalidad,al final siento pagamos los mismos los trabajadores y la ciudadanía qué somos los qué pagamos los platos rotos y pagamos los desastres de esa empresa no me extraña qué hagan huelgas pues tiene qué ser horroroso para ellos con un trabajo duro y estresante encima en pésimas condiciones,y para la alcaldesa no eres buena política te viene muy grande ese puesto pero el asiento y el dineral qué ganas pues se esta bien pero ya qué tienes todo eso haz algo por vitoria te la estás cargando a pasos agigantados,espero qué nos libremos de ti las próxima elecciones,y nuestra ciudad vuelva a ser la de antes / Yo pago 36 centimos por viaje con la tarjeta BAT, y mi ama que es mayor de 65 años paga 9 centimos. Cuanto pagas tú? A ver si en las próximas elecciones entran otros y suben los precios, porque viajando casi gratis no se pueden comprar autobuses nuevos / Añadiendo que en el bei no paga nadie. No se como sobrevive la empresa... / B.D.A… toda la razón. Entre que se paga poco y no se paga nada. Y lo que vale la gasolina, pagar a los empleados de TUVISA…etc… es difícil que se mejore. Si se sube el precio, protestarían la mayorí"
2026-09-23T12:32:03,Desperfectos en vía pública,Baldosas rotas y levantadas en Castillo de Buradón,agradecimiento,0.91,1.0,historia,0.0,0.9,0.03,0.0,0.07,False,2,https://www.vitoria-gasteiz.org/wb021/was/comentarioAction.do?idioma=es&accion=verComentarios&claveAsuntoCom=377996&claveAsuntoGestorCom=810903&claveAreaCom=,"Buenos días. La calle Castillo de Buradón y aledañas, especialmente junto a las zonas ajardinadas, detrás del polideportivo de Ariznabarra, , presentan múltiples desperfectos en las baldosas, con muchas de ellas rotas y levantadas. Este área es espacio de paseo de muchos vecinos mayores del barrio y constituyen un riesgo inminente de tropiezo y caídas, si no ha sucedido ya. Agradecería acudieran a repararlas. Muchas gracias."
2026-09-23T12:32:31,Desperfectos en vía pública,MADERAS ESTROPEADAS,aviso,0.79,1.0,persiste,0.0,0.09,0.9,0.0,0.01,False,2,https://www.vitoria-gasteiz.org/wb021/was/comentarioAction.do?idioma=es&accion=verComentarios&claveAsuntoCom=380027&claveAsuntoGestorCom=813234&claveAreaCom=,"Suelo de madera situado en la zona de Salburua en la calle las neveras 14/16 , Todo el suelo de madera que separa adoquinado con jardín con bancos por medio se encuentra totalmente roto ."
2026-09-23T12:32:56,Mobiliario urbano,Bancos en mal estado Plaza Ignacio Aldecoa,aviso,0.76,1.0,persiste,0.0,0.29,0.5,0.0,0.21,False,2,https://www.vitoria-gasteiz.org/wb021/was/comentarioAction.do?idioma=es&accion=verComentarios&claveAsuntoCom=380210&claveAsuntoGestorCom=813434&claveAreaCom=,"Los bancos situados en la Plaza Ignacio Aldecoa están en un pésimo estado, haciendo que sea realmente imposible sentarse en ellos (maderas rotas, desgastadas, pintura levantada...). Solicito que los reemplacen por bancos con un material más adecuado, como los que han puesto en Portal de Foronda en los portales impares."
2026-09-23T12:32:56,TUVISA. Autobuses urbanos,Línea 1 no ha pasado a las 7:02 por Catedral,pregunta,0.77,1.0,persiste,0.0,0.06,0.93,0.0,0.01,False,3,https://www.vitoria-gasteiz.org/wb021/was/comentarioAction.do?idioma=es&accion=verComentarios&claveAsuntoCom=381686&claveAsuntoGestorCom=815209&claveAreaCom=,"Esta semana, las líneas de Tuvisa no han estado respetando la cadencia habitual que deberían cumplir en septiembre. Esta mañana, viernes, la línea 1 que debía pasar a las 7:02 por la catedral, ni siquiera ha pasado. Solicita se cumplan las frecuencias de los buses y que se tomen medidas para que no haya buses que no pasen. / Por supuesto.Ahora los autobuses vuelan,y son capaces de pasar por encima de las obras de independencia."
2026-09-23T12:34:05,TUVISA. Autobuses urbanos,Retraso Linea 10,queja,0.61,1.0,persiste,0.0,0.29,0.45,0.0,0.25,False,3,https://www.vitoria-gasteiz.org/wb021/was/comentarioAction.do?idioma=es&accion=verComentarios&claveAsuntoCom=381190&claveAsuntoGestorCom=814569&claveAreaCom=,"Muestra su malestar por el retraso de la Línea 10 los fines de semana. Coge el autobus en la Antonio Amat Maíz a las 7 de la mañana y siempre llega tarde. / A partir de ahora con las obras del tranvía mejor coger un taxi. Va a tener retrasos mañana,tarde,noche. Buen viaje¡¡"
2026-09-23T12:34:14,Mobiliario urbano,Vallado roto y suciedad en zona ajardinada,aviso,0.8,1.0,historia,0.0,0.59,0.03,0.0,0.38,False,2,https://www.vitoria-gasteiz.org/wb021/was/comentarioAction.do?idioma=es&accion=verComentarios&claveAsuntoCom=379935&claveAsuntoGestorCom=813130&claveAreaCom=,"Asunto: Vallado roto y suciedad en zona ajardinada En la zona ajardinada situada junto al número 2 de Alto de Armentia, en el cruce con la calle Paso de Eskibel, el vallado de madera está roto. Además, hay abundante suciedad: latas, tetrabriks, botellas de cristal, envoltorios de comida y heces humanas. Solicito la reparación del vallado y la limpieza de la zona."
2026-09-23T12:35:11,TUVISA. Autobuses urbanos,Autobuses viejos y sin aire acondicionado,agradecimiento,0.54,1.0,historia,0.0,1.0,0.0,0.0,0.0,False,7,https://www.vitoria-gasteiz.org/wb021/was/comentarioAction.do?idioma=es&accion=verComentarios&claveAsuntoCom=381671&claveAsuntoGestorCom=815187&claveAreaCom=,"Estoy hasta las narices de autobuses viejos sin aire aire acondicionado,hace más calor hace más calor en el autobús qué en la calle me tenido qué bajar del autobús por miedo a que me de un golpe de calor no se si estáis esperando a qué pasen algo para arreglar esta situación,y decirle a la empresa osolan que haga buenas mediciones y no diga qué esta dentro de la normalidad les invitaría hacer una inspección a todo los autobuses viejos qué se retiren esos autobuses tan viejos qué tienen todo estropeado,aire frenos etc, al final siempre pagamos los mismos los trabajadores y la ciudadanía qué es la qué mantiene a la empresa, y decirle a la alcaldesa qué no se si si esta muy capacitada para ese puesto cada dia tenemos peor la ciudad / Yo pago 36 centimos por viaje con la tarjeta BAT, y mi ama que es mayor de 65 años paga 9 centimos. Cuanto pagas tú? A ver si en las próximas elecciones entran otros y suben los precios, porque viajando casi gratis no se pueden comprar autobuses nuevos / Que el billete del autobús este subvencionado para fomentar el transporte público, no significa que esté servicio no deba ser prestado en buenas condiciones, ya que lo pagamos todos los ciudadanos y ciudadanas con nuestros impuestos. / Muchos pagan impuestos y no lo usan, que suban el precio de los billetes para reducir el déficit de Tuvisa. Yo prefiero pagar más por el billete cuando utilizo el autobús y que me bajen los impuestos. / Con los impuestos también hay que subvencionar las piscinas, curs"
2026-09-23T12:35:18,Desperfectos en vía pública,Suelo maderas C/ La Eneida,aviso,0.5,1.0,historia,0.0,0.65,0.04,0.0,0.31,False,2,https://www.vitoria-gasteiz.org/wb021/was/comentarioAction.do?idioma=es&accion=verComentarios&claveAsuntoCom=380385&claveAsuntoGestorCom=813624&claveAreaCom=,"Kaixo, En la calle La Eneida existen numerosas lamas de madera que están rotas o directamente dejan huecos en el suelo sin taparlo. Otras se levantan al pisarlas, quedando los tornillos y las astillas vistas, siendo muy peligroso para niñ@s y viandantes, y más teniendo en cuenta el Centro de Día que hay en la calle. Quería solicitar sus sustitución. Gracias y un saludo / A ver si así se ve"
2026-09-23T12:35:55,Mobiliario urbano,Respaldo de banco roto en C/ Portal de Zuazo,aviso,0.84,1.0,historia,0.0,0.55,0.08,0.0,0.37,False,2,https://www.vitoria-gasteiz.org/wb021/was/comentarioAction.do?idioma=es&accion=verComentarios&claveAsuntoCom=379407&claveAsuntoGestorCom=812545&claveAreaCom=,El tablón que hace de respaldo está suelto y tirado en el suelo. C/ Portal de Zuazo cerca del cruce con C/ Salvador Dalí.
2026-09-23T12:36:19,TUVISA. Autobuses urbanos,Linea 6 no recoge en la parads,queja,0.56,0.99,persiste,0.01,0.01,0.95,0.0,0.04,False,4,https://www.vitoria-gasteiz.org/wb021/was/comentarioAction.do?idioma=es&accion=verComentarios&claveAsuntoCom=381311&claveAsuntoGestorCom=814725&claveAreaCom=,"Buenos dias, quiero mostrar mi queja por lo que es la segunda vez que me pasa, en la parada de Portal de Castilla 47 sentido centro ciudad, el autobus de la linea 6 ni no frena un poco al llegar a la parada y cuando te ve, ya es tarde para parar y pasa de largo y no te tecoge. Me ha pasado hoy a las 18:12 aprox por segunda vez este verano. En cambio el de la linea 4 ha pasado despacio justo despues, mirando la parada y sin parar puesto que no tenia que recoger a nadie, preocupandose por si tenia que parar, haciendolo correctamente. Parece ser que si no toca nadie el boton y no hay nadie asomado a la carretera para avisar al chofer desde la rotonda del Olivo que tiene que parar el autobus, pasa a 50-60 km/h sin saber si hay alguien o no en la parada. Por favor, aunque no paren que deceleren en las paradas por si hay alguien y no lo han visto, o si el peaton no se puede asomar que es su trabajao recoger gente en las paradas. / Tienes que levantar la mano, el chofer no es adivino ni ve a través de las maquesinas. Recuerda, levanta la mano y parará. / yo creo que pensaba que iba por la autopista e iba a 100, hay que recordar que es el pasajero o pasajera quien tiene que estar pendiente de cuando viene el autobús"
2026-09-23T12:36:19,Mobiliario urbano,Deterioro de bancos y pavimento de madera en la Plaza de la Antonia,aviso,0.81,1.0,historia,0.0,0.66,0.0,0.0,0.34,False,2,https://www.vitoria-gasteiz.org/wb021/was/comentarioAction.do?idioma=es&accion=verComentarios&claveAsuntoCom=374473&claveAsuntoGestorCom=806042&claveAreaCom=,"Quisiera comunicar el estado de conservación de la Plaza de la Antonia. La plaza dispone de once bancos y todos presentan un importante deterioro. La madera se encuentra muy desgastada y las estructuras metálicas que los sustentan están completamente oxidadas. Sería conveniente valorar su reparación y el pintado de las partes metálicas para prolongar su vida útil. Además, en los accesos a la plaza existen zonas de pavimento de madera donde varias tablas están deterioradas y algunas se encuentran hundidas, lo que puede suponer un riesgo para las personas que transitan por la zona. Solicito, por favor, que se revise el estado de estos elementos y se programen las actuaciones de mantenimiento que se consideren oportunas."
2026-09-23T12:36:45,Desperfectos en vía pública,daños en pasarela,aviso,0.95,1.0,historia,0.0,0.73,0.0,0.0,0.27,False,2,https://www.vitoria-gasteiz.org/wb021/was/comentarioAction.do?idioma=es&accion=verComentarios&claveAsuntoCom=379718&claveAsuntoGestorCom=812879&claveAreaCom=,La malla se ha soltado y puede provocar un accidente
2026-09-23T12:37:15,Mobiliario urbano,Bancos parque infantil Larrein,pregunta,0.96,1.0,historia,0.0,0.72,0.02,0.0,0.27,False,2,https://www.vitoria-gasteiz.org/wb021/was/comentarioAction.do?idioma=es&accion=verComentarios&claveAsuntoCom=381983&claveAsuntoGestorCom=815590&claveAreaCom=,¿Pueden pasar a arreglar los bancos del parque infantil de Larrein área 196 en la trasera de Antonio Amat Maiz 22? Uno de ellos se está cayendo y es peligroso.
2026-09-23T12:37:30,TUVISA. Autobuses urbanos,Autobus Linea 6 tarde como siempre,aviso,0.9,0.99,persiste,0.01,0.26,0.62,0.0,0.11,False,2,https://www.vitoria-gasteiz.org/wb021/was/comentarioAction.do?idioma=es&accion=verComentarios&claveAsuntoCom=381847&claveAsuntoGestorCom=815413&claveAreaCom=,Linea 6 servicio se 6.50 de hoy 7 de septiembre no ha pasado a su hora. Esta circunstancia se repite con frecuencia. No se cumplen los horarios ni frecuencia fijada. Además en el autobús del servicio de las 7 hay asientos sucios y mojados.
2026-09-23T12:40:15,Mobiliario urbano,BANCO CON TORNILLO PELIGRO LAS NEVERAS BULEVAR DE SALBURUA,agradecimiento,0.49,1.0,historia,0.0,0.57,0.41,0.0,0.02,False,2,https://www.vitoria-gasteiz.org/wb021/was/comentarioAction.do?idioma=es&accion=verComentarios&claveAsuntoCom=380969&claveAsuntoGestorCom=814289&claveAreaCom=,Buenos días En el área infantil de la calle bulevar de Salburua 70/72 uno de los bancos más próximos a la papelera donde el puente de madera. Se encuentra totalmente roto y con un tornillo visible totalmente peligroso . Se solicita que se reponga en banco o se adecue para que no sea peligroso . Gracias .
2026-09-23T12:43:32,Mobiliario urbano,Fuente atascada Coronela Ibaibarriaga Kalea,aviso,0.7,1.0,historia,0.0,0.64,0.29,0.0,0.07,False,2,https://www.vitoria-gasteiz.org/wb021/was/comentarioAction.do?idioma=es&accion=verComentarios&claveAsuntoCom=380954&claveAsuntoGestorCom=814274&claveAreaCom=,"La fuente cercana a la Zona de Juegos Infantiles 028 lleva tiempo ""atascada"". El agujero de la parte baja no desagua ya que está taponado y el agua se queda estancada generando moho y suciedad. Por favor que alguien vaya a revisarla y solucionarlo ya que es bastante insalubre beber de una fuente en esas condiciones. Gracias. Dejo foto."
2026-09-23T12:53:35,Otros ocio y cultura,Parque de la Florida,agradecimiento,0.71,1.0,historia,0.0,0.76,0.0,0.0,0.24,False,1,https://www.vitoria-gasteiz.org/wb021/was/comentarioAction.do?idioma=es&accion=verComentarios&claveAsuntoCom=383659&claveAsuntoGestorCom=817995&claveAreaCom=,"Hace tiempo estuve pasando un fin de semana en Castro-Urdiales, me gustó mucho pasear por un parque que tienen cerca del mar, lo agradable de ese parque era la música que salía de los altavoces estratégicamente ocultos entre la vegetación. Como idea, llegando ahora el otoño o para primavera, en el parque de La Florida, los domingos, se podían hacer musicales por todo el parque, bien con la orquesta de Vitoria, o con música clásica, Chillout, artistas, música de bandas sonoras, infantil....... Sería una bonita forma de aprovechar el parque, no solo pasearlo de paso."
2026-09-23T13:00:13,Desperfectos en vía pública,Agujero en acera,agradecimiento,0.4,1.0,historia,0.0,0.53,0.44,0.0,0.02,False,2,https://www.vitoria-gasteiz.org/wb021/was/comentarioAction.do?idioma=es&accion=verComentarios&claveAsuntoCom=381110&claveAsuntoGestorCom=814480&claveAreaCom=,"En salburua en el parque del este, hay un agujero en la acera al lado de una arqueta. Situación: la acera entre el parque infantil con cubierta blanca y la carretera hacia los chalets. Según se ve en l foto adjunta"
2026-09-23T13:05:00,Retirada de vehículos,Bicicletas abandonadas en Plaza de la Provincia,aviso,0.8,1.0,historia,0.0,0.89,0.0,0.0,0.11,False,1,https://www.vitoria-gasteiz.org/wb021/was/comentarioAction.do?idioma=es&accion=verComentarios&claveAsuntoCom=383667&claveAsuntoGestorCom=818003&claveAreaCom=,"Se acabaron las vacaciones y los aparcabicis vuelven a ser usados, por lo que los ocupados por bicis en estado de abandono se notan más, por lo que solicito la retirada de las siguientes bicicletas, ubicadas en: Fila de aparcabicis de los portales 13 y 14 (lado de la estatua), y contando los puestos desde el extremo junto del palacio, puestos: 1. Negra con cesta, bitwin 7. Azul claro, de paseo, con cesta 22. Negra 31. Gris Lado de portal 5 (estandartes), contando los puestos desde el extremo junto al palacio: 15. Gris pálido 21. Blanca con cesta 23. Dos bicis juntas 25. Negra 27. Azul 28. Verde 29. Con bielas doradas Total: 12"
2026-09-23T13:11:57,Obras en vía pública,Obras paralizadas,aviso,0.76,1.0,persiste,0.0,0.17,0.72,0.0,0.12,False,1,https://www.vitoria-gasteiz.org/wb021/was/comentarioAction.do?idioma=es&accion=verComentarios&claveAsuntoCom=383669&claveAsuntoGestorCom=818007&claveAreaCom=,Obras paralizadas durante 3 semanas en avenida Gasteiz frente al número 63-67 y frente al Banco Sabadell. Peligro para transeúntes y vehículos. Imagen desastrosa de la ciudad.
2026-09-23T13:25:05,Zonas verdes,Alcorques vacíos PPUranga,pregunta,0.84,1.0,mucha_gente,0.0,0.47,0.0,0.04,0.48,False,2,https://www.vitoria-gasteiz.org/wb021/was/comentarioAction.do?idioma=es&accion=verComentarios&claveAsuntoCom=383670&claveAsuntoGestorCom=818010&claveAreaCom=,En la calle Pintor Pablo Uranga hay seis alcorques vacíos; además entre los números 2 y 4 hay uno que está peligroso; tiene profundidad y alguien se puede caer. Solicitamos reposición y arreglo.
2026-09-23T13:25:31,Zonas verdes,Calle ceferino de urien bloqueada por arbusto,aviso,0.98,1.0,mucha_gente,0.0,0.09,0.37,0.0,0.54,False,2,https://www.vitoria-gasteiz.org/wb021/was/comentarioAction.do?idioma=es&accion=verComentarios&claveAsuntoCom=383662&claveAsuntoGestorCom=817998&claveAreaCom=,"Hola! Iba hoy paseando con mi carrito de bebe por la calle y al llegar a esta calle, veo que hay una acera que entre la señal y el arbusto que hará años que no se recorta es imposible pasar. Lo peor de todo es que está justo al lado de una plaza de aparcamiento de discapacitado! Por favor, pasen por la zona y poden el arbusto para que la acera sea funcional. Gracias aunque manda narices que haya que pedir y notificar estas cosas (adjunto foto ya que es esperpéntico)"
2026-09-23T13:54:29,Coches y aparcamiento,Denuncias de OTA ilegales en parking Renfe,pregunta,0.76,1.0,mucha_gente,0.0,0.33,0.11,0.0,0.57,False,4,https://www.vitoria-gasteiz.org/wb021/was/comentarioAction.do?idioma=es&accion=verComentarios&claveAsuntoCom=366782&claveAsuntoGestorCom=795441&claveAreaCom=,"el día 13 de abril de 2026 fui denunciado con 60 euros por un agente de la OTA ( por carecer de título habilítante) en el parking de la estación de Renfe donde estos auxiliares de agentes no tienen competencia para realizar denuncias de tráfico-estacionamiento ya que la gestión de ese parking de uso público con carácter privado está delegada por el ayuntamiento a la asociación de Autismo de Álava. Además de haber una señal vertical antes de entrar al parking que indica fin de la zona ota 1A , no haber parkimetros en dicho lugar y estando en la página del ayuntamiento dibujado como zona libre de ota. A pesar de indicárselo al otero, que no quiso identificarse, faltándome al respeto , ni darme la notificación en el acto en mano( como es obligatorio por la ley de tráfico ) , me denunció el estacionamiento ,extralimitándose de sus competencias y funciones , pudiendo ser esto constitutivo de ilícitos graves y vulnerándose todos mis derechos como ciudadano. Ni siquiera accedió a hablar con su responsable como se lo solicité. Ni que decir que como servidor del ayuntamiento además de carencia grave de conocimiento relacionados con su oficio y falta de empatía , ofrecía una imagen muy desaliñada de aseo personal en la que no quiero dar más detalles por respeto . Además de que me retiren la denuncia , me gustaría que el ayuntamiento revise las denuncias que ese auxiliar de agente o sus compañeros hayan podido realizar en dicho lugar a sabiendas de su ilegalidad , vulnerando gravemente "
2026-09-23T13:55:24,Coches y aparcamiento,aparcamientos sansomendi,aviso,0.3,1.0,persiste,0.0,0.15,0.83,0.0,0.02,False,2,https://www.vitoria-gasteiz.org/wb021/was/comentarioAction.do?idioma=es&accion=verComentarios&claveAsuntoCom=366888&claveAsuntoGestorCom=795585&claveAreaCom=,"Buenos días, no me parece normal la cantidad de aparcamientos que estáis quitando en la calle Paula Montal, he contado que en los últimos 12 meses se han quitado al menos 20 sitios de aparcamiento. A las mañanas y al medio día se hace imposible encontrar sitio. Me parece muy bien que se pongan medidas para evitar los atropellos como los que ha habido pero por favor que sean eficaces, cosa que no lo son, 2 aparcamientos que se han quitado a la altura del parking de la iglesia de Sansomendi no evitan la falta de visibilidad que hay en ese paso de peatones, aria falta un semáforo o alguna otro medida. Y ahora le vamos a añadir que en la calle Sansomendi también vais a quitar una buena cantidad de aparcamientos para poner el carril bici. Hay vecinos a los que se nos hace imposible utilizar el transporte urbano o la bicicleta por el motivo que sea, y pido que también se tenga en cuenta la necesidad de aparcamientos de coches en el barrio ya que pagamos nuestros impuestos para tener estos servicios y no se están respetando. Estoy seguro de que hay muchas otras opciones de mejorar el transporte o la seguridad en el barrio sin quitar tantos aparcamientos. Un saludo."
2026-09-23T13:59:30,Zonas verdes,Parque de Santa Barbara,queja,0.54,1.0,mucha_gente,0.0,0.4,0.0,0.0,0.6,False,2,https://www.vitoria-gasteiz.org/wb021/was/comentarioAction.do?idioma=es&accion=verComentarios&claveAsuntoCom=383526&claveAsuntoGestorCom=817816&claveAreaCom=,"- Podar las ramas, están muy bajas"
2026-09-23T14:03:55,TUVISA. Autobuses urbanos,Linea 7,aviso,0.95,1.0,historia,0.0,0.66,0.29,0.0,0.04,False,1,https://www.vitoria-gasteiz.org/wb021/was/comentarioAction.do?idioma=es&accion=verComentarios&claveAsuntoCom=383673&claveAsuntoGestorCom=818015&claveAreaCom=,"Después de estar esperando más de 10 minutos, ha llegado un autobús que no estaba lleno, ha parado y se ha marchado sin recoger a 3 personas que estábamos esperando. Ahora tenemos que esperar al siguiente autobús, otros 10 minutos de espera en total más de media hora. La hora era las 13:50h."
2026-09-23T14:09:05,Zonas verdes,Poda,queja,0.48,1.0,historia,0.0,0.86,0.0,0.0,0.14,False,2,https://www.vitoria-gasteiz.org/wb021/was/comentarioAction.do?idioma=es&accion=verComentarios&claveAsuntoCom=383671&claveAsuntoGestorCom=818013&claveAreaCom=,La calle sierra de andía y alrededores no se puede pasear sin que la rama de los árboles te den en la cabeza estaría bien que pasaran a podar
2026-09-23T14:09:25,Mobiliario urbano,Es posible cubrir ??,pregunta,0.62,1.0,mucha_gente,0.0,0.39,0.0,0.0,0.61,False,2,https://www.vitoria-gasteiz.org/wb021/was/comentarioAction.do?idioma=es&accion=verComentarios&claveAsuntoCom=383672&claveAsuntoGestorCom=818014&claveAreaCom=,Buenos días! Tanto para el sol como para inclemencias climatológicas . Se puede cubrir también como la otra zona de juegos y columpios ?
2026-09-23T14:29:09,Mobiliario urbano,Actuación reprochable Servicio Ambulancias,queja,0.57,1.0,historia,0.0,0.79,0.1,0.0,0.11,False,2,https://www.vitoria-gasteiz.org/wb021/was/comentarioAction.do?idioma=es&accion=verComentarios&claveAsuntoCom=382670&claveAsuntoGestorCom=816528&claveAreaCom=,"El pasado miércoles, 9 de setiembre, UNA AMBULANCIA acudió, en torno a las 20:00 h, a una solicitud desde un inmueble del Nº 14 del Pasaje de las Antillas. Para acceder retiró los postes que impiden el acceso a los vehículos. Una vez finalizada su intervención, afortunadamente no grave, tras retirarse no volvió a colocar los postes dejándolos ""tirados"" (adjunto Foto) con la consiguiente imagen de abandono, riesgo para los viandantes y el deterioro de uno de ellos que hubo de ser reparado por y a cuenta de la comunidad de este Pasaje."
2026-09-23T14:32:47,Zonas verdes,Césped del parque de Borinbizkarra,propuesta,0.72,1.0,historia,0.0,0.98,0.02,0.0,0.01,False,2,https://www.vitoria-gasteiz.org/wb021/was/comentarioAction.do?idioma=es&accion=verComentarios&claveAsuntoCom=383675&claveAsuntoGestorCom=818017&claveAreaCom=,"Resulta especialmente llamativo que se destinen recursos municipales y personal de mantenimiento a cortar un césped que prácticamente no existe, cuando el estado actual de la zona evidencia precisamente la necesidad de realizar actuaciones de recuperación y mantenimiento. Considero que, antes de emplear recursos en cortar una superficie en la que apenas existe césped, sería mucho más razonable y eficiente destinarlos a repoblar la zona, recuperar el césped perdido y garantizar un riego adecuado que permita su crecimiento y conservación. No parece coherente realizar actuaciones de siega sobre una superficie deteriorada o prácticamente sin césped mientras no se aborda previamente el problema que ha provocado esa situación. Por ello, solicito al Ayuntamiento que: 1. Explique el motivo por el que se ha realizado la siega en esta zona. 2. Informe de los criterios utilizados para programar dicha actuación. 3. Indique si existe algún plan previsto para reponer o regenerar el césped de la zona. 4. Informe sobre las medidas previstas para garantizar un riego suficiente y adecuado que permita su recuperación. 5. Explique por qué se han destinado recursos a la siega antes de solucionar la evidente falta de césped. 6. Se valore la posibilidad de priorizar los recursos municipales hacia actuaciones que permitan recuperar y mantener realmente la zona verde, en lugar de realizar trabajos que, en las condiciones actuales, parecen tener una utilidad muy limitada. Los recursos públicos son lim"
2026-09-23T14:47:39,Zonas verdes,Poda,aviso,0.53,1.0,historia,0.0,0.98,0.0,0.0,0.02,True,3,https://www.vitoria-gasteiz.org/wb021/was/comentarioAction.do?idioma=es&accion=verComentarios&claveAsuntoCom=383525&claveAsuntoGestorCom=817814&claveAreaCom=,- Podar los árboles de Francisco Leandro de Viana - Podar los arboles de la Calle Jose Mardones / En la calle Dato no se aplicó? Po qué?
2026-09-23T14:48:34,Señalización y balizamiento,POCA VISIBILIDAD PASO CEBRA Y APARCAMIENTOS,queja,0.78,1.0,historia,0.0,0.55,0.38,0.0,0.07,False,2,https://www.vitoria-gasteiz.org/wb021/was/comentarioAction.do?idioma=es&accion=verComentarios&claveAsuntoCom=383679&claveAsuntoGestorCom=818022&claveAreaCom=,"En la calle Paula Montal 22, en la zona del paso de cebra junto con los aparcamientos de vehículos, los bolardos han desaparecido haciendo que la gente aparque en ese lugar dificultando la vista de los viandantes del paso de cebra tanto yendo a pie como en coche y supone un peligro."
2026-09-23T14:53:19,Reciclaje de residuos,"Nueva Fuera, Seguimos con el compostable",aviso,0.5,1.0,historia,0.0,0.72,0.26,0.0,0.02,False,1,https://www.vitoria-gasteiz.org/wb021/was/comentarioAction.do?idioma=es&accion=verComentarios&claveAsuntoCom=383680&claveAsuntoGestorCom=818023&claveAreaCom=,"Buenos dias, ya hace 10 días o así escribí por el contenedor compostable roto que no hay quien abra ni las ventanas...chorrea un liquido que da angustia pasar al lado...pues bien, no se si es porque puse que se lo lleve la señora alcaldesa a la puerta de su casa, o por qué razón o casualidad, desde el día siguiente a quejarme, empezaron los limpiadores a mover cada vez más abajo el contenedor, hasta que lo han desplazado dejándolo justo en la puerta de nuestra casa. En la misma puerta. Un arriate elevado de árbol, 2 bancos el contenedor del cartón y el del compost roto y chorreando líquido, que esque no hay ni paso. O lo mueven 40m más arriba que estaba y lo arreglan o ya tomaremos medidas los vecinos, porque estamos hasta las narices. Luego se sorprenden de que quemen los contenedores. ya está bien! es una vergüenza tener que andar asi por favor"
2026-09-23T14:57:06,Coches y aparcamiento,APARTAMENTO PARA MOTOS,aviso,0.9,1.0,historia,0.0,0.79,0.0,0.0,0.21,False,2,https://www.vitoria-gasteiz.org/wb021/was/comentarioAction.do?idioma=es&accion=verComentarios&claveAsuntoCom=367259&claveAsuntoGestorCom=796130&claveAreaCom=,Es muy necesario un parking de motos en el barrio de Larrein. Calle Antonio amat maiz 1. Fácil de hacer ;)
2026-09-23T14:58:18,Participación Ciudadana,Lo k paso en la calle la oaz,pregunta,0.54,1.0,historia,0.0,0.54,0.24,0.0,0.22,False,1,https://www.vitoria-gasteiz.org/wb021/was/comentarioAction.do?idioma=es&accion=verComentarios&claveAsuntoCom=383681&claveAsuntoGestorCom=818025&claveAreaCom=,"No sabía donde exponer mi queja o parecer ,asi k lo pongo aqui porque he estado preguntando y nadie me ha sabido decir. Lo k paso el lunes en la calle la paz , por el tema del hospital de Santiago me indigno muchísimo, que hubiese gente grabando con su móvil, no se si las autoridades pueden hacer algo al respecto en situaciones como esta, como quitar los telefonos,o prohibir grabar. o no sé algo Lo que si sé es que no se puede grabar la vida de otras personas y luego pasarlo.pot Internet como si no costase nada . ¿Donde está la empatia de las personas, es que la gente no sufre cuando esta sucediendo algo asi? Nunca sabes a quien llega, a la familia, a amigos a enemigos...no saben el daño k pueden hacer a personas tan vulnerables .Solo pido que si se puede hacer algo k se haga, k la gente k graba y difunde no se vaya de rositas. EMPATIA Y RESPETO"
2026-09-23T15:16:33,Reciclaje de residuos,contenedores,aviso,0.73,1.0,mucha_gente,0.0,0.35,0.17,0.0,0.48,False,1,https://www.vitoria-gasteiz.org/wb021/was/comentarioAction.do?idioma=es&accion=verComentarios&claveAsuntoCom=383685&claveAsuntoGestorCom=818033&claveAreaCom=,"Una vez más los contadores siguen molestando en la acera, además de invadir lo que es uso de peatones, se une la basura de gente incívica, por ello vuelvo a pedir que estudien cambiarlos a la zona de la carretera."
2026-09-23T15:21:00,Seguridad vial,pasos de peatones,pregunta,0.52,1.0,persiste,0.0,0.12,0.86,0.0,0.02,False,1,https://www.vitoria-gasteiz.org/wb021/was/comentarioAction.do?idioma=es&accion=verComentarios&claveAsuntoCom=383686&claveAsuntoGestorCom=818034&claveAreaCom=,"los pasos de peatones en iturritxu siguen sin tomar soluciones, los coches no paran y el más cívico te esquiva. No entiendo el motivo porque la gente no ve ni el paso de cebra ni a las personas cruzando. tal vez sea un problema del radar ya que los conductores van mirando la velocidad en vez de la carretera. insisto en que por favor tomen soluciones antes de que tengamos una desgracia."
2026-09-23T15:22:26,AMVISA,Agua del grifo rara,pregunta,0.38,1.0,mucha_gente,0.0,0.09,0.0,0.0,0.91,False,2,https://www.vitoria-gasteiz.org/wb021/was/comentarioAction.do?idioma=es&accion=verComentarios&claveAsuntoCom=383346&claveAsuntoGestorCom=817597&claveAreaCom=,Hola. Este sábado hemos notado el agua del grifo extraña. Sale amarillenta y tiene sabor raro.
2026-09-23T15:23:43,Circulación - Tráfico,Semaforo para calle Maltzaga 1-2,aviso,0.72,1.0,persiste,0.0,0.48,0.52,0.0,0.01,False,2,https://www.vitoria-gasteiz.org/wb021/was/comentarioAction.do?idioma=es&accion=verComentarios&claveAsuntoCom=383331&claveAsuntoGestorCom=817582&claveAreaCom=,"Todos los dias cruzamos estos dos pasos de peatones sin que nadie ceda y todos los coches pasan a una velocidad excesiva, y no hablo de 60km/h, mas bien 80-100km/h, son muchos los niños que para llegar a las ikastolas o institutos desde esta calle, cruzan diariamente sin que nadie ceda, y conduciendo a una velocidad abusiva, sin respetar señales de trafico ni ceder a nadie. Pedimos por favor una baden,semaforo o algo que haga parar a los coches puesto que es una recta larguisima y aprovechan a no ceder y correr. No mas atropellos por no poner precauciones a ello. / Totalmente de acuerdo no solo en ese en todos los de esa recta, llevo tiempo pidiendo soluciones y no hacen nada!"
2026-09-23T15:25:37,AMVISA,Agua con olor a cloro,agradecimiento,0.7,0.97,persiste,0.03,0.26,0.68,0.0,0.03,False,3,https://www.vitoria-gasteiz.org/wb021/was/comentarioAction.do?idioma=es&accion=verComentarios&claveAsuntoCom=383137&claveAsuntoGestorCom=817284&claveAreaCom=,"Desde hoy a la mañana el agua nos sale como amarillenta clarita, y tiene un sabor raro. Lo del color lo hemos notado al irle a bañar al niño que la bañera no se veía blanca sino amarillenta. Y al ducharnos nos a parecido que olía bastante a cloro. Zona cerca del CCArriaga. Es para saber si hay alguna incidencia o algo. Y si es apto... Yo por si acaso he comprado una garrafa de agua... Muchas gracias / Sería de agradecer que avisaran cuando esté solucionado el problema, por ejemplo en este mismo hilo del buzón. En nuestro domicilio (Goikolarra), el agua sigue oliendo y sabiendo como a cloro, aunque no tiene un color distinto."
2026-09-23T15:30:43,Coches y aparcamiento,Barrio de Coronación en el próximo Plan de movilidad sostenible,agradecimiento,0.82,1.0,historia,0.0,0.99,0.0,0.0,0.01,False,2,https://www.vitoria-gasteiz.org/wb021/was/comentarioAction.do?idioma=es&accion=verComentarios&claveAsuntoCom=368020&claveAsuntoGestorCom=797233&claveAreaCom=,"Hola. El reciente cambio de planificación de la OTA ha dejado al barrio de Coronación en una situación de desigualdad con el resto de la ciudad, ya que en las nuevas zonas OTA se decidió (acertadamente) establecer que las plazas fueran verdes de prioridad residencial, mientras que se optó por no modificar las de Coronación, que ya tenía aparcamiento OTA pero en su inmensa mayoría de color azul (general). Tal como se establece en el borrador de la evaluación para la elaboración del nuevo plan de movilidad, Coronación es uno de los barrios más densamente poblados de Vitoria, además de uno de los barrios con mayor porcentaje de zonas de carga y descarga debido a su proximidad con el casco viejo, donde se concentran los negocios. También es un barrio antiguo, en el que la mayoría de viviendas se construyeron sin un garaje asociado. Es cierto que posteriormente se construyeron algunos garajes comunitarios, pero aún así existen muy pocas plazas de garaje privadas para la gran cantidad de vecinos que vivimos en el barrio. No sólo hay pocas plazas, si no que debido a su proximidad con el casco viejo y la próxima inclusión de parte del barrio en la Zona de Bajas Emisiones en 2027 provocan que exista una altísima especulación con esas plazas, siendo concentradas por inversores y elevando sus precios por encima del doble de lo que podría costar el propio coche. Por otra parte, desde el punto de vista de la sostenibilidad también hay otro factor a considerar: la escasez de aparcamiento d"
2026-09-23T15:38:11,Coches y aparcamiento,Señal vertical de aparcamiento,queja,0.89,1.0,historia,0.0,0.43,0.19,0.0,0.37,False,2,https://www.vitoria-gasteiz.org/wb021/was/comentarioAction.do?idioma=es&accion=verComentarios&claveAsuntoCom=369165&claveAsuntoGestorCom=798910&claveAreaCom=,"Señales Verticales de talon obligatorio para aparcar en la calle Gabriel.celalla 18, y ningún dispositivo para poder sacar ticket, ni señalizados en el suelo. O quitar señal o explicar ..porque he aparcado con miedo a una sanción y sin saber que hacer. He llamado a la ota y a la policía y no han podido ayudarme. Un Saludo Nos complicais bastante la vida a los que estamos en la calle trabajando"
2026-09-23T15:50:28,Coches y aparcamiento,OTA,aviso,0.84,1.0,historia,0.0,0.52,0.4,0.0,0.08,False,2,https://www.vitoria-gasteiz.org/wb021/was/comentarioAction.do?idioma=es&accion=verComentarios&claveAsuntoCom=369799&claveAsuntoGestorCom=799790&claveAreaCom=,"Por que no hay alguna solución para los que trabajamos y la única opción es tener que dejar el coche en una zona de OTA, me gasto más de 60€ al mes en dejar el coche aparcado en mi lugar de trabajo. Me parece vergonzoso que con la cantidad de impuestos que ya pagamos se añada también el estacionamiento en la zona de trabajo."
2026-09-23T16:00:55,Coches y aparcamiento,Aparcamiento vecinos imposible en zona Txagorritxu colindante Avenida,agradecimiento,0.36,1.0,persiste,0.0,0.07,0.93,0.0,0.01,True,5,https://www.vitoria-gasteiz.org/wb021/was/comentarioAction.do?idioma=es&accion=verComentarios&claveAsuntoCom=369451&claveAsuntoGestorCom=799311&claveAreaCom=,"Buenas, soy vecino de la zona. El aparcamiento en la zona (calles Bolivia, Chile, SanViator..) para nosotros los vecinos es absolutamente un problema muy grande, tras la nefasta gestión de la implantación de la nueva OTA en San Martín y Avenida dejando esta zona cómo única sin OTA, ha quedado completamente colapsada, sobre todo en horarios de oficina y colegio San Viator. Los vecinos no podemos ni siquiera descargar bultos en nuestra propia calle. ¿Para cuando una solución ya? Creo que ha habido numerosas quejas al respecto ya, pero parece que el ayuntamiento se desentiende ahora del gran problema que ha ocasionado. Cómo añadido, el problema de contaminación es más que evidente, ya que hay un montón de vehículos continuamente dando vueltas por esta zona intentando aparcar. Hagan algo ya!!! No podemos seguir así los vecinos. Zona OTA vecinos..etc / La solución no es la OTA para vecinos, es la eliminación de la ota en san Martín que ya se ha visto que no sirve, solo vale para dejar las calles desiertas / ¿Porque en ve de pintar en verde y azul no declarais Vitoria como de aparcamiento precio pago entera? Esa solución seguro que os mola mas. Lamentable, luego se cobra a los turistas por su uso de servicios...juas / ¿Ampliar más zonas de OTA? ampliar el desastre más todavía, corregir la metedura de pata haciendo San Martín zona OTA, o mejor, hacer Vitoria ENTERA OTA y así acabáis antes y llenais las arcas municipales, para de seguido despilfarrar el dinero que agarrais, que es lo"
2026-09-23T16:05:36,Coches y aparcamiento,IDENTIFICAR EN ASFALTO PLAZA DE APARCAMIENTO RESERVADA,agradecimiento,0.62,1.0,mucha_gente,0.0,0.29,0.03,0.0,0.68,False,2,https://www.vitoria-gasteiz.org/wb021/was/comentarioAction.do?idioma=es&accion=verComentarios&claveAsuntoCom=369897&claveAsuntoGestorCom=799925&claveAreaCom=,"Buenos días, Hace unos días aparqué en la calle Chile, sin darme cuenta de que la plaza estaba reservada para ambulancias y bomberos. La plaza estaba delimitada por líneas blancas y dos señales altas que lo indicaban y que no miré. Cuando volví mi coche se lo había llevado la grúa. De la misma manera que se indica en el asfalto la plazo reservada para minusválidos, hay bicicletas dibujadas en el carril bici, figuras de niños jugando .. etc, podrían poner por ejemplo el dibujo de una ambulancia, o pintar de otro color estas plazas reservadas?. Creo que así nos daríamos más cuenta. Gracias de antemano por su atención."
2026-09-23T16:15:30,Coches y aparcamiento,Solicitud de creación de nuevas plazas de aparcamiento para motocicletas en Avda. Naciones Unidas - Bulevar de Mariturri,propuesta,0.75,1.0,historia,0.0,0.96,0.04,0.0,0.0,False,2,https://www.vitoria-gasteiz.org/wb021/was/comentarioAction.do?idioma=es&accion=verComentarios&claveAsuntoCom=368920&claveAsuntoGestorCom=798472&claveAreaCom=,"Debido a la creciente población en la zona sur de Zabalgana y al aumento del uso de vehículos de dos ruedas para la movilidad diaria, se ha detectado una carencia crítica de espacios de estacionamiento reservados para motocicletas en el eje formado por la Avenida de Naciones Unidas y el Bulevar de Mariturri. Actualmente, el punto de estacionamiento más cercano se sitúa en la Avenida de Iruña-Veleia, lo cual resulta insuficiente para cubrir la demanda de los bloques residenciales de la zona. Esta falta de plazas habilitadas provoca: Indefensión del motorista: Riesgo de sanciones por estacionar en aceras, a pesar de la falta de alternativas en calzada. Inseguridad del vehículo: Aparcar entre turismos aumenta el riesgo de que las motos sean golpeadas o tiradas al suelo durante las maniobras de aparcamiento de los coches. Optimización del espacio: La creación de plazas de moto en los extremos de las líneas de aparcamiento de coches ayuda a mejorar la visibilidad en los pasos de peatones (evitando que coches altos o furgonetas tapen la visibilidad). Solicitud: Se solicita al Departamento de Movilidad y Espacio Público la creación de, al menos, un nuevo punto de aparcamiento para motocicletas en calzada en las proximidades de la glorieta entre Avda. Naciones Unidas y Bulevar de Mariturri. Se propone el aprovechamiento de los ""ángulos muertos"" o finales de línea de aparcamiento existentes, lo cual no supondría una pérdida significativa de plazas para turismos y mejoraría notablement"
2026-09-23T16:24:09,Coches y aparcamiento,Imposible aparcar en Zaramaga,queja,0.68,1.0,historia,0.0,0.76,0.03,0.0,0.22,False,5,https://www.vitoria-gasteiz.org/wb021/was/comentarioAction.do?idioma=es&accion=verComentarios&claveAsuntoCom=353698&claveAsuntoGestorCom=775628&claveAreaCom=,"Desde que se han puesto en marcha las nuevas zonas OTA es imposible encontrar sitio en Zaramaga. ¿Por qué razón todos los barrios que están cerca del centro tienen OTA, excepto Zaramaga? Me parece un agravio comparativo muy grave con respecto a otros barrios como Arana o San Martín, que están incluso más alejados del centro. ¡ Por favor, pongan OTA en Zaramaga ya! / Mi apoyo totalmente, es imposible aparcar en Zaramaga, un barrio que la mitad de él no tiene garajes. ¿Por qué no nos ponen OTA?, ¿ por qué cada dia nos quitan mas y mas aparcamientos? Los que tenemos que tener coche, ya que trabajamos en polígonos industriales los cuales no llega el transporte publico, dónde lo aparcamos? Es una discriminación lo que están haciendo con nuestro barrio. Por favor ¡¡¡ OTA YA!!!!! / Lo que hay que hacer es pedir la dimisión de nuestros ""concejales"" y que liberen la ciudad de OTA no pedir que la extiendan y la extiendan... Parece que damos las gracias por pagar / Primero, no existe tanta dificultad para aparcar en Zaramaga y en cualquier caso es algo puntual por efecto de las obras que se están realizando, lo dificil es aparcar en la misma puerta de casa, pero no en el barrio. Segundo, la solución en cualquier caso sería reclamar que no se sigan eliminando plazas y no pedir la OTA para que el Ayuntamiento siga engordando su recaudación a costa del ciudadano. Tercero, la implantación de la OTA puede suponer ruina económica para muchos negocios y un gravísimo problema también para traba"
2026-09-23T16:34:30,Coches y aparcamiento,Plaza motos,pregunta,0.63,0.97,mucha_gente,0.03,0.28,0.09,0.0,0.6,False,3,https://www.vitoria-gasteiz.org/wb021/was/comentarioAction.do?idioma=es&accion=verComentarios&claveAsuntoCom=372395&claveAsuntoGestorCom=803158&claveAreaCom=,"En la calle Chile N4 frente al ambulatorio, aparcan todos los días coches en el sitio reservado para las motos. Solicito colocar una barrera en el medio de la plaza para que los coches no quepan, y señalizar mejor la plaza , solo está pintado el suelo y casi borrado. Gracias / Zona aparcamiento de motos ocupada por vehículos, falta una señal que indique motos, así como repintar el suelo y colocar una barrera en medio de la plaza para que los vehículos no puedan aparcar"
2026-09-23T18:05:11,"Impuestos, tasas y precios públicos","SAD Más caro y también, basuras. ¡Cómo no!",queja,0.8,1.0,persiste,0.0,0.38,0.58,0.03,0.0,False,1,https://www.vitoria-gasteiz.org/wb021/was/comentarioAction.do?idioma=es&accion=verComentarios&claveAsuntoCom=383696&claveAsuntoGestorCom=818046&claveAreaCom=,"Me da asko está ciudad y los ladrones que deciden. Y me dan igual las siglas y colores, sois calaña. La tasa de basuras volverá a subir: 0,41 euros al mes para las viviendas de menor tamaño hasta 1,46 euros al mes para los pisos de mayor superficie. Sois unos sin vergüenzas. Hay que pagar POR GENTE EMPADRONADA EN EL PISO, no por metros. LADRONES! A proteger a los de siempre y [Eliminado] al que es legal. Además: En el servicio de ayuda a domicilio (SAD) no llega a un 17% y el déficit de este servicio ronda los 22 millones de euros"", justifica el concejal de Hacienda. Les quitáis las residencias públicas para dárselo a gente que no ha ayudado a levantar Gasteiz y ahora, ¿a encarecer el SAD? Sois lo peor y espero que la vida os lo devuelva con... Me lo ahorro."
2026-09-23T18:18:02,Policía Local,Agradecimiento policia local PPP,agradecimiento,0.99,1.0,historia,0.0,0.87,0.04,0.0,0.09,False,2,https://www.vitoria-gasteiz.org/wb021/was/comentarioAction.do?idioma=es&accion=verComentarios&claveAsuntoCom=382945&claveAsuntoGestorCom=816987&claveAreaCom=,"Gracias por la buena actuación policial para control y seguridad sobre los Perros Potencialmente Peligrosos y demás, en los últimos días por la zona parque de Mariturri zona ruinas romanas C/ Alto de Armentia, control de correas, bozales y demás, gracias a ellos vivimos más tranquilos, están realizando un muy buen trabajo. Felicitaciones! / Me gustaría pedir también si fuese posible la presencia en ese mismo parque de Mariturri entre las 19:30h-20:30h de la tarde, para control de perros. Son las horas de mayor afluencia y descontrol. Muchas gracias de antemano."
2026-09-23T19:23:30,Coches y aparcamiento,Anulación parking Mendizorrotza en partidos de fútbol,pregunta,0.49,1.0,historia,0.0,0.54,0.3,0.0,0.15,False,1,https://www.vitoria-gasteiz.org/wb021/was/comentarioAction.do?idioma=es&accion=verComentarios&claveAsuntoCom=383720&claveAsuntoGestorCom=818070&claveAreaCom=,"Esta temporada de nuevo se cierra el parking de Mendizorrotza desde unas horas antes de los partidos del Alavés hasta que finalizan. Y, como novedad, el cierre también tiene lugar en los partidos del Alavés femenino. La justificación para los partidos masculinos es la seguridad, por la afluencia masiva a la zona. En el caso de los partidos femeninos me gustaría saber esta medida a qué criterio responde: ¿es también una cuestión de seguridad? ¿de igualdad? Cualquier día de verano en Mendizorrotza hay más coches que en un partido del Alavés femenino (es triste pero hay que aceptar que es así). Somos varios y numerosos los colectivos que nos vemos afectados: Las personas que vivimos en la zona de Ariznabarra nos vemos seriamente perjudicadas en estos días de partido, que ahora se duplican. Es imposible aparcar cuando llegamos de recoger a nuestros hijos/as de las extraescolares, se corta la circulación desde la rotonda de la antonia hacia Mendi y hay que dar una vuelta bien grande, se producen grandes atascos en esa misma rotonda que ya de por sí es complicada al estar cruzada por el BEI y concentrar mucha circulación... Las familias y personas que acuden a actividades en Mendizorrotza, que de primeras puede ser un centro elegido porque ofrece la clara ventaja de poder aparcar el coche (por desgracia no todo el mundo puede moverse en transporte público) no pueden aparcar. Por mencionar dos de esos colectivos, que seguro que hay muchos más. El año pasado era una incomodidad pero "
2026-09-23T20:31:05,Planeamiento de la ciudad,Confirmación de plano,queja,0.6,1.0,historia,0.0,0.97,0.02,0.0,0.0,True,10,https://www.vitoria-gasteiz.org/wb021/was/comentarioAction.do?idioma=es&accion=verComentarios&claveAsuntoCom=354865&claveAsuntoGestorCom=777252&claveAreaCom=,"https://www.vitoria-gasteiz.org/docs/wb021/contenidosEstaticos/adjuntos/es/76/75/77675.pdf Es el definitivo? Están avanzando las obras del rcp18 y es por confirmar si la obra se basa en este plano. Gracias. / ¿Tan difícil les resulta confirmar o no si este plano es el definitivo? Gracias por su esfuerzo... Así nos luce el pelo / Esto es lo más actualizado que yo he encontrado, por si te sirve https://www.vitoria-gasteiz.org/http/wb021/contenidosEstaticos/especial/pgou/2025/Definitivo/Planos/PGOU_Definitiva_POP_3_Planos_de_calificacion_pormenorizada_ciudad.pdf / Sí, ese es el que vi cómo último plano. Gracias por adjuntarlo. Ahora toca saber si es oficial o no. Ya que, el alojamiento dotacional no sé si está previsto o finalmente van a dejar toda esa zona verde, que sería un detallazo. Muchas viviendas de alquiler social en la misma zona ya cansa. / ?????????????? / ¿Pueden adjuntar el enlace con el plano final de esta zona? / Otra pregunta. En Paseo de la Iliada, la zona más cercana a las vías, ¿pretenden meter TODO ALQUILER SOCIAL? Y voy más allá, ¿pretenden hacer el mismo reparto de gente? Ya han convertido la calle en un ghetto y el conflicto es diario. Me pregunto si van a priorizar a nuestros jóvenes o van a seguir teniendo preferencia los mismos de siempre. Es que parece que no hay más barrios dónde construir alquiler social. ¿Y si los llevan a la zona de armentia? Lo digo porque creo que son igual de solidarios que en Salburua o incluso más. Para un funcionamiento más "
2026-09-23T22:22:49,AMVISA,Alternativa a la subida general de precio,queja,0.93,1.0,historia,0.0,0.72,0.03,0.15,0.1,False,1,https://www.vitoria-gasteiz.org/wb021/was/comentarioAction.do?idioma=es&accion=verComentarios&claveAsuntoCom=383728&claveAsuntoGestorCom=818078&claveAreaCom=,"Hola: Hoy me he enterado de la decisión de AMVISA de subir el precio del agua. Se me ha ocurrido que, en vez de eso, se podrían aplicar tarifas progresivas en función del consumo, de modo que así se incentivara el ahorro ¡de agua!, que por ahora, no hay tanta como la gente cree. Además se premiaría a quienes ""se lo merecen"". A pesar de esa presión económica, estoy seguro de que sacaríais mucho más dinero que de la otra manera, pues seguirá habiendo consumidores inconscientes. Que yo sepa, en otras ciudades esta medida está implementada desde hace mucho tiempo y no se siente como injusta."
2026-09-23T22:40:38,Zonas verdes,Sugerencia zonas verdes,aviso,0.85,0.97,mucha_gente,0.03,0.4,0.1,0.0,0.47,True,3,https://www.vitoria-gasteiz.org/wb021/was/comentarioAction.do?idioma=es&accion=verComentarios&claveAsuntoCom=383060&claveAsuntoGestorCom=817163&claveAreaCom=,"De cara al verano que viene quería sugerir que, sobre finales de mayo/principios de junio, se revisara el estado de todos los aspersores de la ciudad para verificar que: + No estén enterrados + No estén llenos de suciedad + Salga el agua correctamente + Rieguen la zona del jardín que corresponda (y no la acera/bidegorri/carretera) + Así como cualquier otra problemática Y así, poder comprobar con tiempo, que todos funcionen correctamente y no ocurra como este año, que en gran parte de los jardines ha habido o sigue habiendo problemas con el riego a mediados del mes de septiembre. Además, quería sugerir que visto el posible problema de escasez de agua debida a la falta de lluvias en verano, se regasen los jardines un día si y un día no, para poder preservar la vida en los mismos reduciendo a la mitad el uso del agua. Espero que se tenga algo en cuenta, Muchas gracias. / Buenas ideas y buenos argumentos. Apoyo la moción."
2026-09-23T23:47:40,Limpieza pública,Suciedad permanente en barrio de Coronación,agradecimiento,0.55,1.0,persiste,0.0,0.47,0.5,0.0,0.03,True,5,https://www.vitoria-gasteiz.org/wb021/was/comentarioAction.do?idioma=es&accion=verComentarios&claveAsuntoCom=383435&claveAsuntoGestorCom=817687&claveAreaCom=,"Soy vecina desde hace 60 años de la calle Tenerías y he asistido al aumento de la suciedad en el barrio, llegando a ser un problema de salud pública (las ratas salen de las alcantarillas para roer las bolsas de basura). En este momento la suciedad es permanente y hay una falta total de acción del servicio de limpieza, concretamente en la calle Eulogio Serdán (tramo calle Coronación hasta plaza de Andagoya) y en la calle Tenerías. Miles de colillas en los alcorques y en las rígolas del vial, bolsas de basura fuera de contenedores, restos de comida y suciedad en las aceras y en la zona de contenedores. El buzón del ciudadano contiene múltiples alusiones a la falta de limpieza, incluso se ha publicado el informe de un vecino que detalló muy acertamente todos los puntos sucios del barrio (publicación en el Norte Express). El Ayuntamiento se limita a contestar a las quejas dando traslado al equipo de limpieza. A día de hoy el estado de las calles sigue siendo el mismo. Solicito que se proceda a mantener estas calles de la misma forma que otras calles adyacentes y que el Ayuntamiento proceda a dar una solución a la petición planteada. Insisto, es un problema de salud pública. / El problema si es de limpieza pero ahora se ven actitudes muy incivicas que antes no se veian. Ayer pase por eulogio serdan 19 y esto vi ¿ es esto normal? / Es esto normal? Otra vez en eulogio serdan . Y asi todos los dias . Es la gente. El otro dia salio una señora del portal tenerias 1 con una bolsa de bas"
2026-09-23T23:49:22,Retirada de vehículos,Bicis abandonadas,aviso,0.99,1.0,historia,0.0,0.64,0.2,0.0,0.16,False,1,https://www.vitoria-gasteiz.org/wb021/was/comentarioAction.do?idioma=es&accion=verComentarios&claveAsuntoCom=383729&claveAsuntoGestorCom=818079&claveAreaCom=,Cada arbol de la calle basoa impar tiene una bici atada al arbol y en la calle tenerias pasa lo mismo.
2026-09-23T23:55:07,TUVISA. Autobuses urbanos,Horarios de salida zabalgana,queja,0.96,1.0,persiste,0.0,0.1,0.74,0.0,0.16,True,4,https://www.vitoria-gasteiz.org/wb021/was/comentarioAction.do?idioma=es&accion=verComentarios&claveAsuntoCom=382112&claveAsuntoGestorCom=815788&claveAreaCom=,"Últimamente , en más de una ocasión, los autobuses de la línea Zabalgana efectúan su salida sin esperar a los horarios definidos. Hoy, 08/09/26, a las 17:58, ya estaba pasando por la tercera parada, cuando todavía no debería de haber salido de Mariturri/reina Sofía / No es una situación puntual, es lo que ocurre de manera habitual. Si la salida sigue estando establecida a en punto, y diez,... y sucesivamente cada diez minutos, esto no se está cumpliendo, de manera general en cualquier horario de esta línea. / Si la linea a la que se refiere usted es la linea 11 (lakua-zabalgana),la salida desde reina sofia 4 es cada 30 minutos (en punto e y media);si es la linea 6,la salida desde boulevard de Mariturri,es a las horas terminadas en 5 (menos 5,y 5,y cuarto...) cada 10 minutos.En el caso de la linea 11 ese tiempo mencionado no me cuadra en absoluto.En la linea 6,si no hay nadie en las paradas anteriores y el tráfico es escaso,si que me cuadraria esa hora.De todas formas,como deberia saber ya,el horario a respetar por los conductores es en las terminales;el resto de paradas no tiene horario establecido. Por lo que estar siempre a la misma hora en una parada que no sea terminal,es dificil."
2026-09-24T07:55:13,TUVISA. Autobuses urbanos,Linea A BEI,aviso,0.54,1.0,persiste,0.0,0.32,0.65,0.01,0.02,False,1,https://www.vitoria-gasteiz.org/wb021/was/comentarioAction.do?idioma=es&accion=verComentarios&claveAsuntoCom=383731&claveAsuntoGestorCom=818081&claveAreaCom=,El BEI dirección A de las 7:45 va siempre lleno y no se puede subir gente. Es hora punta y ponen autobus pequeño y no ponen ningún refuerzo. Hasta que llegue el siguiente son más de 15 minutos de esperar. Creo que se puede prever que es hora punta de colegios. Y tampoco es humano estar en una lata de sardinas metido por la carretera.
2026-09-24T08:28:08,Desperfectos en vía pública,Reasfaltado de las calles Alibarra y Avenida del Zadorra,aviso,0.81,1.0,persiste,0.0,0.0,0.99,0.0,0.0,True,3,https://www.vitoria-gasteiz.org/wb021/was/comentarioAction.do?idioma=es&accion=verComentarios&claveAsuntoCom=381157&claveAsuntoGestorCom=814527&claveAreaCom=,"Buenas tardes. ¿Cuándo prevén reasfaltar las calles Alibarra y Avenida del Zadorra? Se gastan miles de euros en colocar radares para controlar la velocidad pero no les importa en absoluto el lamentable estado del piso. Los que circulamos por allí a diario vemos cómo pasan los años y la cosa va a peor y no se hace absolutamente nada. Ruego, por favor, que se dignen de una vez por todas a reparar la vía por completo y no limitarse a poner parches para salvar el expediente. Principalmente, y como mínimo, la calle Alibarra en el tramo entre las calles Zorrostea y Urartea. Es realmente un desastre y un punto muy peligroso porque los vehículos, al intentar salvar los socavones existentes, invaden el carril contrario. Gracias. / Perdona Ayuntamiento de Vitoria, pero a fecha 24/09 el ""mto urbano"" que indica no ha realizado ninguna labor de bacheo. la calle sigue igual de destrozada. urge un reasfaltado."
2026-09-24T08:39:55,Alumbrado público,farolas en calle Irati,pregunta,1.0,1.0,persiste,0.0,0.03,0.92,0.0,0.05,False,1,https://www.vitoria-gasteiz.org/wb021/was/comentarioAction.do?idioma=es&accion=verComentarios&claveAsuntoCom=383739&claveAsuntoGestorCom=818090&claveAreaCom=,"Desde que está en obras el centro comercial de Lakua no se encienden las luces externas del centro, lo que provoca que estemos en penumbra. La calle cuenta con tres farolas: una en cada acera al comienzo de la calle y otra al final, lo que hace que caminemos en penumbra y casi oscuridad por el resto de la acera. Es un problema de seguridad que hace que nos movamos inseguros en esta calle. No es el primer aviso a este respecto que hacemos llegar al ayuntamiento . Pedimos una solución rápida a esta situación. Gracias"
2026-09-24T08:40:22,Señalización y balizamiento,PARADA DISCAPACIDAD AVENIDA REINA SOFÍA N1,agradecimiento,0.91,1.0,historia,0.0,0.78,0.0,0.0,0.22,False,2,https://www.vitoria-gasteiz.org/wb021/was/comentarioAction.do?idioma=es&accion=verComentarios&claveAsuntoCom=383737&claveAsuntoGestorCom=818088&claveAreaCom=,"Buenos dias,tenemos algún simpático que ya es la 3 vez que lo hace.la parada de discapacitados que hay frente aun bar número en avenida Reina Sofía n1 , se dedica a girar la señal para que pueda aparcar todo el mundo.mientras que es para uso de discapacitados por favor quien tenga la potestad de colocarla bien que lo haga gracias"
2026-09-24T08:41:13,TUVISA. Autobuses urbanos,PARADA SIN ILUMINACIÓN,pregunta,0.99,1.0,persiste,0.0,0.03,0.97,0.0,0.0,False,2,https://www.vitoria-gasteiz.org/wb021/was/comentarioAction.do?idioma=es&accion=verComentarios&claveAsuntoCom=383730&claveAsuntoGestorCom=818080&claveAreaCom=,"La parada de la línea 10 Bustinzuri con Pintor Teodoro Dublang dirección centro lleva años sin estar iluminada. ¿No tiene el Ayuntamiento de Vitoria-Gasteiz presupuesto para poner iluminación? / Y la parada sigue sin estar iluminada. Parece que el ayuntamiento tiene dinero de los que trabajamos y pagamos impuestos para hacer un montón de agujeros por la ciudad pero para iluminar una parada de autobús no hay dinero. Luego gastan dinero de los contribuyentes para enviar folletos diciendo todo lo que han ""hecho"", para ese gasto también hay dinero pero para poner unas bombillas no, vergonzoso. / La parada sigue sin iluminación, se conoce que para la alcaldesa es mejor gastar nuestro dinero en cerrar el centro de juegos que tienen los niños en la antigua estación de autobuses que iluminar las paradas de los autobuses para que los conductores puedan ver a los usuarios. / Hola R.R. Creo que te equivocas con el destinatario del mensaje y solicitud. Será más efectivo si lo diriges a ""movilidad y transporte"", ""Tuvisa. Autobuses urbanos"", ya que solicitas iluminar una parada o marquesina de bus. Eso lo hace Tuvisa. No es un asunto de alumbrado público. La calle ya está iluminada. Si Tuvisa coloca una parada y marquesina, Tuvisa debe pensar en iluminarla con luces propias. Una marquesina bien iluminada. / R.E.T. Antes de escribir algo infórmate tú porque dicho por el propio ayuntamiento, la iluminación de las paradas las llevan ellos. Así que el mensaje está bien enviado. Y si no los que"
2026-09-24T08:47:19,Obras en vía pública,Arranca la reforma integral de la calle San Antonio para convertirla en un espacio más verde y con mayor protagonismo peatonal,propuesta,0.8,1.0,historia,0.0,0.92,0.0,0.08,0.0,False,4,https://www.vitoria-gasteiz.org/wb021/was/comentarioAction.do?idioma=es&accion=verComentarios&claveAsuntoCom=383674&claveAsuntoGestorCom=818016&claveAreaCom=,"Arranca la reforma integral de la calle San Antonio para convertirla en un espacio más verde y con mayor protagonismo peatonal Y lo primero que hacéis es cortar todos los árboles, que era lo único bueno que tenía la calle, preciosos, en primavera llenos de flores y la única sombra de la calle en verano. La verdad, tiene mucha lógica que para crear un espacio más verde lo primero sea quitar todos los arboles( con nidos, refugio de muchos seres vivos) y poner dentro de un año macetas. Igual que lo que habéis hecho en la calle independencia por las obras del tranvía, lo primero cortar los árboles, à ver quién se atreve ahora a pasar por ahí con 40 grados!! Viva la “Green Capital “ cada día nos superamos!!! Por favor si alguien tiene una explicación razonable para haberlos cortado que la exponga Porque ya está bien!!!! / La explicación es muy sencilla: se quitan los árboles para poner terrazas (irregulares) y facilitar el paso de coches. Muy green. / Súper green!! Pero pueden hacer lo mismo sin cortar los árboles, no molestan para nada, sino todo lo contrario nos dan sombra en verano, en invierno dejan pasar la luz, son refugio para muchos animales. Simplemente por egoísmo humano deberían de dejarlos, / Es flipante! yo ayer no daba crédito cuando vi que lo primero que han hecho es talar todos los árboles, pero ¡qué barbaridad! ¿porqué? que poco respeto, es increíble. cemento + cemento + favores a los bares"
2026-09-24T08:50:25,Otros servicios sociales,Alquiler social,agradecimiento,0.69,1.0,historia,0.0,0.67,0.3,0.0,0.03,False,3,https://www.vitoria-gasteiz.org/wb021/was/comentarioAction.do?idioma=es&accion=verComentarios&claveAsuntoCom=383743&claveAsuntoGestorCom=818094&claveAreaCom=,"Otra pregunta. En Paseo de la Iliada, la zona más cercana a las vías, ¿pretenden meter TODO ALQUILER SOCIAL? Y voy más allá, ¿pretenden hacer el mismo reparto de gente? Ya han convertido la calle en un ghetto y el conflicto es diario. Me pregunto si van a priorizar a nuestros jóvenes o van a seguir teniendo preferencia los mismos de siempre. Es que parece que no hay más barrios dónde construir alquiler social. ¿Y si los llevan a la zona de armentia? Lo digo porque creo que son igual de solidarios que en Salburua o incluso más. / En zabalgana ( Bremen y Reina Sofía)también tenemos casos de viviendas sociales que da pena ver cómo están las aceras de esos portales ...llenas de basura , de enseres voluminosos día tras día...vamos que si todos hiciéramos lo mismo....que desastre de ciudad está quedando. La carita es enfado no tristeza / No hay vecinos SOLIDARIOS en Armentia y Mendizabala para que hagáis viviendas sociales, o toda la solidaridad se centra en el resto de barrios de esta ciudad,? y hacer el favor de limpiar, retirar y reparar todas los desperfectos de la calle Bremen jardín incluído pq parece el tercer mundo. Calles y barrios DIGNOS viva quien viva!! A DIARIO. / La cara es de ENFADO no de tristeza. / El problema es precisamente ese, si nosotros obramos con la misma impunidad que ellos, pues mira, todo lleno de [Eliminado] todos por igual. La historia es que se les facilita la vivienda dejando a mucha gente fuera, se ignora la cantidad de irregularidades que hay en la"
2026-09-24T09:12:00,Alumbrado público,Ruido de arquetas calle la esperanza,aviso,0.98,0.98,persiste,0.02,0.23,0.7,0.0,0.06,False,1,https://www.vitoria-gasteiz.org/wb021/was/comentarioAction.do?idioma=es&accion=verComentarios&claveAsuntoCom=383744&claveAsuntoGestorCom=818096&claveAreaCom=,"Persiste el ruido de las arquetas en la calle la esperanza al paso de vehículos, no sólo los de salida del parking del artium, sino de los numerosos vehículos que desde la calle Los Herran acceden a la calle la paloma para incorporarse a través de la calle esperanza a la calle Francia. Y es habitual porque evitan ir hasta iparralde para acceder a calle Francia. No se hace ninguna vigilancia del tráfico y la contaminación acústica es importante."
2026-09-24T10:19:10,Zonas verdes,Normas para parques,aviso,0.85,1.0,historia,0.0,0.81,0.01,0.0,0.18,False,2,https://www.vitoria-gasteiz.org/wb021/was/comentarioAction.do?idioma=es&accion=verComentarios&claveAsuntoCom=382674&claveAsuntoGestorCom=816532&claveAreaCom=,Me gustaría saber que se puede o que no se puede hacer en un parque de la ciudad.
2026-09-24T10:20:47,Limpieza pública,Plaza de los Goros 11-12 no se limpia nunca,queja,0.64,1.0,persiste,0.0,0.32,0.67,0.0,0.01,False,2,https://www.vitoria-gasteiz.org/wb021/was/comentarioAction.do?idioma=es&accion=verComentarios&claveAsuntoCom=383738&claveAsuntoGestorCom=818089&claveAreaCom=,"Esta calle no pasa la barredora ni el barrendero. Solicito la limpien con frecuencia como el resto de las calles. Pagamos los mismos impuestos. Las jardineras cuadradas que hay en esta calle están llenas de kakas de perros, es insalumbre. No hay hierba, están todas asquerosas a la vista y huele a pis de perro. solicito LIMPIEZA urgente...!!!!!"
2026-09-24T10:26:33,TUVISA. Autobuses urbanos,Velocidad y atención a madres,agradecimiento,0.99,1.0,historia,0.0,0.98,0.01,0.01,0.01,False,2,https://www.vitoria-gasteiz.org/wb021/was/comentarioAction.do?idioma=es&accion=verComentarios&claveAsuntoCom=383725&claveAsuntoGestorCom=818075&claveAreaCom=,"Desde hace cinco meses hago uso diario del autobús (línea 3 y 9) ya que he sido madre. Para mi sorpresa, escasas veces me han bajado el bus o sacado la rampa para subir o bajar del autobús. Concretamente, agradezco a las dos mujeres conductoras que sí lo hicieron. Sin embargo, creo que esto es un aspecto a cuidar, ya que tengo que sacar a la niña del carro si no quiero que acabe en el suelo cuando la distancia entre el bus y la acera es grande. También me gustaría señalar que la velocidad a la que circulan es muy elevada y somos muchos los usuarios que lo percibimos."
2026-09-24T10:30:27,Acceso al sistema de Servicios Sociales,"Sad,tirar la basura",queja,0.73,0.98,persiste,0.02,0.41,0.57,0.0,0.0,False,2,https://www.vitoria-gasteiz.org/wb021/was/comentarioAction.do?idioma=es&accion=verComentarios&claveAsuntoCom=382444&claveAsuntoGestorCom=816261&claveAreaCom=,"Tengo un minusvalía y un grado de dependencia II además de una gran discapacidad y debido a la nueva ordenanza de sacar la basura hasta las 21:00.La empresa encargada se niega a tirarla,yo vivo sola y me es imposible tirarla con lo cual llevo ya más de 4bolsas acumuladas en mi domicilio con la insalubridad que conlleva.Ruego me den una solución,ya que desde la empresa privada que viene dice es cosa del ayuntamiento.gracias un saludo!"
2026-09-24T10:39:05,Coches y aparcamiento,OTA zona 2,queja,0.79,1.0,historia,0.0,0.82,0.11,0.0,0.07,False,5,https://www.vitoria-gasteiz.org/wb021/was/comentarioAction.do?idioma=es&accion=verComentarios&claveAsuntoCom=364891&claveAsuntoGestorCom=792543&claveAreaCom=,"Buenos días. Tengo duda respecto a la zona 2 de la OTA. Si tengo distintivo de la zona 2B puedo aparcar en la 2A? Gracias / Según la web municipal, a la zona 2B no le corresponden zonas colindantes. https://www.vitoria-gasteiz.org/wb021/was/contenidoAction.do?idioma=es&uid=_322669dd_12392bd72e2__7fd0 / A parte de denunciar la escasa o mala información referente a las nuevas zonas de OTA asignadas, parece que todo los ciudadanos nos tenemos que aprender las zonas de memoria. Me gustaría saber cuales son los criterios por los que todas las zonas 1 tienen asignadas zonas contiguas y las zonas 2 no. Evidentemente mi malestar es consecuencia de una multa recibida por aparcar en una zona donde hasta no hace mucho podía hacerlo. Mi distintivo ahora sin valor correspondía a zona 1B y ahora 2B con mas restricciones. Gracias / Pues si, es tu deber conocer la normativa si haces uso de ella. Lo mismo que debes conocer la tasa de alcoholemia permitida y el significado de los colores de las señales."
2026-09-24T10:40:16,Limpieza pública,El deterioro de la limpieza y la imagen turística en el Casco Viejo y Centro,agradecimiento,0.61,1.0,historia,0.0,0.53,0.45,0.0,0.02,False,2,https://www.vitoria-gasteiz.org/wb021/was/comentarioAction.do?idioma=es&accion=verComentarios&claveAsuntoCom=383661&claveAsuntoGestorCom=817997&claveAreaCom=,"El estado actual de conservación de las zonas más emblemáticas de Vitoria-Gasteiz, especialmente el Casco Viejo y los alrededores de la Plaza de la Virgen Blanca es deplorable. Eustat refleja un desplome del 10% en el turismo. Paseando por nuestras calles, la razón salta a la vista: la falta de limpieza es evidente, con acumulación de basura en rincones históricos, mobiliario urbano abandonado que degradan el paisaje urbano. A esto se suma una creciente sensación de dejadez e inseguridad que incomoda tanto a los propios residentes como a quienes nos visitan. Vitoria siempre ha presumido de ser una referencia en calidad de vida y sostenibilidad, pero si descuidamos el mantenimiento y la seguridad de nuestro patrimonio, perderemos todo el atractivo."
2026-09-24T10:42:29,Escuelas infantiles,Queja por el cambio de dos educadoras tras el periodo de adaptación en Haurtzaro,pregunta,0.4,1.0,persiste,0.0,0.2,0.8,0.0,0.0,False,1,https://www.vitoria-gasteiz.org/wb021/was/comentarioAction.do?idioma=es&accion=verComentarios&claveAsuntoCom=383750&claveAsuntoGestorCom=818111&claveAreaCom=,"Me dirijo al Ayuntamiento de Vitoria-Gasteiz para trasladar mi profundo malestar y disconformidad con la decisión de cambiar a dos educadoras de referencia de la haurreskola Haurtzaro de mi hijo después de haber transcurrido prácticamente todo el mes de septiembre y, con él, el periodo de adaptación. Mi hijo, al igual que el resto de los niños de una de las aulas de un año de edad, ha comenzado el curso enfrentándose a un entorno completamente nuevo. Durante estas casi cuatro semanas, ha ido realizando su periodo de adaptación acompañado por las mismas dos educadoras, que se han convertido en sus figuras de referencia y con las que ha ido creando un vínculo de confianza y seguridad. Ahora, después de todo este proceso, se nos comunica que las dos educadoras van a ser sustituidas simultáneamente por dos personas nuevas. Esto supone que los niños, justo cuando empiezan a estar adaptados a la haurreskola y a sus educadoras, tienen que enfrentarse nuevamente a dos rostros desconocidos y comenzar, en la práctica, un nuevo proceso de adaptación. La situación resulta todavía más difícil de entender cuando, según la información que se nos ha trasladado a las familias, este cambio era algo que ya se conocía desde hace un tiempo. Si efectivamente se sabía que estas dos educadoras no iban a continuar, resulta incomprensible que no se hubiera previsto y organizado de otra manera desde el comienzo del curso, evitando que los niños realizaran prácticamente todo su periodo de adaptación con"
2026-09-24T10:50:49,Moverse en bicicleta,carril bici Avenida Huetos,agradecimiento,0.65,1.0,historia,0.0,0.95,0.02,0.0,0.03,False,1,https://www.vitoria-gasteiz.org/wb021/was/comentarioAction.do?idioma=es&accion=verComentarios&claveAsuntoCom=383753&claveAsuntoGestorCom=818114&claveAreaCom=,"Buenos días.Soy un usuario diario del carril bici que conecta ali con avenida de los huetos hasta la gasolinera petronor. Es lamentable el estado del carril bici, cualquier va a ver un accidente muy grave,no está bien pintado ni delimitado,ni iluminado... Por favor , arreglarlo y acondicionarlo cuanto antes.Gracias."
2026-09-24T11:17:42,Alumbrado público,Farolas fundidas,aviso,0.96,1.0,mucha_gente,0.0,0.38,0.0,0.0,0.62,False,1,https://www.vitoria-gasteiz.org/wb021/was/comentarioAction.do?idioma=es&accion=verComentarios&claveAsuntoCom=383758&claveAsuntoGestorCom=818123&claveAreaCom=,Seguimos con múltiple farolas fundidas en el skate park de San Martín y aledaños. Se ruega su reparación
2026-09-24T11:48:32,Desperfectos en vía pública,Calle en muy mal estado,aviso,0.83,1.0,historia,0.0,0.74,0.24,0.0,0.02,False,2,https://www.vitoria-gasteiz.org/wb021/was/comentarioAction.do?idioma=es&accion=verComentarios&claveAsuntoCom=383761&claveAsuntoGestorCom=818126&claveAreaCom=,"En la calle trasera a la calle txarrakea 23, (no tiene nombre)que da a la plaza del áncora. Está en muy mal estado. Hay una altura de unos 4 metros s roto sin vallar o poner muro aparte de que se está undiendo y está toda rajada. Se pueden caer niños y personas y cuando se saca los coches del garage a la mínima te puedes ir hacia abajo. Pido por favor que vallan a mirar eso y lo arreglen de una vez. Que en abetxuko impuestos pagamos igual."
2026-09-24T11:54:03,Zonas verdes,Aspersores regando fuera del tiesto,agradecimiento,0.89,1.0,historia,0.0,0.79,0.19,0.0,0.01,False,3,https://www.vitoria-gasteiz.org/wb021/was/comentarioAction.do?idioma=es&accion=verComentarios&claveAsuntoCom=381317&claveAsuntoGestorCom=814731&claveAreaCom=,"En jardines entre C/ Viena, Portal de Elorriaga, Elorriaga (pueblo) y casitas de Declaración de Río, aspersores de riego junto a caminos, tanto de asfalto (granate) como de tierra, que tiran bastante agua fuera del jardín, es decir, que se pierde mucha. Hay otra zona (no señalada en el mapa), la siguiente hacia la ciudad, delimitada por Viena, Declaración de Río, Carta de Atenas y Curitiva, que también tiene al menos un aspersor (en la parte cercana a Viena) que riega el camino con generosidad. Por favor, reducid o reconducid el arco de oscilación de los aspersores para que se aproveche el agua. Gracias. / Esta mañana seguían regando fuera del jardín. Los aspersores que están junto a los caminos expulsan agua más allá del plano paralelo al borde del camino. Habría que limitar el giro de modo que no llegaran siquiera al borde, pues entre la brisa y lo que se pulveriza se riega de sobra la hierba junto al camino, pero tal como está, en el camino ancho, por ejemplo, hay partes donde se ve que el agua ha llegado casi hasta el otro lado, tres metros. Yo creo que se puede hacer mejor. Yo trabajé hace años en mantenimiento de jardines en La Costa del Sol y cuidábamos mucho el rango de oscilación de los aspersores y su ubicación. Además quiero señalar que hay un aspersor que expulsa agua contra un elemento que parece un ""armario"" de mandos, supongo que de los aspersores, con lo que se pierde mucha agua. Creo que sería mejor recortar el arco de riego para que el chorro no golpee ahí. "
2026-09-24T11:54:19,Zonas verdes,Farolas entre árboles,aviso,0.67,1.0,historia,0.0,0.56,0.0,0.0,0.44,False,2,https://www.vitoria-gasteiz.org/wb021/was/comentarioAction.do?idioma=es&accion=verComentarios&claveAsuntoCom=383757&claveAsuntoGestorCom=818122&claveAreaCom=,En las Conchas las ramas de los árboles tapan la inmensa mayoría de las farolas creando zonas de oscuridad absoluta. ¿Es posible podar un poco los árboles que tapan farolas? Gracias
2026-09-24T11:54:49,Zonas verdes,Los cortadores de cesped,agradecimiento,0.92,1.0,historia,0.0,0.54,0.34,0.0,0.12,False,2,https://www.vitoria-gasteiz.org/wb021/was/comentarioAction.do?idioma=es&accion=verComentarios&claveAsuntoCom=383746&claveAsuntoGestorCom=818100&claveAreaCom=,"El único mantenimiento que se hace del jardín entre Obispo Ballester, Valladolid y Hortaleza, es el corte del ""cesped"", no sé cual, esto es un erial, no solo por el verano tórrido, sino porque no se riega en los últimos años, esperando riego automático........ Seguimos con ramas secas y medio caídas de los árboles. Gracias"
2026-09-24T11:58:03,Obras en vía pública,Obras Portal Villarreal,queja,0.72,1.0,persiste,0.0,0.07,0.9,0.0,0.03,False,2,https://www.vitoria-gasteiz.org/wb021/was/comentarioAction.do?idioma=es&accion=verComentarios&claveAsuntoCom=383343&claveAsuntoGestorCom=817594&claveAreaCom=,"Acaban de comenzar obras en calle Portal de Villarreal. Por dimensiones de obras han quedado reducidas tanto aceras como espacio para circulación de vehículos. Consecuencia: han quedado anulados los carriles-bici. Y pese a estar señalizado la obligatoriedad de que los usuarios de patinetes y bicicletas lo hagan caminando por las aceras, sigue habiendo muchos de ellos que lo hacen sobre sus vehículos de dos ruedas a velocidades inadecuadas, con el consiguiente peligro para los viandantes. Sería conveniente que durante algún tiempo la policía local vigilase el cumplimento de estas normas básicas de utilización de las aceras. Con el fin de evitar cualquier tipo de incidente. También sería positivo remarcar la señalización, quizás algo escasa al día de hoy. Muchas gracias."
2026-09-24T12:01:43,TUVISA. Autobuses urbanos,Nadie paga el BEI?,pregunta,0.81,1.0,historia,0.0,0.98,0.02,0.0,0.0,False,2,https://www.vitoria-gasteiz.org/wb021/was/comentarioAction.do?idioma=es&accion=verComentarios&claveAsuntoCom=383727&claveAsuntoGestorCom=818077&claveAreaCom=,"Soy asiduo usuario del BEI y cada vez que lo cojo, veo mucha gente que llega a la parada después de mi, no pasan la tarjeta en el terminal de lectura y luego se suben tan anchos al bus. También es cierto que en todos los viajes que hago, nunca me he encontrado a ningún personal revisor o como se denomine, que verifique que se ha abonado el billete. Mi pregunta es: ¿no hay personal que haga esta función? ¿pagamos el BEI cuatro gatos para que otros se suban sin pagar? Me gustaría conocer la opinión del ayuntamiento al respecto. Gracias."
2026-09-24T12:03:05,Obras en vía pública,OBRAS C/ GAMARRA MAYOR,agradecimiento,0.82,1.0,persiste,0.0,0.32,0.67,0.0,0.01,False,2,https://www.vitoria-gasteiz.org/wb021/was/comentarioAction.do?idioma=es&accion=verComentarios&claveAsuntoCom=383197&claveAsuntoGestorCom=817441&claveAreaCom=,"Buenas, Con relación a las obras que se están realizando en la calle Gamarra Mayor. ¿Está programado el reasfaltado de la calle? porque vemos que se ha cambiado la mediana y puesto nuevas farolas. Pero el asfalto sigue con los mismos baches y agujeros. Miles de coches pasan por ahi para ir a trabajar, y no vemos ninguna mejora. Lo arreglareis, verdad? ya que lleváis 3 meses con la obra."
2026-09-28T10:21:06.741977,Señalización y balizamiento,"Paso de peatones en Avenida de los Huetos 75, edificio azucarera",propuesta,0.81,1.0,historia,0.0,0.55,0.4,0.0,0.05,False,4,https://www.vitoria-gasteiz.org/wb021/was/comentarioAction.do?idioma=es&accion=verComentarios&claveAsuntoCom=383773&claveAsuntoGestorCom=818139&claveAreaCom=,"El edificio Azucarera (Avda. Los Huetos, 75) es un centro de actividad empresarial y administrativa que genera un tránsito constante de peatones. Sin embargo, la zona carece de una conexión segura para cruzar la calzada. Al ser una vía de alta densidad de tráfico y gran amplitud, donde los vehículos circulan a velocidades elevadas, supone un riesgo extremo de atropello para quienes intentan acceder a su puesto de trabajo desde el trasporte público, aparcamientos o servicios (restauración, etc.). Los pasos de cebra más cercanos se encuentran a una distancia de aproximadamente 240 metros en un sentido (hacia la rotonda de Zurrupitieta-Alibarra-Avda los huetos ) y de 300 metros en el otro sentido (calle Avda Los Huetos junto a Calle Bekolarra). Esta falta de pasos peatonales hace que los recorridos a pie sean larguísimos y que muchos peatones acaben cruzando por la carretera con el peligro que eso conlleva. Procedan por favor a la señalización de un nuevo paso de peatones frente al citado edificio. / Soy trabajador de una empresa que tiene sus oficinas en el edificio Azucarera y confirmo la necesidad de un paso de peatones que garantice la seguridad vial en el entorno de trabajo. Creo que la actuación se limita a un gasto en pintura y puede ser asumible por el ayuntamiento. Sin necesidad de hacer grandes inversiones se puede conseguir una mejora considerable en la seguridad de todas las personas trabajadoras del edificio y visitas. / Trabajo en la azucarera, y desde que se quita"
2026-09-24T12:28:24,Coches y aparcamiento,"Avenida Gasteiz 53, solicita se de una solución por quitar plazas de aparcamiento",pregunta,0.72,1.0,historia,0.0,0.66,0.08,0.0,0.26,False,2,https://www.vitoria-gasteiz.org/wb021/was/comentarioAction.do?idioma=es&accion=verComentarios&claveAsuntoCom=370724&claveAsuntoGestorCom=800999&claveAreaCom=,"Comunica al servicio 010 que en la Avenida Gasteiz 53, van a quitar 200 plazas de aparcamiento. Tiene la OTA 2A, lo que va a suponer quitarle la mitad de los sitios de donde aparca actualmente. Ha pagado su OTA para poder aparcar en esa zona, pero ahora con las obras le van a quitar sitio. Solicita se le de alguna solución a los usuarios de OTA de la zona."
2026-09-24T12:31:39,Obras en vía pública,OBRAS DE CARRIL BICI EN CALLE SERAFÍN AJURÍA,agradecimiento,0.61,1.0,historia,0.0,0.83,0.01,0.08,0.08,False,2,https://www.vitoria-gasteiz.org/wb021/was/comentarioAction.do?idioma=es&accion=verComentarios&claveAsuntoCom=383174&claveAsuntoGestorCom=817353&claveAreaCom=,"Actualmente se están realizando las obras de instalación de un carril bici en la calle Serafín Ajuría. Es una calle amplía con dos maravillosas aceras, y que contaba con aparcamientos en batería en ambos lados de la calle. Se ha tenido la brillante idea de suprimir un lado completo de aparcamientos (dejando cuatro de aparcamiento en paralelo) para instalar el carril bici y otro espacio enorme de acera, cuando hay suficiente acera en ambos lados de la calle. Lo lógico hubiese sido, mantener los aparcamientos, y hacer el carril bici en el lugar de la maravillosa acera pintada en el asfalto, la cuál no va a usar nadie. También cabe añadir, que otra posibilidad, mejor que por la que se ha optado, hubiera sido mantener los dos carriles de tráfico y dejar los aparcamientos de un lado en batería, para que el carril de circulación de los vehículos no sea tan estrecho. Pasan camiones de reparto de los negocios de la calle y de los supermercados cercanos, y se ha quedado una curva y una calle extremadamente estrecha, viniendo de dos amplios carriles que había. Creo que se deberían de plantear el estado en que están dejando la calle al igual que las cercanas. Carriles estrechos de circulación, aceras en asfalto sin sentido y reducción de aparcamiento unidos a la implantación de la OTA. Así sólo se consigue destruir un barrio junto a su comercio, algo que funcionaba de maravilla antes del último mandato."
2026-09-24T12:35:08,Obras en vía pública,Portal de Legutiano,agradecimiento,0.94,1.0,historia,0.0,0.6,0.06,0.0,0.33,False,3,https://www.vitoria-gasteiz.org/wb021/was/comentarioAction.do?idioma=es&accion=verComentarios&claveAsuntoCom=362226&claveAsuntoGestorCom=788259&claveAreaCom=,"Buenas noches! Me gustaría saber, si se tiene previsto, el adecuar, reformar, modernizar o mejorar, el entorno de portal de legutiano, desde reyes de navarra hasta la calle Madrid. Muchas gracias. / La verdad es que sí, es una pena cómo se encuentra dicha calle e inmediaciones, un abandono total."
2026-09-28T07:56:17.000177,Seguridad vial,Gafas con retrovisores,queja,0.46,1.0,historia,0.0,0.88,0.11,0.0,0.0,False,1,https://www.vitoria-gasteiz.org/wb021/was/comentarioAction.do?idioma=es&accion=verComentarios&claveAsuntoCom=383153&claveAsuntoGestorCom=817315&claveAreaCom=,Es la quinta vez que me borrais el comentario sobre ese tema auténticos censores y estomagos bien agradecidos si no sois capaces de hacer vuestro trabajo lo que podéis hacer es iros todos en casa sino sois capaces habrá gente competente que intente y solucionar este tema que cada vez se va de las las manos no se puede circular tranquilamente en esta ciudad por las aceras los peatones estamos en constante peligro por vuestra ineficacia. tenemos una policía ineficaz vaga que no se baja del coche por si se fatiga y unos políticos que no valen para nada más y para cobrar Sois un auténtica vergüenza como en todo esta Vitoria que da pena por vuestra ineficaz colaboración en querer arreglar algo. / Buenos días me gustaría que algún responsable responda a este tema como poder llevar a pleno municipal una propuesta de un ciudadano pues somos los únicos que podemos llevar cosas serias y productivas para esta ciudad no lo que llevan los políticos y afines espero su contestacion / Se va a dignar alguien a contestarme o vais a seguir como siempre sin hacer nada. Os recuerdo que vosotros sois trabajadores al servicio del ciudadano y por lo tanto lo menos que podéis hacer es contestar a todo lo que se os plantea os guste o no. / Vais a tener la dignidad de contestarme y decirme cómo hacer para solicitar este tema que sea llevado a pleno. Dejar de ser tan serviciales y contestar al ciudadano es vuestra obligación por la cual cobrais / Vais a tener la dignidad de contestarme y decirme cómo ha
2026-09-24T12:59:23,Coches y aparcamiento,Coche de la etb,pregunta,0.61,1.0,mucha_gente,0.0,0.39,0.01,0.0,0.6,False,2,https://www.vitoria-gasteiz.org/wb021/was/comentarioAction.do?idioma=es&accion=verComentarios&claveAsuntoCom=370989&claveAsuntoGestorCom=801371&claveAreaCom=,"Pregunto si este coche de la etb tiene permiso para estacionar dentro del parque de la florida, detrás del parlamento."
2026-09-24T13:03:33,Obras en vía pública,CARRIL BICI AVENIDA GASTEIZ Y PARADAS DE AUTOBUSES,agradecimiento,0.61,1.0,historia,0.0,0.81,0.18,0.0,0.01,False,1,https://www.vitoria-gasteiz.org/wb021/was/comentarioAction.do?idioma=es&accion=verComentarios&claveAsuntoCom=383786&claveAsuntoGestorCom=818155&claveAreaCom=,"Buenos días, El tramo de la Avenida Gasteiz entre las calles Pintor Doublang y Diaz de Olano necesita de una mejora para los peatones y vecinos. El carril bici sigue estando en las aceras, con el peligro que conlleva para los peatones, es una zona muy transitada, además las bicis no respetan la dirección del carril. Ambas aceras se están convirtiendo en paradas de numerosos autobuses tanto urbanos como provinciales , con la consiguiente contaminación de ruido y ambiental. En ocasiones se concentran más autobuses que en la Estación de Lakua. La Sra. Artolazabal en una rueda de prensa decía que ""estamos consiguiendo una ciudad más habitable, menos congestión y menos contaminación"" Espero que también se aplique en esta zona de la ciudad. Muchas gracias."
2026-09-24T13:05:20,Coches y aparcamiento,Contenedor en Vicente Goikoetxea nº 2,pregunta,0.97,1.0,mucha_gente,0.0,0.19,0.0,0.0,0.81,False,2,https://www.vitoria-gasteiz.org/wb021/was/comentarioAction.do?idioma=es&accion=verComentarios&claveAsuntoCom=371417&claveAsuntoGestorCom=801908&claveAreaCom=,En la calle Vicente Golikoetxea nº 2 hay un contenedor colocado en la zona de aparcamiento con permiso concedido el 25 de junio de 202 con fecha final el 25 septiembre de 2025. Interesaría saber si el permiso sigue vigente.
2026-09-24T13:08:44,Policía Local,Recuperen la policía a pie: el barrio ya no se cuida solo,aviso,0.92,1.0,historia,0.0,0.64,0.3,0.02,0.03,False,1,https://www.vitoria-gasteiz.org/wb021/was/comentarioAction.do?idioma=es&accion=verComentarios&claveAsuntoCom=383790&claveAsuntoGestorCom=818159&claveAreaCom=,"Soy vecino de Vitoria de toda la vida y escribo porque en los últimos tiempos estoy notando un cambio que me preocupa, y no soy el único: en la ciudad se ven demasiadas cosas que antes no pasaban. Bolsas de basura amontonadas en el suelo junto a los contenedores, restos de comida y botellas que se quedan días tirados, muebles y trastos dejados en la vía pública, coches y furgonetas metidos en zonas peatonales, patinetes y bicicletas circulando por calles peatonales, y terrazas de bares cada vez más sucias y con más mesas de las permitidas. Nada de esto es nuevo, pero antes era lo raro y ahora se está convirtiendo en lo normal. No creo que haya una única causa, seguro que hay más. Está la falta de educación cívica y ese ""todo vale"", ese pensar solo en uno mismo que tanto se ha extendido últimamente. Pero creo que una de las razones importantes es que se dejó de ver a la policía municipal patrullando a pie por los barrios. Ahora los veo pasar en coche, pero el coche no ve lo que pasa a pie de calle y, sobre todo, no disuade: nadie deja la basura fuera del contenedor sabiendo que en cualquier momento puede pasar un agente andando, y al conductor de turno no le importa aparcar mal porque sabe que probablemente no vuelva a pasar una patrulla. No es solo una opinión mía ni algo que me haya inventado. Me puse a buscar un poco y vi que hay estudios que lo muestran. En Newark hicieron un experimento hace años: patrullas a pie y la gente se sintió mucho más segura. En Filadelfia, otro "
2026-09-24T13:17:21,TUVISA. Autobuses urbanos,linea 10 tuvisa,aviso,0.77,1.0,persiste,0.0,0.13,0.86,0.0,0.0,False,3,https://www.vitoria-gasteiz.org/wb021/was/comentarioAction.do?idioma=es&accion=verComentarios&claveAsuntoCom=383767&claveAsuntoGestorCom=818133&claveAreaCom=,"El motivo de mi queja es el funcionamiento de la linea 10. Autobuses que se caen de viejos, horarios que no se cumplen y es al comienzo del recorrido. A veces dos autobuses seguidos; uno de ellos vacío. Conductores estresados y con poco respeto al usuario(música altísima) que los viajeros no tenemos que soportar, ventanas cerradas si no hay aire acondicionado y hace calor, prisa por cerrar puertas y arrancar provocando daños sobre todo a personas mayores, conducción a gran velocidad , frenazos bruscos que mas parece transporte de ganado y sobre todo contestaciones de malos modos diciéndote que hagas lo que estoy haciendo en este momento. Quejarte Usuarios hablando por teléfono a un volumen que todo el mundo oye , falta de respeto por los asientos especiales , generalmente ocupados por jóvenes con el móvil en la mano y un largo etcetera que hacen que el uso del transporte público sea una tortura El Sr que trabaja en tuvisa y coge el teléfono no resuelve nada y llamar directamente para quejarte es como no hacer nada. Muchos conductores dicen que está ahí puesto por el ayuntamiento para eso precisamente ""no hacer nada"" Eskerrik asko / Deberían de poner un autobús mas para ke tuvieran un margen de 10 minutos añadidos en ambos sentidos para que les de tiempo a realizar el recorrido sin tantas prisas para cumplir horarios, tal y como se hizo en otras líneas como consecuencia de la huelga. Mueve un alto volumen de pasajeros y no entiendo como pueden estar tan limitados. En las horas"
2026-09-24T13:24:03,Limpieza pública,Botella rota en jardín,aviso,0.89,0.99,historia,0.01,0.7,0.0,0.0,0.29,False,2,https://www.vitoria-gasteiz.org/wb021/was/comentarioAction.do?idioma=es&accion=verComentarios&claveAsuntoCom=383760&claveAsuntoGestorCom=818125&claveAreaCom=,En el jardín indicado hay una botella de cristal verde rota. Así mismo está sin desbrozar. Se ruega su limpieza.
2026-09-24T13:27:48,Coches y aparcamiento,Aparcamiento arambizcarra,agradecimiento,0.66,1.0,persiste,0.0,0.42,0.53,0.0,0.05,False,2,https://www.vitoria-gasteiz.org/wb021/was/comentarioAction.do?idioma=es&accion=verComentarios&claveAsuntoCom=383779&claveAsuntoGestorCom=818148&claveAreaCom=,"Con el problema de aparcamiento que tenemos a consecuencia de poner tramos de OTA ,en unos sitios si en otros no, los vecinos estamos hasta las narices y este finde nos traen todas las furgonetas y camiones del mercado medieval ,siempre nos toca a los mismos soportar los eventos en nuestra ciudad,cuando no es la cabalgata de reyes es el carnaval ...parece que siempre pagamos los mismos .Propongo poner OTA en el resto del barrio para que tengamos la posibilidad de llegar del trabajo y tener aparcamiento."
2026-09-24T13:34:02,Otros información y atención ciudadana,Atención a la ciudadanía,aviso,0.58,1.0,mucha_gente,0.0,0.38,0.0,0.0,0.62,False,2,https://www.vitoria-gasteiz.org/wb021/was/comentarioAction.do?idioma=es&accion=verComentarios&claveAsuntoCom=383668&claveAsuntoGestorCom=818006&claveAreaCom=,¿Para que hay tantos en la oficina de atención a la ciudadanía si luego no pasan las quejas al departamento correspondiente?
2026-09-24T13:34:56,Zonas verdes,Poda árboles,agradecimiento,0.51,1.0,historia,0.0,0.96,0.01,0.0,0.03,False,2,https://www.vitoria-gasteiz.org/wb021/was/comentarioAction.do?idioma=es&accion=verComentarios&claveAsuntoCom=383794&claveAsuntoGestorCom=818163&claveAreaCom=,"Me gustaría pedir la poda de árboles del barrio del pilar (aunque creo que esto afecta a toda la ciudad, poner árboles y plantas está bien pero necesitan cuidados). Uno de los problemas que genera la no poda es el que los árboles estén enfermos, lo cual conlleva a que las hojas caigan en la temporada que no toca atascando alcantarillas, adjunto foto, (que luego trae problemas cuando cae una tormenta de la leche) y ensuciando las calles (ya que no se recogen), también hay bichos que incluso entran en las casas. Para que un árbol esté sano necesita cuidados, antes no teníamos estos problemas porque se podaban para sanar. Por favor poner solución a esto. Muchas gracias"
2026-09-24T14:04:11,Zonas verdes,Vandalismo y destrozo de árboles en la ciudad,agradecimiento,0.75,1.0,mucha_gente,0.0,0.36,0.06,0.1,0.48,False,2,https://www.vitoria-gasteiz.org/wb021/was/comentarioAction.do?idioma=es&accion=verComentarios&claveAsuntoCom=383799&claveAsuntoGestorCom=818170&claveAreaCom=,"¿Qué está pasando últimamente en la ciudad con el arbolado? Estoy observando con mucha preocupación cómo se están arrancando árboles, rompiéndolos por la mitad o quitándoles los tutores que los protegen. No sé si se trata de actos de vandalismo continuados o qué está ocurriendo, pero la situación ya es insostenible. Ruego al Ayuntamiento que revise este problema, reponga los árboles dañados y tome medidas de vigilancia para evitar que se sigan destrozando nuestros espacios verdes. Foto badaia 25"
2026-09-24T14:12:38,Limpieza pública,punto de recogida de basura Roncesvalles con Estella Lizarra,queja,0.52,1.0,historia,0.0,0.85,0.01,0.0,0.14,False,1,https://www.vitoria-gasteiz.org/wb021/was/comentarioAction.do?idioma=es&accion=verComentarios&claveAsuntoCom=383802&claveAsuntoGestorCom=818174&claveAreaCom=,"Desde hace mas de 1 año este punto de recogida de basuras es UN VERTEDERO No hay dia que no haya basuras por doquier Las urracas y ratas se encargan de esparcir las basuras por el jardin Ademas la gente baja bultos grandes colchones armarios y cualquier otra casa a cualquier hora del dia Nos pasamos el día haciendo fotos para pasarlas al ayuntamiento No creo que sea nuestro deber hacer nosotros de intermediarios . SE REGUA ENCARRECIDAMENTE QUE SE HAGA ALGO AL RESPECTO, MULTEN Y PONGAN CARTELES QUE EXPLIQUEN CUANDO SE PUEDE BAJAR VOLUMINOSOS Y LOS TELÉFONOS A LOS QUE LLAMAR.Ya no es la primera vez que realizamos esta queja formal"
2026-09-24T14:15:54,Desperfectos en vía pública,MAL ESTADO DE LAS ACERAS EN EL PASEO DE LA ZUMAQUERA,agradecimiento,0.77,1.0,historia,0.0,0.5,0.5,0.0,0.0,False,3,https://www.vitoria-gasteiz.org/wb021/was/comentarioAction.do?idioma=es&accion=verComentarios&claveAsuntoCom=383801&claveAsuntoGestorCom=818173&claveAreaCom=,"Buenos días, Las aceras son de brea, hay grietas, baches, agujeros...etc. Nunca hay presupuesto del Ayuntamiento para mejorar esta calle. Hoy leo en el periódico, con sorpresa, que el gabinete de la Sra. Alcaldesa quiere subir los impuestos un 3.4 %. Espero que nos exima de la subida, ya que tiene la zona cada vez más degradada y sigue sin hacer nada. Gracias / Más fotos."
2026-09-24T14:23:12,Alumbrado público,farola parque salinillas de buradon,aviso,0.76,1.0,historia,0.0,0.78,0.0,0.0,0.22,False,2,https://www.vitoria-gasteiz.org/wb021/was/comentarioAction.do?idioma=es&accion=verComentarios&claveAsuntoCom=383451&claveAsuntoGestorCom=817703&claveAreaCom=,"(42.8429782, -2.7054071)"
2026-09-24T14:26:22,Alumbrado público,Farola con zumbido,pregunta,0.38,1.0,historia,0.0,0.54,0.0,0.0,0.46,False,2,https://www.vitoria-gasteiz.org/wb021/was/comentarioAction.do?idioma=es&accion=verComentarios&claveAsuntoCom=383272&claveAsuntoGestorCom=817523&claveAreaCom=,"Hola: En la Av. de Judizmendi, en el tramo peatonal junto a la calle Florida, en la parte más alta, la farola más cercana al centro de la ciudad, tiene un zumbido reciente. La iluminación no se ve afectada, pero creo que convendría revisarla."
2026-09-24T14:28:45,Alumbrado público,Sin luz,aviso,0.71,1.0,persiste,0.0,0.07,0.89,0.0,0.04,False,2,https://www.vitoria-gasteiz.org/wb021/was/comentarioAction.do?idioma=es&accion=verComentarios&claveAsuntoCom=383783&claveAsuntoGestorCom=818152&claveAreaCom=,A la altura del número 22 de la calle Zurrupitieta en Jundiz llevamos varias semanas sin luz en las farolas de la calle...
2026-09-28T17:21:06.741977,Alumbrado público,Farola fundida PPUranga 2,pregunta,0.67,1.0,persiste,0.0,0.01,0.96,0.0,0.02,True,3,https://www.vitoria-gasteiz.org/wb021/was/comentarioAction.do?idioma=es&accion=verComentarios&claveAsuntoCom=383648&claveAsuntoGestorCom=817975&claveAreaCom=,"En el núm 2 de Pintor Pablo Uranga hay una farola fundida desde hace meses. Está delante de un portal que queda prácticamente a oscuras / Y ... si está fundida desde hace meses y lo sabéis, ... ¿por que esperáis meses para avisar? / Muchas gracias por la rápida resolución."
2026-09-24T14:31:38,Alumbrado público,"Farola fundida en C/. Hondarribia, 2",agradecimiento,0.61,1.0,persiste,0.0,0.04,0.96,0.0,0.0,False,3,https://www.vitoria-gasteiz.org/wb021/was/comentarioAction.do?idioma=es&accion=verComentarios&claveAsuntoCom=383617&claveAsuntoGestorCom=817944&claveAreaCom=,"A la altura del nº 2 de la C/. Hondarribia, cerca del paso de cebra. Lleva fundida varios meses. Se solicita reparación. Gracias. / Y ... si lleva fundida varios meses y lo sabéis, ... ¿por que esperáis tantos meses para avisar?"
2026-09-24T14:33:15,Desperfectos en vía pública,Estolden zarata,agradecimiento,0.81,1.0,historia,0.0,0.93,0.0,0.0,0.07,False,2,https://www.vitoria-gasteiz.org/wb021/was/comentarioAction.do?idioma=es&accion=verComentarios&claveAsuntoCom=383806&claveAsuntoGestorCom=818181&claveAreaCom=,"San Vicente de Paul kalean 9 an badaude gaizki dauden bi estolda. noizean behin konpontzera etortzen dira baina kotxe, kamioi eta busak pasatzen direnez etengabe, ba puskatzen dira... Kontua da garraioak pasatzean kriston zarata ateratzen dutela. Mila esker."
2026-09-24T14:33:43,Mobiliario urbano,papeleras,agradecimiento,0.65,1.0,historia,0.0,0.52,0.0,0.0,0.48,False,2,https://www.vitoria-gasteiz.org/wb021/was/comentarioAction.do?idioma=es&accion=verComentarios&claveAsuntoCom=383805&claveAsuntoGestorCom=818180&claveAreaCom=,Buenos días en la calle Concha Espina y calle Areitio no hay ni una papelera me gustaría que nos pongan alguna gracias
2026-09-24T14:56:51,Retirada de vehículos,Bicicletas abandonadas en el aparcabicis de Av. Santiago 44,agradecimiento,0.9,1.0,persiste,0.0,0.31,0.66,0.01,0.02,False,1,https://www.vitoria-gasteiz.org/wb021/was/comentarioAction.do?idioma=es&accion=verComentarios&claveAsuntoCom=337642&claveAsuntoGestorCom=751087&claveAreaCom=,"En el aparcabicis de la Avenida Santiago 44, esquina con calle Errekatxiki, hay varias bicicletas que llevan meses abandonadas, alguna incluso años. Se sabe cuales son por su estado, a una blanca le falta la cadena; otra gris está oxidada; otra negra está pinchada; etc. Solicito su retirada, y también que pongan más aparcabicis en ese lugar, ya que hay mucho sitio, y siempre están llenos los aparcabicis que hay en estos momentos. Gracias / Más de año y medio después, siguen unas 6 o 7 bicicletas abandonadas en ese aparcabicis. Se sabe cuales son por su estado. Solicito su retirada, o en su defecto que pongan más aparcabicis en ese lugar. Gracias."
2026-09-24T15:08:12,Instalaciones deportivas,Deterioro de las canchas de la calle Logroño/Los Herrán,agradecimiento,0.46,1.0,historia,0.0,0.52,0.3,0.0,0.19,False,1,https://www.vitoria-gasteiz.org/wb021/was/comentarioAction.do?idioma=es&accion=verComentarios&claveAsuntoCom=383812&claveAsuntoGestorCom=818188&claveAreaCom=,"Las canchas de fútbol sala y baloncesto de la calle Logroño/Los Herrán, conocidas como las canchas negras y verdes por el color de su suelo, están muy deterioradas. Las vallas que están detrás de las porterías están todas rotas, los postes metálicos de las porterías también, las redes de las canastas no existen, la pintura de los campos ha desaparecido, etc. Por todo ello solicito su reparación. También solicito, ya que últimamente un colectivo amplio de gente utiliza lugares no aptos en ese lugar para jugar al voleibol, que se instalen soportes y pinten campos para jugar al voleibol en dicho parque. Gracias"
2026-09-24T15:26:07,Mobiliario urbano,zona deportiva junto al barco pirata,aviso,0.93,1.0,historia,0.0,0.57,0.01,0.0,0.42,False,2,https://www.vitoria-gasteiz.org/wb021/was/comentarioAction.do?idioma=es&accion=verComentarios&claveAsuntoCom=383817&claveAsuntoGestorCom=818193&claveAreaCom=,la zona deportiva junta el barco pirata sant cambiado las canastas porterias y todo el suelo sin embargo los operarios con una radial al cortar las antiguas porterias notícieron fue estropear el suelo por favor antes d'entregar el dinero de la obra que arreglen los desperfectos mando foto como ejemplo
2026-09-24T15:26:25,Mobiliario urbano,barco pirata deteriorado,queja,0.61,1.0,historia,0.0,0.55,0.01,0.0,0.44,False,2,https://www.vitoria-gasteiz.org/wb021/was/comentarioAction.do?idioma=es&accion=verComentarios&claveAsuntoCom=383818&claveAsuntoGestorCom=818194&claveAreaCom=,"desde que Maroto inauguró el barco pirata nos ha hecho absolutamente nada la madera está totalmente comida por el sol y hay astillas y se ven los clavos con el cociente peligro para los críos. además en las salseras internas la tierra o arena está extendida con los consiguientes peligros de resbalones, por otra parte no se ha cambiado desde el inicio ni se ha llenado más de arena dichos columpios. se pide que se arreglen dichos columpios así como el barnizado y limpiado y pintado por otra parte los árboles que se plantaron algunos están secos y la hierba ya no existe con lo cual habría que sembrar algo de hierba"
2026-09-24T16:27:55,Policía Local,Solicitud de medidas preventivas urgentes contra la ocupación en lonjas vacías,aviso,0.96,1.0,historia,0.0,0.94,0.0,0.0,0.06,False,1,https://www.vitoria-gasteiz.org/wb021/was/comentarioAction.do?idioma=es&accion=verComentarios&claveAsuntoCom=383827&claveAsuntoGestorCom=818204&claveAreaCom=,"La situación de la lonja ocupada en nuestro barrio, en particular tras conocerse la denuncia para la denuncia para el desalojo del local ubicado en la calle Bruno Villarreal número 5. Si bien valoramos positivamente que se hayan iniciado los trámites judiciales para este desalojo, compartimos la inquietud ante el evidente riesgo de un ""efecto mudanza"", es decir, que los ocupantes se desplacen a otras lonjas vacías del entorno una vez ejecutado el lanzamiento. Para evitar que este foco de delincuencia e inseguridad simplemente cambie de portal, solicito se inste a los dueños de locales vacíos en la zona a asegurar sus propiedades con la instalación de cerraduras de seguridad. La Policía mantenga un control estricto sobre el listado de lonjas en riesgo ya detectadas, incrementando el patrullaje para evitar nuevas intrusiones y se qgilicen las intervenciones ante cualquier intento de apertura forzada, antes de que los infractores puedan consolidar la ocupación del espacio. La verdadera solución pasa por la prevención coordinada entre las instituciones, la policía y los propietarios de los locales."
2026-09-24T16:45:06,Vivienda,Sugerencia de revisión de bases para las futuras VPO.,queja,0.82,1.0,historia,0.0,0.82,0.03,0.04,0.11,False,1,https://www.vitoria-gasteiz.org/wb021/was/comentarioAction.do?idioma=es&accion=verComentarios&claveAsuntoCom=383830&claveAsuntoGestorCom=818207&claveAreaCom=,"Considero necesario que se dé un peso prioritario al criterio de antigüedad y residencia continuada en el municipio. Es frustrante ver cómo la mera presentación de un padrón reciente y cargas familiares otorga más puntos que años de contribución fiscal y laboral a nivel local. Asimismo, pido un mayor control e inspección contra los empadronamientos falsos para evitar que se desvíen recursos de forma injusta."
2026-09-24T18:27:55,Circulación - Tráfico,Paso de cebra y semáforo en la calle Zurrupieta,aviso,0.54,1.0,mucha_gente,0.0,0.46,0.0,0.03,0.51,False,1,https://www.vitoria-gasteiz.org/wb021/was/comentarioAction.do?idioma=es&accion=verComentarios&claveAsuntoCom=382400&claveAsuntoGestorCom=816184&claveAreaCom=,"Solicito un paso de cebra y semáforo en la calle Zurrupieta, al final de la rotonda de la Mercedes, que conecta con la calle las Arenas. Muchas veces, cuando hay que cruzar de un lado al otro, dependemos de la buena voluntad de los conductores que paran los coches para que puedan pasar tanto los peatones como los ciclistas. De hecho, en ambas partes de las aceras hay bici carriles que se conectan entre si y en una de las partes la acera esta rebajada, con lo que todo indica que es una zona de paso pero sin pintar. Puesto que somos una ciudad verde y se impulsa la utilización de la bici y teniendo en cuenta que cruza mucha gente andando: veo la necesidad de pintar un paso de peatones y poner un semáforo, como al principio de la calle donde está la gasolinera Petronor . Así todo fluiría mejor y con mayor seguridad evitando accidentes o cualquier desgracia, que ahora pueden ocurrir. / Me gustaría recibir alguna respuesta tanto si se va hacer algo como si no."
2026-09-24T21:04:51,Ocupación de la vía pública,Ocupación por Restaurante Provenza de espacio público que no le corresponde,aviso,0.69,1.0,historia,0.0,0.71,0.26,0.0,0.03,False,2,https://www.vitoria-gasteiz.org/wb021/was/comentarioAction.do?idioma=es&accion=verComentarios&claveAsuntoCom=383851&claveAsuntoGestorCom=818228&claveAreaCom=,"Hasta cuando. Foto de hoy 24/09. Como se puede apreciar un día más mesas y más mesas delante de los portales. En la foto se pueden ver hasta 21 mesas con sus 84 sillas. Esto ya es parte del día a día que considera que la zona peatonal es toda suya. Las mesas llegan hasta el portal nº 3 y lo sobrepasa, el bar corresponden al portal nº 1. ¿Pagan por las que ponen de más? Supongo que no y a los vecinos que nos den. Casi 100 personas debajo de tu ventana con voces altas desde las 18h. Esto tenemos que aguantarlo muchos días. ¿Les vale saltarse la ley? / Foto de hoy día 24/09. Esto parece una jaima. Tiene derecho a 3 sombrillas y yo cuento 8. ¿Pueden hacer lo que les venga en gana con las mesas, las sillas, las sombrillas....... ¿No tienen un número determinado de cada una de ellas? ¿O es que se saltan la ley y nadie les corrige lo que hacen?"
2026-09-24T21:19:04,TUVISA. Autobuses urbanos,Obras tranvía línea 10,aviso,0.54,0.93,historia,0.07,0.58,0.02,0.07,0.25,False,1,https://www.vitoria-gasteiz.org/wb021/was/comentarioAction.do?idioma=es&accion=verComentarios&claveAsuntoCom=383852&claveAsuntoGestorCom=818229&claveAreaCom=,"Buenas noches, cuando la obra del tranvía de la calle Naciones Unidas llegue a la parada de la línea 10 Naciones Unidas/salvador Dalí, ¿dónde se va ubicar esta parada? Más que nada porque más o menos hasta Naciones Unidas 49 está todo levantado. Gracias"
2026-09-24T21:22:30,Moverse en bicicleta,Control bicis,aviso,0.49,1.0,persiste,0.0,0.13,0.68,0.0,0.19,False,1,https://www.vitoria-gasteiz.org/wb021/was/comentarioAction.do?idioma=es&accion=verComentarios&claveAsuntoCom=383853&claveAsuntoGestorCom=818230&claveAreaCom=,"Buenas noches, ¿¿no hay nadie que pueda controlar el buen uso de los bidegorris?? Ejemplo: naciones unidas zona de la ikastola Zabalgana… sacaron el bidegorri de la acera a la carretera… muchísimos ciclistas circulando por la acera a grandísima velocidad, una vergüenza"
2026-09-24T21:41:41,Policía Local,ampliación de la videovigilancia,queja,0.66,1.0,historia,0.0,0.84,0.0,0.0,0.16,False,1,https://www.vitoria-gasteiz.org/wb021/was/comentarioAction.do?idioma=es&accion=verComentarios&claveAsuntoCom=383856&claveAsuntoGestorCom=818233&claveAreaCom=,"La creciente sensación de inseguridad y el aumento de incidentes nocturnos en nuestra ciudad hacen necesario un mayor esfuerzo municipal. Si bien la instalación de cámaras de videovigilancia en las calles Aldabe, San Antón y la Avenida de Gasteiz es una medida acertada, resulta insuficiente. El vandalismo y la delincuencia no se limitan a estas zonas, sino que afectan a numerosos barrios que actualmente se encuentran desprotegidos. Por ello, se debe ampliar esta red a más calles con el fin de prevenir todo tipo de delitos. Asimismo, es necesario un control policial mucho más riguroso sobre las infracciones viales cotidianas. La circulación de patinetes eléctricos y bicicletas por las aceras y zonas peatonales compromete gravemente la seguridad y la tranquilidad de los viandantes, por lo que se ruega que se incrementen las sanciones y la vigilancia para garantizar una convivencia cívica"
2026-09-24T21:42:19,Policía Local,"Pivote calle Behenafarroa, salida y entrada ikastola Odon de Apraiz",pregunta,0.88,1.0,mucha_gente,0.0,0.28,0.14,0.01,0.57,False,1,https://www.vitoria-gasteiz.org/wb021/was/comentarioAction.do?idioma=es&accion=verComentarios&claveAsuntoCom=383857&claveAsuntoGestorCom=818234&claveAreaCom=,"Antiguamente existía un pivote móvil de hierro para evitar el acceso de coches hasta la puerta de la ikastola Odon de Apraiz. Con la problemática de aparcamiento que hay en la zona, son muchos coches que van hasta el final de la calle y dan la vuelta en la zona de los aparcabicis. El dia que haya lamentar un atropello se tomarán medidas. Conozco que se va actuar en un futuro no muy lejano, pero hasta entonces, lo más sensato sería colocar un pivote en el hueco ya existente o una patrulla de policía Local a la entrada de la calle, como se hace en otros colegios e ikastolas de la ciudad."
2026-09-24T22:10:07,Seguridad vial,PELIGRO DE ATROPELLO - Falta de señalización en cruce de carril bici (A-2124 con C/ Iturritxu),pregunta,0.98,1.0,historia,0.0,0.97,0.0,0.0,0.02,True,4,https://www.vitoria-gasteiz.org/wb021/was/comentarioAction.do?idioma=es&accion=verComentarios&claveAsuntoCom=369063&claveAsuntoGestorCom=798699&claveAreaCom=,"Quisiera denunciar la extrema peligrosidad del cruce del carril bici que atraviesa la carretera A-2124 a la altura de la calle Iturritxu. Ayer mismo, estuve a punto de presenciar una tragedia con mi hija de 4 años. Mientras un coche se detuvo correctamente en el carril derecho para dejarnos pasar, otro vehículo apareció a gran velocidad por el carril izquierdo, adelantando al coche parado y frenando a escasos 30 centímetros de la niña. El problema principal es la nula visibilidad y falta de señalización específica para los conductores en este punto: Falta de contraste visual: A diferencia de otros cruces en rotondas de la ciudad, este carril bici no está pintado de rojo, lo que lo hace casi invisible para los conductores que vienen de la carretera. Configuración de doble carril: Al haber dos carriles de entrada, el coche que para oculta la visión del carril bici al vehículo que viene por la izquierda, facilitando atropellos por adelantamiento en zona de paso. Velocidad excesiva: Al ser una vía de entrada a la ciudad, los vehículos no perciben la prioridad del ciclista. Solicito urgentemente: Que se pinte de rojo el carril bici en todo el tramo del cruce para alertar visualmente a los conductores. Que se instale señalización vertical luminosa o de advertencia de paso de ciclistas. Que se estudie la instalación de elementos de calmado de tráfico (como cojines berlineses o elevación del paso) antes del cruce. No esperen a que ocurra una desgracia para actuar en un punto que es u"
2026-09-24T23:37:04,TUVISA. Autobuses urbanos,Poco sentido común en TUVISA,pregunta,0.4,1.0,historia,0.0,0.68,0.29,0.0,0.02,False,3,https://www.vitoria-gasteiz.org/wb021/was/comentarioAction.do?idioma=es&accion=verComentarios&claveAsuntoCom=383796&claveAsuntoGestorCom=818165&claveAreaCom=,"Hola: Decido presentar una queja formal porque esta es ya la tercera vez que me ocurre esta semana, y considero que la situación se está repitiendo con demasiada frecuencia. En la parada de Jesús Guridi 1260 (enfrente del Corte Inglés ) me he encontrado en varias ocasiones con conductores de TUVISA que, pese a encontrarse todavía detenidos en la parada, deciden no volver a abrir las puertas para permitir que suban los pasajeros que han llegado apenas unos segundos después de que se hayan cerrado. Entiendo perfectamente que, una vez que el autobús ha abandonado la parada y se ha incorporado a la circulación, no se permita volver a subir a pasajeros. Sin embargo, en este caso concreto, la situación es diferente: el autobús permanece detenido durante un tiempo considerable porque justo enfrente hay un semáforo. Por tanto, el vehículo NO tiene que desplazarse ni un metro (osea no se mueve de su parada). En las tres ocasiones he llegado corriendo y apenas segundos después de que se cerraran las puertas. El conductor todavía estaba parado y esperando en la parada, pero, aun así, ha decidido no volver a abrir las puertas para que yo y otros usuarios pudiéramos subir. En una de las ocasiones llegué a estar aproximadamente dos minutos viendo cómo el autobús permanecía detenido sin abrir las puertas, hasta que finalmente el semáforo se puso en verde, el autobús arrancó y tuve que esperar al siguiente. Es decir, ningún sentido ni lógica. No estoy reclamando que se incumpla ninguna norma"
2026-09-25T00:33:22,Policía Local,lonja ocupada en Bruno Villarreal desde hace tres años,aviso,0.52,1.0,historia,0.0,0.99,0.0,0.0,0.0,False,5,https://www.vitoria-gasteiz.org/wb021/was/comentarioAction.do?idioma=es&accion=verComentarios&claveAsuntoCom=366855&claveAsuntoGestorCom=795529&claveAreaCom=,"me gustaría saber si se puede hacer algo después de tres años de ocupación en la lonja de Bruno Villarreal, con altercados robos de santiago bicicletas dentro banco los patinetes al contrario insultos en robada en el líder han roba de personas i siren ahí si existe una normativa municipal de que no se puede vivir en las longas cómo estás personas pueden vivir? por otra parte la insalubridad normalmente en una vivienda cuando una persona recoge enseres y aquello huele y está como está en la policía abre la puerta y desaloja todo porque aquí no? / van a hacer algo con esta lonja ya que ahora se cagan y se mean fuera aparte de pedir dinero cuando te lo piden otra vez te lo roban a saltos a mayores tiran todo lo que pueden a la calle con el consiguiente peligro para todas las personas que se mueren por la zona / Como vecino/a de la zona quiero trasladar la preocupación existente desde hace tiempo por la situación en la lonja de Bruno Villarreal, donde desde hace aproximadamente tres años hay una ocupación que está generando numerosos problemas en el entorno. De forma reiterada se producen alteraciones de la convivencia y la seguridad, incluyendo robos de bicicletas y patinetes, conflictos en la vía pública, peticiones de dinero a viandantes en ocasiones con intimidación, y lanzamiento de objetos a la calle. Además, la zona presenta un estado de suciedad e insalubridad evidente, con malos olores y residuos, lo que está afectando gravemente a los vecinos y a las personas que transi"
2026-09-25T06:37:04,Moverse en bicicleta,Iturritxu 1 rotonda paso de bicis,aviso,0.61,1.0,persiste,0.0,0.37,0.61,0.0,0.02,False,2,https://www.vitoria-gasteiz.org/wb021/was/comentarioAction.do?idioma=es&accion=verComentarios&claveAsuntoCom=383861&claveAsuntoGestorCom=818238&claveAreaCom=,"Buenos días, Tengo una duda sobre la rotonda de la Calle Iturritxu 1, ahora hay un carril bici que va al paso de cebra y lo que parece ser para paso de bicis. Mi primera duda es si es prioridad para las bicis y la segunda si se podría pintar de rojo para que se vea y podamos cruzar sin peligro ya que somos muchos que volvemos por ese paso con los niños después del cole y no nos ceden. Gracias de antemano. Saludos. / Hay Manolete si no sabes torear para que te metes. código de circulación, ordenanzas municipales, el ciclista al atravesar un paso de peatones ha de bajarse, del vehículo ( bicicleta ) y cruzar andando con ella a su , lado. Código general de circulación, todo vehículo que sale de una zona sin asfaltar a otra vía, tiene la obligación de ceder el paso a los que circulan por la principal. Lo primero estudia la normas, leyes, señalización del codigo de circulación, y ordenanzas municipales en referente al tráfico de vehículos en la ciudad. Si no sabes de programación, llevar un coche, camión, autobus...u otra materia te metes a ello para provocar una avería, mayor y luego culpar a otros. Estudia y cumple la ley"
2026-09-25T08:16:38,Limpieza pública,Contaminación visual,queja,0.86,1.0,historia,0.0,0.63,0.04,0.0,0.32,False,1,https://www.vitoria-gasteiz.org/wb021/was/comentarioAction.do?idioma=es&accion=verComentarios&claveAsuntoCom=383871&claveAsuntoGestorCom=818248&claveAreaCom=,"Da asco ajeno, como están todas las fachadas de ciertas calles del casco antiguo. Me da la sensación de que se libran muy pocos edificios. Es terrible ... Carteles ,pancartas,grafitis de todos los colores y firmas del desgraciado autor ...pero.,por qué? , se molesta el.ayuntamiebto en gastar dinero en rehabilitaciones y encima empapelar el barrio con carteles para que se rehabiliten viviendas si no ataja un problema que es sangrante. Tomen medidas serias con el.barrio ,por qué de verdad ,es triste la libertad y el todo vale con esta gentuza que usa el barrio para dejarlo como un estercolero.... No es normal ver cada día pintadas ,carteles y tanta impunidad Lamentable ....."
2026-09-25T08:24:13,Ocupación de la vía pública,CONCIERTOS DE BARES EN VIA PUBLICA,pregunta,0.96,1.0,historia,0.0,0.95,0.02,0.0,0.03,False,2,https://www.vitoria-gasteiz.org/wb021/was/comentarioAction.do?idioma=es&accion=verComentarios&claveAsuntoCom=383878&claveAsuntoGestorCom=818255&claveAreaCom=,Hasta cuando van a permitir conciertos de bares en la vía pública con un sonido atronador (en días de labor como hoy jueves día 24/09/2026). Hoy concierto en la Avda. 8 de marzo de uno de los bares de esta calle con un sonido que yo viviendo en dos calles de este lugar parece que lo están tocando en mi casa ( como si tuviera la radio a todo volumen en casa). Estamos en temporada de estudio y trabajo y NO SE PUEDE CONSENTIR SEMEJANTE SIN SENTIDO!!! QUIÉN DA LOS PERMISOS? EL AYUNTAMIENTO? PERO ESTAMOS LOCOS? PERO QUE ESTA PASANDO EN NUESTRA SOCIEDAD!!! / El “concierto” que comentas no lo ha organizado ningún bar.
2026-09-25T08:36:45,Personas en situación de vulnerabilidad social,Familia con menor en la calle,queja,0.62,1.0,persiste,0.0,0.41,0.57,0.0,0.02,False,2,https://www.vitoria-gasteiz.org/wb021/was/comentarioAction.do?idioma=es&accion=verComentarios&claveAsuntoCom=383858&claveAsuntoGestorCom=818235&claveAreaCom=,"En el pórtico De la Iglesia del Buen Pastor de Zaramaga está viviendo una familia compuesta de 4 personas entre las que está un menor de edad. Llevan tiempo allí ya que las instituciones les han dado la espalda(sobre todo las asistencias sociales). En esta ciudad a todo el que viene de fuera parece que se le ayuda, pero a los Vitorianos no??? Están los servicios sociales de la ciudad dejando en una grave situación de desprotección a una familia con menores y todo por su incompetencia??? No estaría de más darles la solución que llevan esperando meses"
2026-09-25T08:41:25,Salubridad e higiene,Estorninos en Calle Roncesvalles,queja,0.59,1.0,historia,0.0,0.69,0.07,0.0,0.24,False,1,https://www.vitoria-gasteiz.org/wb021/was/comentarioAction.do?idioma=es&accion=verComentarios&claveAsuntoCom=383882&claveAsuntoGestorCom=818261&claveAreaCom=,"Por medio del presente escrito, deseo trasladar una queja y solicitud formal en relación con la problemática que venimos sufriendo en la Calle Roncesvalles (zona peatonal). Desde hace un tiempo, la presencia masiva y constante de estorninos en el arbolado de esta vía está ocasionando graves inconvenientes a los vecinos, comerciantes y transeúntes. Los principales problemas detectados son: • Suciedad e insalubridad: Bancos, pavimentos y fachadas se encuentran permanentemente cubiertos de heces, lo que impide el uso del mobiliario urbano, afea la calle y genera un riesgo de resbalones y problemas de salud pública. • Contaminación acústica: El ruido y los chillidos continuos de estas aves, especialmente al amanecer y al anochecer, resultan ensordecedores e impiden el descanso vecinal. Entendemos que se trata de fauna urbana, pero la concentración actual supera lo tolerable y degrada un espacio peatonal de gran tránsito. Por todo ello, solicitamos que los servicios municipales correspondientes valoren e implementen medidas disuasorias o de control de aves (como métodos acústicos, visuales o de poda selectiva) para dispersar estas bandadas, así como un refuerzo en las labores de limpieza de la zona. Agradeciendo de antemano su atención y esperando una pronta respuesta y solución a este problema, les saluda atentamente,"
2026-09-25T08:50:34,Limpieza pública,Calle Aragón,agradecimiento,0.78,1.0,historia,0.0,0.83,0.03,0.0,0.14,False,2,https://www.vitoria-gasteiz.org/wb021/was/comentarioAction.do?idioma=es&accion=verComentarios&claveAsuntoCom=383822&claveAsuntoGestorCom=818199&claveAreaCom=,"Podrían por favor limpiar bien la calle Aragón y la parte de arriba también, llevan sin pasar la escoba por la calle Aragón hace ya tiempo, la barredora pasa un poco pero no limpia y ahora también con la llegada del otoño empieza a caer las hojas y castañas."
2026-09-25T08:51:41,Obras en vía pública,Obras tranvía naciones unidas,pregunta,0.58,1.0,historia,0.0,0.91,0.09,0.0,0.0,False,1,https://www.vitoria-gasteiz.org/wb021/was/comentarioAction.do?idioma=es&accion=verComentarios&claveAsuntoCom=383887&claveAsuntoGestorCom=818267&claveAreaCom=,"Las obras del tranvía en la calle Naciones Unidas han hecho desaparecer el bidegorri, el cual es muy utilizado durante todo el día tanto adultos como menores… ¿Qué debemos salir a la carretera? tiene muchísimo tráfico. ¿No puede haber una alternativa la cual no sea salir a la carretera? Gracias"
2026-09-25T08:52:28,TUVISA. Autobuses urbanos,Retrasos Línea 7 Tuvisa,agradecimiento,0.44,1.0,historia,0.0,0.91,0.0,0.05,0.04,False,2,https://www.vitoria-gasteiz.org/wb021/was/comentarioAction.do?idioma=es&accion=verComentarios&claveAsuntoCom=383875&claveAsuntoGestorCom=818252&claveAreaCom=,"Ayer a la tarde estuvimos esperando en la parada de Antonio Machado para ir al Centro mas de media hora. Desde las 20:24 hasta las 20:55, aun cuando vimos pasar 4 autobuses dirección Bremen. Ni el propio conductor supo informarnos que pasaba. Quizá el Ayuntamiento deba poner servicios de refuerzo en aquellas líneas que soportan más número de usuarios y tienen los trayectos mas largos , Estamos hartos de escuchar que hay que utilizar el transporte público y no se cuida en absoluto a las personas que así lo hacemos. / y te extraña? ya se sabia desde el principio que si se alargaba desde catedral a calle paz dejando el mismo tiempo se iban a juntar autobuses. Mas cuando es una línea que crece en numero de usuarios por la conexión con txagorritxu y ahora línea 11. Pero se hizo caso al publico y prefería que su parada terminal estuviese en calle paz, por su conexión con hospital de santiago sobre todo. Ahora ajo y agua! Te tocara días de esperar entre 20 y 30 minutos en horas punta de colegios, empresas, etc. Yo era usuario de la línea 7, pero prefiero cogerme la 10 aunque luego tenga que seguir andando un tramo ya que llego antes a mi destino."
2026-09-25T08:52:46,Moverse en bicicleta,Gai,queja,0.77,1.0,historia,0.0,0.65,0.0,0.0,0.35,False,2,https://www.vitoria-gasteiz.org/wb021/was/comentarioAction.do?accion=verComentarios&claveAsuntoCom=383888&claveAsuntoGestorCom=818268&claveAreaCom=65,"Urriaren 12aren kalean kotxeak egoten dira geldituta bidegorri gainean, batez ere goizez."
2026-09-25T08:52:46,Policía Local,Kotxeak bizikleta bidean,aviso,0.71,1.0,mucha_gente,0.0,0.12,0.0,0.0,0.88,False,1,https://www.vitoria-gasteiz.org/wb021/was/comentarioAction.do?idioma=es&accion=verComentarios&claveAsuntoCom=383888&claveAsuntoGestorCom=818268&claveAreaCom=,"Urriaren 12aren kalean kotxeak egoten dira geldituta bidegorri gainean, batez ere goizez."
2026-09-28T08:21:06.741977,AMVISA,Mal olor alcantarillado.,queja,0.4,1.0,mucha_gente,0.0,0.28,0.0,0.0,0.72,False,2,https://www.vitoria-gasteiz.org/wb021/was/comentarioAction.do?idioma=es&accion=verComentarios&claveAsuntoCom=383889&claveAsuntoGestorCom=818269&claveAreaCom=,"Es normal el mal olor en las alcantarillas? Concretamente en el barrio de Coronación, San Martín, y Ariznabarra apesta."
2026-09-25T08:58:11,Limpieza pública,"Barrendero que hace bien su trabajo en zona beato con san martin, plaza de san martin y alrededores",agradecimiento,0.98,1.0,historia,0.0,0.88,0.01,0.0,0.12,False,2,https://www.vitoria-gasteiz.org/wb021/was/comentarioAction.do?idioma=es&accion=verComentarios&claveAsuntoCom=383829&claveAsuntoGestorCom=818206&claveAreaCom=,"Ahora hay un barrendero que realmente barre, vacía las papeleras, limpia las hojas, colillas y los bordillos, recoge cosas, deja bien limpias las islas de contenedores, en la zona de beato con argentina, plaza de san martin, san martin y alrededores. Hay que felicitarle, Da gusto cómo quedan las calles."
2026-09-25T09:42:12,Reciclaje de residuos,Contenedores de orgánico,aviso,0.93,1.0,historia,0.0,0.9,0.0,0.0,0.1,False,2,https://www.vitoria-gasteiz.org/wb021/was/comentarioAction.do?idioma=es&accion=verComentarios&claveAsuntoCom=383808&claveAsuntoGestorCom=818183&claveAreaCom=,"Azkenaldian izugarrizko kiratsa darie behintzat Alde Zaharrean...eskertuko genuke maiztasun handiagorekin jasotzera etortzea, dena usteltzen baita...eta ondotik pasatzeak kriston nazka ematen du. Eskerrik asko."
2026-09-25T09:53:54,Reciclaje de residuos,Contenedor azul de Domingo Beltrán 29,queja,0.8,1.0,historia,0.0,0.83,0.04,0.0,0.13,False,2,https://www.vitoria-gasteiz.org/wb021/was/comentarioAction.do?idioma=es&accion=verComentarios&claveAsuntoCom=383859&claveAsuntoGestorCom=818236&claveAreaCom=,"Personas extraen y esparcen por la acera el contenido del contenedor azul de reciclaje de papel y cartón. Más allá de la suciedad y la mala imagen que esto genera en la vía pública, supone una grave invasión a la intimidad de los residentes. Se deben tomar medidas urgentes al respecto, tales como la revisión o sustitución del cierre de este contenedor por un sistema más seguro que impida la extracción manual del material, o el anclaje correcto del mismo."
2026-09-25T09:55:38,Desperfectos en vía pública,Gai,aviso,0.6,1.0,persiste,0.0,0.19,0.81,0.0,0.01,False,2,https://www.vitoria-gasteiz.org/wb021/was/comentarioAction.do?accion=verComentarios&claveAsuntoCom=383895&claveAsuntoGestorCom=818283&claveAreaCom=17,El parque infantil junto al centro cívico Ibaiondo está muy deteriorado y en mal estado. Está precintado desde hace tiempo pero sigue sin arreglarse. Gracias. Un saludo.
2026-09-25T09:59:41,Circulación - Tráfico,TRAFICO CALLE LA PALOMA,aviso,0.44,1.0,persiste,0.0,0.21,0.79,0.0,0.0,False,1,https://www.vitoria-gasteiz.org/wb021/was/comentarioAction.do?idioma=es&accion=verComentarios&claveAsuntoCom=383897&claveAsuntoGestorCom=818285&claveAreaCom=,"Soy vecino de La Paloma y estoy harto de ver cómo se utiliza nuestra calle para hacer bypass entre José Mardones y la calle Francia a través de La Esperanza. Este paso se supone que es únicamente para taxis, carga descarga y vecinos. En cambio multitud de vehículos pasan a diario como vía rápida para acceder desde el sur de la ciudad hacia la calle Francia y Paz. Y viceversa, coches del parking Artium en vez de salir hacia Francia, lo hacen por la Paloma para salir de la ciudad hacia el norte. Dónde queda todo lo prometido tras las obras de los Herran??? y dónde está la vigilancia para hacer cumplir las señales de prohibición de tráfico?? Es una vergüenza el descaro con el que se está utilizando estas calles usándolas de bypass ante la ausencia de nuestros agentes locales."
2026-09-25T10:46:43,AMVISA,Rejilla de desagüe rota y levantada,aviso,0.75,1.0,historia,0.0,0.63,0.26,0.0,0.11,False,2,https://www.vitoria-gasteiz.org/wb021/was/comentarioAction.do?idioma=es&accion=verComentarios&claveAsuntoCom=383663&claveAsuntoGestorCom=817999&claveAreaCom=,"El al plaza en el cruce de Paseo de la Unicef con Cruz Roja, una de las rejillas de desagüe está rota y levantada, con el consiguiente riesgo para los transeúntes y niños que juegan en la zona. Aunque solo se ve una levantada, al estar la estructura de base rota, hay otras que se mueven, por lo que habría que reparar toda la canaleta de base."
2026-09-25T10:47:09,Coches y aparcamiento,Solicitud de parking para motos Antonio Amat Maiz 14,aviso,0.8,1.0,historia,0.0,0.98,0.0,0.0,0.02,False,4,https://www.vitoria-gasteiz.org/wb021/was/comentarioAction.do?idioma=es&accion=verComentarios&claveAsuntoCom=374292&claveAsuntoGestorCom=805836&claveAreaCom=,"Dado que últimamente la policía está multando motos que están aparcadas junto al edificio en la acera pero sin obstaculizar ni entorpecer el paso de peatones, solicito encarecidamente que se delimite una zona para aparcar motos ya que hacerlo al lado de los coches es un riesgo para las motos que sufren golpes y/o caídas. Somos varios vecinos los que disponemos de moto sin espacio en plaza de garaje para guardarlas. Un saludo y gracias / Dado que la policía municipal ha multado a las motos que no molestan ya sea porque alguna persona le molesta u otra razón solicitamos los vecinos un aparcamiento para las motos / Buenos días, quizás si usted tuviera problemas de visión o alguno de su entorno ( personas con baja visión e invidentes ), ya conocería que no se puede dejar las motos u otros enseres junto a las fachadas, que existe una ley y ordenanza municipal,que indica hay que dejar un espacio libre de 1,50 a 2 metros de separación desde la fachada de la vivienda. No es causa justificable que indique que otros vehículos puedan dañar su moto, lo mismo ocurre entre coches que algunos aparcan de oído, dañando a otros y por ello no aparcan en la acera, a nadie se le obliga a comprar vehículos, luego quejas por no tener sitio para dejar su propiedad particular en el espacio público"
2026-09-25T11:21:30,Desperfectos en vía pública,Caminos trinquete astrónomos,agradecimiento,0.56,1.0,persiste,0.0,0.18,0.82,0.0,0.0,False,2,https://www.vitoria-gasteiz.org/wb021/was/comentarioAction.do?idioma=es&accion=verComentarios&claveAsuntoCom=383900&claveAsuntoGestorCom=818288&claveAreaCom=,"Buenos días. Hace varios meses cuando se estaban realizando las obras en la zona del trinquete de los Astrónomos ya escribí al buzón indicando el mal estado de los caminos. Se empiezan obras interminables sin ninguna se termina da igual la zona en la que estés. Adjunto fotos. Yo ya me caí el sábado en uno de los agujeros que se pueden apreciar en la foto. Por favor soluciónenlo,gracias / Adjunto otra foto más. / Añadir que el estado es el mismo desde paseo de La Ilíada hasta avenida Varsovia."
2026-09-25T11:22:36,Mobiliario urbano,Deterioro Parque infantil Ibaiondo 123,agradecimiento,0.98,1.0,persiste,0.0,0.03,0.96,0.0,0.0,False,2,https://www.vitoria-gasteiz.org/wb021/was/comentarioAction.do?idioma=es&accion=verComentarios&claveAsuntoCom=383895&claveAsuntoGestorCom=818283&claveAreaCom=,El parque infantil junto al centro cívico Ibaiondo está muy deteriorado y en mal estado. Está precintado desde hace tiempo pero sigue sin arreglarse. Gracias. Un saludo.
2026-09-25T11:37:09,Control urbanístico,GRIETA EN LA PLAZA ARANTZABELA,queja,0.41,1.0,historia,0.0,0.88,0.0,0.0,0.12,False,1,https://www.vitoria-gasteiz.org/wb021/was/comentarioAction.do?idioma=es&accion=verComentarios&claveAsuntoCom=383923&claveAsuntoGestorCom=818317&claveAreaCom=,"Hay una grieta de gran tamaño en el muro de la plaza Arantzabela. Se ruega que se revise pronto, hay suelen jugar niños con balones."
2026-09-25T11:48:21,Desperfectos en vía pública,Bache en paso de cebra desde fuente de la plaza Constitución hacia esquina Goiener (plaza Constitución 1),agradecimiento,0.41,1.0,historia,0.0,0.72,0.0,0.0,0.28,False,2,https://www.vitoria-gasteiz.org/wb021/was/comentarioAction.do?idioma=es&accion=verComentarios&claveAsuntoCom=383922&claveAsuntoGestorCom=818316&claveAreaCom=,"En el paso de cebra desde la fuente de la plaza de la Constitución hacia el local en esquina de Goiener (plaza Constitución 1) hay un bache considerable que supone un obstáculo para las personas con movilidad reducida (sillas de ruedas, carros de bebé, etc.), carros de la compra o transportistas. Este bache de grandes dimensiones obliga a escorarse hacia el lado del Conservatorio para evitarlo, inutilizando gran parte del paso de cebra. Se solicita a los responsables de esta vía que planifiquen una próxima reparación de esta vía. Muchas gracias de antemano."
2026-09-25T11:49:10,Salubridad e higiene,insalubridad palomas,pregunta,0.94,1.0,mucha_gente,0.0,0.47,0.01,0.0,0.53,False,1,https://www.vitoria-gasteiz.org/wb021/was/comentarioAction.do?idioma=es&accion=verComentarios&claveAsuntoCom=383925&claveAsuntoGestorCom=818319&claveAreaCom=,"En la calle de Zumaquera, la parte más próxima a Olarizu, hay una gran población de palomas que anidan en los salientes de los pisos bajos. Las de la foto, en concreto, han encontrado cobijo detrás del aire acondicionado de un establecimiento hostelero que lleva cerrado mucho tiempo, a la altura de la parada del BEI. Como consecuencia, toda la acera está llena de excrementos de paloma. Este problema, agravado con la falta de limpieza exhaustiva frecuente, pone en jaque la salubridad de la zona. Exijo que el ayuntamiento tome medidas y sancione a los propietarios de lonjas vacías que no se hacen cargo de la limpieza y el buen estado de sus locales. / Adjunto otra foto para indicar cómo se encuentra la acera en sí."
2026-09-25T11:51:39,Obras en edificios,abandono,aviso,0.88,1.0,historia,0.0,0.64,0.03,0.0,0.33,False,2,https://www.vitoria-gasteiz.org/wb021/was/comentarioAction.do?idioma=es&accion=verComentarios&claveAsuntoCom=383926&claveAsuntoGestorCom=818320&claveAreaCom=,"Abandono espacio público / Cuadrilla Laguardia 66, llevamos año y medio por unas obras que no se están haciendo, así es como este ayuntamiento alardea de las obras del plan Zaramága / 3 años llevamos en Arkaiate igual y añade ya para 2 la rotonda de acceso por la explosión de gas que todavía no sabemos qué pasó No se hace nada..."
2026-09-25T12:06:15,Coches y aparcamiento,Aldabe Gizarte etxeko aparkalekua,agradecimiento,0.99,1.0,persiste,0.0,0.02,0.98,0.0,0.0,False,3,https://www.vitoria-gasteiz.org/wb021/was/comentarioAction.do?idioma=es&accion=verComentarios&claveAsuntoCom=372424&claveAsuntoGestorCom=803219&claveAreaCom=,"Egoiliarrentzako aparkalekuan egunero ugari dira egoiliar txartelik gabe aparkatzen duten ibilgailuak, ondorioz, txartela dugunok beste auzo batzutara joan behar izaten dugu aparkaleku bila. Mesedez, dagozkion langileak pasa daitezela konprobatu eta hartu beharreko neurriak hartzera. / Ese parking es para residentes excepto festivos y ya no hace falta txartela, leerán las placas... Ya no se ve al gorrillas que cuidaba los coches, estará bien? [Eliminado]"
2026-09-25T12:48:45,Consumo,Falta de etiquetado obligatorio y procedencia en fruterías,queja,0.62,1.0,historia,0.0,0.58,0.2,0.0,0.22,False,2,https://www.vitoria-gasteiz.org/wb021/was/comentarioAction.do?idioma=es&accion=verComentarios&claveAsuntoCom=383795&claveAsuntoGestorCom=818164&claveAreaCom=,"Deseo denunciar la falta de transparencia y el incumplimiento de la normativa de consumo en las fruterías dr la ciudad. Estos establecimientos venden frutas y verduras sin ningún tipo de cartel que indique la procedencia de los productos, algo que es totalmente obligatorio por ley para garantizar la trazabilidad y la información al consumidor. Se deben realizar inspecciones en toda la zona de la coronacion porque no se sabe de donde procede esa fruta. Rogamos que se controle el cumplimiento del etiquetado obligatorio y se tomen las medidas sancionadoras oportunas si se confirma que ocultan el origen de la mercancía. / Esto es así y ocurre en diferentes fruterías de la ciudad, la que está en calle pamplona 33 ""Frutería lakua"" también deberían de revisarla. Parece que algunos no tengan que seguir las normas... / Esto es así y ocurre en diferentes fruterías de la ciudad, la que está en calle pamplona 33 ""Frutería lakua"" también deberían de revisarla. Parece que algunos no tengan que seguir las normas..."
2026-09-25T12:49:29,Salubridad e higiene,inspección higiénico-sanitaria y control de ocupación de vía pública en fruterías de la zona Coronación,queja,0.95,1.0,historia,0.0,0.82,0.07,0.0,0.1,False,2,https://www.vitoria-gasteiz.org/wb021/was/comentarioAction.do?idioma=es&accion=verComentarios&claveAsuntoCom=383821&claveAsuntoGestorCom=818197&claveAreaCom=,"En las últimas tiempos se ha producido una proliferación desmedida de estos comercios donde el género expuesto presenta un aspecto de semipodredumbre generando un fuerte y desagradable olor en la vía pública. Los establecimientos ocupan de manera sistemática y desproporcionada el espacio peatonal con cajas, palés. Esta situación obstaculiza gravemente el tránsito de los peatones, afectando especialmente a personas con movilidad reducida. / Esto es así y ocurre en diferentes fruterías de la ciudad, la que está en calle pamplona 33 ""Frutería lakua"" también deberían de revisarla. Parece que algunos no tengan que seguir las normas..."
2026-09-25T12:54:32,Desperfectos en vía pública,Arqueta en mal estado,queja,0.76,1.0,historia,0.0,0.66,0.0,0.0,0.34,False,2,https://www.vitoria-gasteiz.org/wb021/was/comentarioAction.do?idioma=es&accion=verComentarios&claveAsuntoCom=383938&claveAsuntoGestorCom=818336&claveAreaCom=,"La arqueta que está en la esquina entre Ricardo buesa con gorbea pierde agua continuamente, provocando un charco ."
2026-09-25T13:39:31,Reciclaje de residuos,Contenedor orgánico estropeado,pregunta,0.95,1.0,persiste,0.0,0.3,0.68,0.0,0.02,False,1,https://www.vitoria-gasteiz.org/wb021/was/comentarioAction.do?idioma=es&accion=verComentarios&claveAsuntoCom=383946&claveAsuntoGestorCom=818352&claveAreaCom=,"Hola, llevamos ya bastantes semanas que el contenedor orgánico está averiado y o no se puede abrir o se debe abrir con la mano, con lo sucio que está pues casi mejor ni tocarlo. Paso foto del n° identificación del contenedor"
2026-09-28T10:56:17.000177,Seguridad vial,Gran premio C/ Las Arenas,agradecimiento,0.88,1.0,historia,0.0,0.58,0.1,0.01,0.3,False,2,https://www.vitoria-gasteiz.org/wb021/was/comentarioAction.do?idioma=es&accion=verComentarios&claveAsuntoCom=382969&claveAsuntoGestorCom=817040&claveAreaCom=,"Es la 12 vez que me borrais mis comentarios parece que cuando se dice la verdad os molesta bastante y tendeis a ser unos auténticos censores a qué época me recuerda eso. Gracias censores y estómagos bien agradecidos por borrar todo día a entender que no valéis apra nada si os molesta la verdad ya sabéis quitar el buzón pues solo hacéis caso a los alagos. Os molesta que diga que l a policía actúe como en el vídeo que corre por YouTube ahí si son muy valientes pero luego demuestran al cobardía cuando tiene que actuar / Es de vergüenza, tanto en las arenas como en los huetos, hasta que alguien no muera atropellado o causen un grave accidente no se tomarán cartas en el asunto. / Es lo que pasa cuando tenemos unos cobardes de policías y políticos cuando suceda algo grave que en la Arenas ya ha pasado verías veces y se callan pues igual solucionan algo mientras tanto a cobrar haber si hoy a las 2 les da por pasar no creo / Venga valientes en 50 min salimos animo y pasaros por aquí para que no os perdáis esa calle está bajando del bar donde tomáis café a diario antes de subir el puente a la iza en la rotonda por si no lo sabéis. Ánimo / Otro día que no os he visto por aquí, venga hoy os lo doy de paso es Lunes y supongo estáis cansados o bien del gimnasio o de no hacer nada que eso lo lleváis muy bien haber si mañanasaca8s un ratito y os veo por aquí claro anteponer por si acaso antes el descanso por si notáis fatigas o algo y no podéis venir. Lo primero descansar y tocaros los hu.."
2026-09-25T13:49:14,Ocupación de la vía pública,"Frutería calle Donosti, saca mobiliario y realiza tertulias en vía pública",agradecimiento,0.97,1.0,historia,0.0,0.6,0.32,0.0,0.09,False,4,https://www.vitoria-gasteiz.org/wb021/was/comentarioAction.do?idioma=es&accion=verComentarios&claveAsuntoCom=383820&claveAsuntoGestorCom=818196&claveAreaCom=,"En la calle Donosti, a la altura de la calle Zarautz hay una frutería regentada por extranjeros que sacan sillas a la vía pública y realizan tertulias, degustan te y tabaco mientras miran pasar con descaro a las mujeres que transitan la vía. Solicito al consistorio ponga fin a esta ocupación de vía pública / Y la fruta no pone el origen y es obligatorio / Esto es así y ocurre en diferentes fruterías de la ciudad, la que está en calle pamplona 33 ""Frutería lakua"" también deberían de revisarla. Parece que algunos no tengan que seguir las normas... / Hola. En la calle basoa, 8. El paisa vende bebidas de todo tipo : cerveza ,Cocacola...a sus clientes. Estos ocupan el banco del frente como si fuera su patio particular. Los vecinos tenemos que aguantar. ¿ Cuando van a tomar medidas?. Un saludo."
2026-09-25T13:53:21,Moverse en bicicleta,Peligros en las aceras,queja,0.57,1.0,persiste,0.0,0.38,0.62,0.0,0.0,False,2,https://www.vitoria-gasteiz.org/wb021/was/comentarioAction.do?idioma=es&accion=verComentarios&claveAsuntoCom=383468&claveAsuntoGestorCom=817720&claveAreaCom=,"Estoy realmente cansada e indignada de ir esquivando diariamente bicicletas y patinetes por las aceras. Hoy mismo han estado a punto de atropellar a mi hijo de 2 años en la acera al lado del portal de casa y no iban precisamente despacio. No sé si existe una normativa al respecto y si realmente se multan los incumplimientos de las normas pero por lo que veo no resultan muy efectivas. Circulan por donde quieren, aceras, carreteras, no respetan las prioridades, etc. Y si circular en coche también resulta peligroso ir dando frenazos cada vez que sale alguna bici o patín por un paso de cebra sin mirar y por supuesto sin frenar. Hace unos meses un patín se estampó contra mi coche por ir mirando el móvil. Yo estaba parada. No sé a dónde vamos a llegar. / Estoy cansada de ir con miedo por las aceras a causa de la cantidad de gente incívica que circula en bici, especialmente, y en patinete. En las calles del centro, Avenida Gasteiz y alrededores no respetan nada: van por las aceras a toda velocidad, te pasan rozando y, si les llamas la atención, te insultan y continúan igual. En los bici carriles de la Avenida, por ejemplo, van en sentido contrario, siguen yendo por las aceras... En la calle Ricardo Buesa, van como si fuera una autopista, tanto bicis como patinetes. No se ve NUNCA ningún agente de la autoridad que haga cumplir las normas. No podrían, por ejemplo, poner matrícula o algún tipo de identificación a estos vehículos?"
2026-09-28T11:21:06.741977,Limpieza pública,Suciedsd,agradecimiento,0.64,1.0,historia,0.0,0.91,0.0,0.01,0.08,False,2,https://www.vitoria-gasteiz.org/wb021/was/comentarioAction.do?idioma=es&accion=verComentarios&claveAsuntoCom=383954&claveAsuntoGestorCom=818362&claveAreaCom=,Canyon de anorbin y correria.
2026-09-28T11:21:06.741977,Limpieza pública,Suciedad,aviso,0.54,1.0,historia,0.0,0.85,0.0,0.07,0.07,False,2,https://www.vitoria-gasteiz.org/wb021/was/comentarioAction.do?idioma=es&accion=verComentarios&claveAsuntoCom=383955&claveAsuntoGestorCom=818363&claveAreaCom=,Canton de la soledad con correria y herreria
2026-09-28T11:21:06.741977,Limpieza pública,Suciedad,aviso,0.4,0.99,historia,0.01,0.81,0.0,0.07,0.11,False,2,https://www.vitoria-gasteiz.org/wb021/was/comentarioAction.do?idioma=es&accion=verComentarios&claveAsuntoCom=383956&claveAsuntoGestorCom=818364&claveAreaCom=,Canton de san roque
2026-09-25T14:07:56,Obras en vía pública,Bidegorri anulado,aviso,0.41,1.0,persiste,0.0,0.42,0.56,0.0,0.01,False,1,https://www.vitoria-gasteiz.org/wb021/was/comentarioAction.do?idioma=es&accion=verComentarios&claveAsuntoCom=383957&claveAsuntoGestorCom=818365&claveAreaCom=,"Las obras del tranvía en la calle Naciones Unidas han hecho desaparecer el bidegorri, el cual es muy utilizado durante todo el día tanto adultos como menores… ¿Qué debemos salir a la carretera? tiene muchísimo tráfico. ¿No puede haber una alternativa la cual no sea salir a la carretera? Gracias"
2026-09-25T14:10:44,Reciclaje de residuos,Contenedor azul lleno,aviso,0.67,1.0,historia,0.0,0.91,0.0,0.0,0.09,False,1,https://www.vitoria-gasteiz.org/wb021/was/comentarioAction.do?idioma=es&accion=verComentarios&claveAsuntoCom=383958&claveAsuntoGestorCom=818366&claveAreaCom=,Landazuri 1
2026-09-25T14:19:56,Limpieza pública,Botellas en el banco,queja,0.76,1.0,historia,0.0,0.82,0.01,0.0,0.17,False,1,https://www.vitoria-gasteiz.org/wb021/was/comentarioAction.do?idioma=es&accion=verComentarios&claveAsuntoCom=383961&claveAsuntoGestorCom=818369&claveAreaCom=,"La falta de civismo que se vive a diario en las calles de la coronacion aqui en Domingo Beltrán, 2. Es vergonzoso ver cómo dejan los residuos tirados estando el contenedor literalmente a un paso. ¿Qué clase de sociedad comodona estamos creando? Parece que la gente espera que las cosas se pudran, que las recoja otro vecino o que el barrendero haga el trabajo que nos corresponde a cada uno como ciudadanos."
2026-09-25T14:25:39,Señalización y balizamiento,Señalización Campo de Tiro y Perrera Municipal,agradecimiento,0.96,1.0,mucha_gente,0.0,0.17,0.04,0.0,0.79,False,2,https://www.vitoria-gasteiz.org/wb021/was/comentarioAction.do?idioma=es&accion=verComentarios&claveAsuntoCom=383962&claveAsuntoGestorCom=818370&claveAreaCom=,"Solicito que se valore la instalación de un cartel de señalización en la rotonda situada junto al Paseo del Peregrino, indicando que por el camino **GOMETXA-ARMENTIA** se accede al campo de tiro y a la perrera municipal. Actualmente, la falta de señalización puede dificultar la localización de estos lugares, especialmente para las personas que acuden por primera vez. Por ello, considero conveniente instalar un cartel que indique de forma clara y visible la dirección hacia el acceso al campo de tiro y a la perrera municipal. Gracias,"
2026-09-25T14:31:51,Alumbrado público,Farolas Aranzabela,pregunta,0.95,1.0,persiste,0.0,0.23,0.6,0.0,0.17,False,2,https://www.vitoria-gasteiz.org/wb021/was/comentarioAction.do?idioma=es&accion=verComentarios&claveAsuntoCom=383945&claveAsuntoGestorCom=818351&claveAreaCom=,"Ayer día 24 y hoy día 25 no funcionaba ninguna de las farolas de Aranzabela, y tampoco las farolas de la carretera que va de Aranzabela hacia la calle Valladolid. El día 24 de septiembre pasó lo mismo. Y es algo que esporádicamente nos ocurre en el barrio. Da miedo salir de casa porque no se ve absolutamente nada. ¿Qué pasa con el alumbrado de este barrio? Dudo mucho que esto pase en la calle Dato, por ejemplo. Hay que buscar una solución. Estamos ya bastante cansados con este tema"
2026-09-25T14:33:01,Alumbrado público,Alumbrado,pregunta,0.8,0.97,historia,0.03,0.66,0.06,0.0,0.25,False,2,https://www.vitoria-gasteiz.org/wb021/was/comentarioAction.do?idioma=es&accion=verComentarios&claveAsuntoCom=383872&claveAsuntoGestorCom=818249&claveAreaCom=,"Últimamente nose que pasa en el Barrio de Arantzabela pero las farolas No alumbran nada y a ciertas horas de la noche da miedo pasar por ese barrio porque no hay iluminación. Podríais avisar a los del ayuntamiento a que vengan a cambiar las bombillas de las farolas. PK está el parquing a oscuras, El puente de Aranbizkarra con Salburua sin luz"
2026-09-25T14:35:12,Alumbrado público,Luz farolas,agradecimiento,0.49,1.0,persiste,0.0,0.02,0.88,0.0,0.1,False,2,https://www.vitoria-gasteiz.org/wb021/was/comentarioAction.do?idioma=es&accion=verComentarios&claveAsuntoCom=383865&claveAsuntoGestorCom=818242&claveAreaCom=,Desde anoche está toda la zona de Loreto de Arriola sin farolas. Oscuridad total. Igual zona lakua 03.
2026-09-25T14:37:14,Alumbrado público,FAROLA FUNDIDA,agradecimiento,0.65,1.0,mucha_gente,0.0,0.23,0.0,0.0,0.77,False,2,https://www.vitoria-gasteiz.org/wb021/was/comentarioAction.do?idioma=es&accion=verComentarios&claveAsuntoCom=383849&claveAsuntoGestorCom=818226&claveAreaCom=,"En la calle Pablo Morillo, a la altura del bar Pozaldi y portal 17 hay una farola fundida. Gracias de antemano"
2026-09-25T14:41:43,Alumbrado público,"Kale argia lurrean, arriskutsua",queja,0.74,1.0,historia,0.0,0.66,0.0,0.0,0.33,False,2,https://www.vitoria-gasteiz.org/wb021/was/comentarioAction.do?idioma=es&accion=verComentarios&claveAsuntoCom=383848&claveAsuntoGestorCom=818225&claveAreaCom=,Viena-Aerodromoko ibilbidea
2026-09-25T14:44:44,Alumbrado público,futura de una farola,pregunta,0.39,1.0,mucha_gente,0.0,0.49,0.0,0.0,0.51,False,2,https://www.vitoria-gasteiz.org/wb021/was/comentarioAction.do?idioma=es&accion=verComentarios&claveAsuntoCom=381238&claveAsuntoGestorCom=814621&claveAreaCom=,Desde hace casi dos meses lleva rota una farola en c/cuba.5 con el peligro que tiene al estar en la terraza de un bar y que juegan niños a su alrededor.Ya lo notifique hace días y sigue igual.
2026-09-25T14:45:07,Alumbrado público,Farola rota,aviso,0.72,1.0,persiste,0.0,0.11,0.88,0.0,0.01,False,2,https://www.vitoria-gasteiz.org/wb021/was/comentarioAction.do?idioma=es&accion=verComentarios&claveAsuntoCom=383481&claveAsuntoGestorCom=817736&claveAreaCom=,Hace casi tres meses que notifique al ayuntamiento de una farola rota en c/cuba 5 por un coche al aparcar y seguimos a obscuras y sin farola.Espero que no se haya perdido como nos pasó en la calle con una papelera cuando pusieron una tubería desapareció y hasta hoy.
2026-09-25T14:45:58,Coches y aparcamiento,Furgones en la calle Raimundo Olabide y permisividad de La OTA,pregunta,0.47,1.0,mucha_gente,0.0,0.19,0.35,0.02,0.44,False,3,https://www.vitoria-gasteiz.org/wb021/was/comentarioAction.do?idioma=es&accion=verComentarios&claveAsuntoCom=373752&claveAsuntoGestorCom=805063&claveAreaCom=,"Es muy difícil ver pasar el coche de la OTA por la calle Raimundo Olabide y mucho mas verles pasar andando. Esto le viene de perlas al taller mecánico que hay en la calle que tiene en la calle furgones durante días sin poner papeleta de la OTA. Uno se mueve por Vitoria y siempre ve por ejemplo en la C/ Florida- Pio XII - Rioja etc la presencia de los agentes de la OTA. Solicito presencia de los mismos en la calle. / A falta de respuesta siguen sin aparecer por esta calle. Ahora mismo 5 furgones señor Gurtubai / Siguen sin contestar . Siguen sin pasar por esta calle. En este momento 4 furgones aparcados. Les recuerdo que aquí pagamos los impuestos y la OTA como los demás. Maider Etxebarria García / Aseguras que hay furgones que aparcan sin poner la papeleta de la OTA. ¿Sabes que desde la modificación de la Ordenanza de Ota, es posible sacar la papeleta en el parquímetro sin obligatoriedad de dejarla en el interior del vehículo?. ¿Estás segur@ que no han puesto talón OTA virtual desde alguna de las 4 apps existentes?. Lo comento porque es posible que esos furgones estén cumpliendo con el pago y estén autorizados para el estacionamiento. Es más, puede, incluso, que alguno de esos furgones tenga tarjeta de residente de zona OTA, ya que en 2026 el Ayuntamiento ya no manda la pegatina de tarjeta de residente para pegar en el vehículo. No verás ningún vehículo con tarjeta OTA de residente de 2026. / -Como bien sabes esto no lo puedo asegurar 100x100. Entiendo que un taller no se pue"
2026-09-25T14:56:47,Coches y aparcamiento,APARCAMIENTO CALLE SEBASTIAN FERNANDEZ DE LECETA,agradecimiento,0.42,1.0,historia,0.0,0.82,0.09,0.02,0.07,False,2,https://www.vitoria-gasteiz.org/wb021/was/comentarioAction.do?idioma=es&accion=verComentarios&claveAsuntoCom=376482&claveAsuntoGestorCom=808938&claveAreaCom=,"Saludos , comunicarles la situacion de los vecinos que viven en la calle Sebastian Fernandez de leceta . . El problema es el siguente . Nuestar calle debido al gran numero de negocios existenetes como academia de ingles , academia de frances Academia de baile en local hosteleria ,academia de musica, discoteca , autoescuela , gimnasio , un restaurante , dos bares un supermarcado de productos de drogueria un taller de reparacion d coches dos bancos , una escape roon y carniceria . Por no decir cuando losd dos hoteles cercanos y para colmo el palacio de congresos Europa en la esquina ( Al cual cuando biene el rey ni te cuento )Tenemos la calle siempre ocupada de aparcamientos y con un gran numero de coches en doble durante todo el dia . Invito a venir a verlo .Solicitamos la posibilidad de aparcar en la zona azul y verde contigua ya que casi siempre hay sitios .Para no tener que ir a parcar a las afueras de Vitoria . Ya que al se fin de zona OTA . Siempre esta ocupado . Espero una respueta o que me reciba alguien encargado esto dentro del Ayuntamien . Gracias y un saludo"
2026-09-25T15:05:39,Otros medio ambiente,Avispa velutina en bebedero habitual,agradecimiento,0.49,0.99,persiste,0.01,0.4,0.45,0.0,0.14,False,1,https://www.vitoria-gasteiz.org/wb021/was/comentarioAction.do?idioma=es&accion=verComentarios&claveAsuntoCom=383809&claveAsuntoGestorCom=818184&claveAreaCom=,"Hola: Alrededor de la fuente de Elorriaga se forman charquitos más o menos duraderos que sirven de bebedero para muchos insectos, entre ellos la ya famosa avispa velutina. Esta circunstancia la hace muy vulnerable, lo cual yo aprovecho para reducir su población todo lo que puedo cada vez que paso por ahí. Esta mañana, en unos minutos, han caído 12. Una paleta matamoscas es el instrumento ideal y más asequible. He tratado de descubrir dónde tienen el nido, como otra vez observando la trayectoria de vuelo de idas y venidas a otra fuente. No sé si esta información puede ser útil más allá de que otro paseante practique lo mismo que yo, pero pienso que el nido no puede estar lejos. Si puedo colaborar de una forma más efectiva, por favor, hacédmelo saber. Gracias. / Tras nueva visita y recopilando datos de anteriores, puedo decir que más de la mitad de las avispas que llegan al bebedero lo hacen desde la derecha, mirando a la fuente desde el banco bajo el árbol. Las que se van también usan esa ruta, más o menos una línea paralela entre la fuente y la farola más cercana. Incluso otras que no paran para beber discurren por esa trayectoria. El nido no puede andar lejos, así que poner trampas por ahí puede ser interesante."
2026-09-25T15:12:12,Otros medio ambiente,Zonas de velutina,pregunta,0.64,1.0,historia,0.0,0.98,0.0,0.0,0.01,False,1,https://www.vitoria-gasteiz.org/wb021/was/comentarioAction.do?idioma=es&accion=verComentarios&claveAsuntoCom=383968&claveAsuntoGestorCom=818379&claveAreaCom=,No es raro ver avispa velutina por la zona de las universidades y por donde he marcado en el mapa. Lo comento para sugerir poner trampas por ahí. Si veo los nidos ya avisaré al momento.
2026-09-25T15:18:28,Policía Local,Denuncias por ocupación de plazas PMR,pregunta,0.4,1.0,historia,0.0,0.58,0.0,0.0,0.42,False,1,https://www.vitoria-gasteiz.org/wb021/was/comentarioAction.do?idioma=es&accion=verComentarios&claveAsuntoCom=383969&claveAsuntoGestorCom=818380&claveAreaCom=,"Veo diariamente plazas reservadas para personas con movilidad reducida ocupadas indebidamente y, aparentemente, no pasa nada. Cuando se recrimina a los infractores, en ocasiones la respuesta es incluso agresiva. Algún día puede producirse un enfrentamiento con algún infractor, y entonces ya será demasiado tarde para actuar. Por ello, solicito al Ayuntamiento que informe: * ¿Cuántas denuncias se han puesto por ocupar indebidamente plazas PMR? * ¿Cuántas sanciones se han impuesto? * ¿Cuántos vehículos han sido retirados por la grúa por este motivo? Los datos deberían permitir comprobar si existe realmente una vigilancia y sanción efectiva o si estas situaciones se están dejando pasar día tras día. El Ayuntamiento debe tomar medidas antes de que tengamos que lamentar un incidente."
2026-09-25T15:24:09,Empleo municipal,Bolsa de empleo de Limpieza Ayuntamiento,agradecimiento,0.85,1.0,historia,0.0,0.92,0.04,0.0,0.04,False,25,https://www.vitoria-gasteiz.org/wb021/was/comentarioAction.do?idioma=es&accion=verComentarios&claveAsuntoCom=294893&claveAsuntoGestorCom=684996&claveAreaCom=,"Hola buenas me llamo Antonio y tengo muchas ganas de trabajar os adjunto mi currículum por si ahí alguna vacante / Antonio, muy bueno, ya de pedir , pides una vacante, no un contrato de sustitución, de unos días, hay trabajadores que llevamos muchos años de interinos y aún no tenemos vacante, / Buenas tardes Me gustaría trabajar con vosotros de limpieza,quiero cambiar de trabajo. / Me gustaría trabajar operaría de limpieza / Hola buenas me llamo Antonio me encantaría pertenecer a vuestra empresa para poder expresar mis habilidades gracias un saludo / Hola Soy hamdan tengo permisos de B.C+C1;C+E Y me entresa trabajar con ustedes / Buen día mi nombre es Marcela [Eliminado] en estos momentos estoy sin trabajo . Mi experiencia en limpiezas y cocinera me gustaría trabajar con ustedes . Y aplicar para opocisiones gracias / Buenas tardes, estoy buscando trabajo, me da igual lo que sea. Me da igual que sean bajas, días de disponibilidad o lo que sea. En espera de sus noticias, un saludo. / Hola buenas tardes, desearía formar parte trabajar con vosotros. Os adjunto mi currículum, un saludo / Hola mi nombre es Walter deseo formar parte de la enpresa tengo muchas ganas de trabajar tengo permisos B soy una persona polivalente espero su respuesta gracias / Me gustaría trabajar en la limpieza viaria de nuestra ciudad / Buenas, me llamo Aziza yestoy buscando trabajo y me gustaría formar parte de su equipo. Tengo experiencia en limpieza y mantenimiento, realizando tareas como desinfección de"
2026-09-25T15:26:13,Coches y aparcamiento,APARCAMIENTO DISCAPACITADOS,aviso,0.61,1.0,mucha_gente,0.0,0.18,0.04,0.0,0.78,False,2,https://www.vitoria-gasteiz.org/wb021/was/comentarioAction.do?idioma=es&accion=verComentarios&claveAsuntoCom=367409&claveAsuntoGestorCom=796327&claveAreaCom=,"Buenos días, en la c/Adriano VI existen tres aparcamientos de minusválidos, pero a mi parecer falta justo enfrente del portal 31, para personas que tienen discapacidad y que viven en el P.29, 31, 33, 35 les pilla bastante mal tanto el cercano a c/Pedro Asua como el que esta casi en el cruce con c/Bustinzuri / Bueno dias, no se ha respondido a esta propuesta para ubicar nuevos aparcamientos para las personas con capacidad reducida"
2026-09-25T15:37:49,Circulación - Tráfico,Baches,agradecimiento,0.52,1.0,historia,0.0,0.79,0.08,0.0,0.13,False,1,https://www.vitoria-gasteiz.org/wb021/was/comentarioAction.do?idioma=es&accion=verComentarios&claveAsuntoCom=383972&claveAsuntoGestorCom=818381&claveAreaCom=,Debajo del puente de las conchas (he visto hace poco a las bai asfaltar un tramo cerca del ambulatorio de San Martín) hay unos baches grandes Un poco de asfalto por favor. También frente al tanatorio lauzurica hay falta de tierra junto a unos bolardos de hormigon Muchas gracias
2026-09-25T15:44:42,Empleo municipal,SPEIS-2022 Convocatoria de oferta de empleo público.,queja,0.94,1.0,historia,0.0,1.0,0.0,0.0,0.0,False,213,https://www.vitoria-gasteiz.org/wb021/was/comentarioAction.do?idioma=es&accion=verComentarios&claveAsuntoCom=328734&claveAsuntoGestorCom=737203&claveAreaCom=,"BUZÓN OFICIAL DE LA CONVOCATORIA SPEIS-2022 Convocatoria de oferta de empleo público para la cobertura de puestos de Bombero/a en el Servicio de Prevención de Incendios y Salvamento. / Quería consultar una duda con el temario general. Exactamente con el tema 10. Decreto 277/2010 autoprotección. En las bases pone capítulos I, II y III. Estaría incluido el capítulo III BIS? O este quedaría fuera del temario? Gracias de antemano / Buenas tardes. Esta el listado de los aspirantes de la ope, es para verificar si mi inscripción fue correcta. Por otro lado, se sabe cuando se van a realizar las pruebas? Eskko / Hola, para formar parte de la bolsa de trabajo resultante de la oposición, era necesario marcar la casilla de cesión de datos a otras administraciones? Gracias de antemano! / Buenas tardes, referente a la oposición de bomber@s, ¿de los aprobad@s, cuantas personas accederían a la formacion de la academia de emergencias, tiene un maximo de plazas? Y por otro lado ¿cual es el aforo máximo de la lista de contratación? Gracias. / Quería realizar una consulta en relación a las bases de la convocatoria. Si bien en el Anexo I y Anexo II queda claro lo que entra en cuanto a temario general y específico, en el Anexo III (Geografía) surgen algunas dudas. El texto dice así: ""20- Vitoria-Gasteiz: callejero, zonas industriales, edificios singulares. Red de comunicaciones."". ¿Habría posibilidad de concretar a qué se refiere con ""callejero""? Si solo entran las calles con sus sentidos de circu"
2026-09-25T15:54:12,Coches y aparcamiento,Moto tirada por coche en Juntas Generales,queja,0.39,1.0,persiste,0.0,0.09,0.86,0.0,0.04,True,2,https://www.vitoria-gasteiz.org/wb021/was/comentarioAction.do?idioma=es&accion=verComentarios&claveAsuntoCom=372641&claveAsuntoGestorCom=803520&claveAreaCom=,"Tengo una moto y vivo en Juntas Generales de Gernikako Arbola a portal de Arriaga. Los vecinos se quejan de que aparcamos en las aceras y soportales, pero ya he visto un par de motos tiradas por aparcar donde aparcan los coches Ahora encima quitan sitio para aparcar poniendo los contenedores de reciclaje en los sitios de aparcamiento quitándoles de la acera donde no molestaban. Solicito habiliten una zona para aparcar las motocicletas y no nos las tiren los coches al aparcar. Espero una respuesta si no lo van a hacer y el motivo de esa decisión. / Somos conscientes de la ordenanza municipal, creame. Pero al no haber sitios para motos en la calle desde gernikako arbola hacia portal de arriaga las tenemos que dejar entre los coches, y eso supone que los vehículos de 4 ruedas, al estacionar golpean levemente a las motocicletas y estas se caen. Esa es la razón de aparcar encima de las aceras y zonas peatonales, porque nadie se hace cargo de las reparaciones de las motocicletas y el ayuntamiento no habilita zona de aparcamiento para motocicletas Espero por parte del ayuntamiento, sea más beligerante con las sanciones al no disponer todavía de dicho aparcamiento. Muchas gracias."
2026-09-25T15:56:22,Limpieza pública,carteles en chiquita 16,aviso,0.99,1.0,mucha_gente,0.0,0.27,0.04,0.0,0.69,False,1,https://www.vitoria-gasteiz.org/wb021/was/comentarioAction.do?idioma=es&accion=verComentarios&claveAsuntoCom=383975&claveAsuntoGestorCom=818384&claveAreaCom=,"Ayer jueves 24, a las 17h, pegaron unos carteles en la fachada privada de chiquita 16. Hoy viernes 25, no los han quitado aún, cuando pasan todos los días patrullas de limpieza pública. Por favor, quiten los carteles de la fachada."
2026-09-25T16:03:28,Policía Local,Pintadas,queja,0.8,1.0,historia,0.0,0.86,0.04,0.0,0.1,False,1,https://www.vitoria-gasteiz.org/wb021/was/comentarioAction.do?idioma=es&accion=verComentarios&claveAsuntoCom=383976&claveAsuntoGestorCom=818385&claveAreaCom=,"En fachada privada chiquita 16, sé hacen pintadas y pegadas de carteles continuamente por asociaciones políticas. Según ordenananzs municipales NO se pueden pegar carteles ni pintadas en fachadas de la ciudad. Por favor, ponen Carles todas las semanas y aquí no pasa nada. Si los pusieran en la comisaría o en el parlamento no se permite. Mayor vigilancia por favor a las calles de la ciudad. Gracias"
2026-09-25T16:46:03,Empleo municipal,22-24ko LEP. Lan Eskaintza Publikoa / OPE22-24. Oferta Pública de Empleo.,queja,0.43,1.0,historia,0.0,0.54,0.07,0.0,0.39,True,224,https://www.vitoria-gasteiz.org/wb021/was/comentarioAction.do?idioma=es&accion=verComentarios&claveAsuntoCom=322720&claveAsuntoGestorCom=728110&claveAreaCom=,"EPEari dagozkion deialdien postontzia 22-24 7 / Buzón de las convocatorias correspondientes a la OPE22-24 / Buenos días, Finalmente se publicará alguna base específica a lo largo de agosto? O solamente se va a publicar la de ARQUITECTURA, que es la única que aparece de momento en la convocatoria? Gracias, / Hola, dónde se puede consultar el listado de plazas ofertadas? / En los temarios que se van publicando figura la Ley de la Función Pública Vasca. Esta norma fue derogada con la publicación de la Ley 11/2022 de Empleo Público Vasco, ¿podrían confirmar si es correcto? Gracias. / Ya se puede apuntar? / Los puestos de Limpieza 2, ayudante de lavandería, y operario limpieza camarero, van a salir agrupados en una única convocatoria, como en la estabilización, o cada puesto por separado.? / Buenos días, para poder apuntarse a un proceso es obligatorio tener 16 años a la hora de apuntarse o a la hora de examinarse? O cumpliéndolos el mismo año valdría? Gracias / Buenas, me gustaría saber el temario específico para los puestos de limpieza y cocina. Gracias. / Buenas tardes Para los puestos de Administrativo, cuando se abrirá el plazo para apuntarse? / Esta abierta la opción para apuntarse a la convocatoria 2024? OPE22-24. Limpieza 1 (C2) en caso afirmativo, donde puedo hacer mi solicitud? Aparece como que aun no hay convocatorias disponibles / Se puede acceder a la convocatoria relativa a relaciones laborales con la titulación de psicología? y donde me puedo informar sobre las retr"
2026-09-25T16:55:28,Obras en vía pública,Circulación calle esperanza,queja,0.5,1.0,persiste,0.0,0.01,0.99,0.0,0.0,False,4,https://www.vitoria-gasteiz.org/wb021/was/comentarioAction.do?idioma=es&accion=verComentarios&claveAsuntoCom=373193&claveAsuntoGestorCom=804287&claveAreaCom=,"La calle La Esperanza no solo ha quedado afectada el uso peatonal por el trafico de la salida de vehículos del parking Artium, es más importante si cabe, el paso de vehículos desde la calle La Paloma, tanto turismos como vehículos de carga y descarga (no autorizados) porque no hacen paradas en la calle sino que la atraviesan. Todos ellos, incumplen de manera constante, la señal de prohibición que hay en el acceso de la calle la esperanza desde la paloma. El tránsito de vehículos por la calle la esperanza es abundante, durante el día y también en horario nocturno, siendo insoportable el ruido de las arquetas, las que están en el limite de edificios n 7 y n 9. No se vigila ni controla el uso de la calle, quedando desnaturalizado este uso peatonal y no se hace un seguimiento del problema que se ha generado en esta calle por los cambios realizados. / Totalmente de acuerdo con el comentario anterior. Además de haber perdido la calle La Esperanza, su condición de calle peatonal, sufrimos un constante invasión de vehículos que acceden desde la Paloma para salir a la calle Francia. También es cierto que quien haya diseñado la super-rotonda en la Paloma intersección con la Esperanza se ha lucido de lleno. Hay que hacer maniobras para dar la vuelta y una furgoneta o camión opta por salir directamente por la Esperanza como solución más factible a pesar de estar prohibido. Habría que revisar si la señal es lo suficientemente clara. Al igual que los coches que salen del Artium muchos sale"
2026-09-25T17:01:00,Obras en vía pública,OBRAS CARRIL BICI,aviso,0.58,1.0,persiste,0.0,0.18,0.81,0.0,0.01,False,1,https://www.vitoria-gasteiz.org/wb021/was/comentarioAction.do?idioma=es&accion=verComentarios&claveAsuntoCom=383979&claveAsuntoGestorCom=818388&claveAreaCom=,AV DÍA DE HOY 25 DE SPTIEMBRE NO HAN FINALIZADO LAS OBRAS PARA ADECUAR LA AVENIDA GASTEIZ AL NUEVO CARRIL BICI.A LA ALTURA DEL NÚMERO 65 Y 67 SIGUE HABIENDO UNAR VALLAS Y FALTA DE HACER PARTE DE LA CARRETERA.LLEVAN SIN TRABAJR AHÍ DESDE EL DÍA 7 DE SEPTIEMBRE.QUITARON APARCABICIS Y NO LOS HAN VUELTO A PONER TODAVÍA .¿A QUÉ ESPERAN PARA ACABAR ?LA SALIDA DEL GARAGE DE ESA ZONA ESTÁ SIN ASFALTAR TODAVÍA.GRACIAS
2026-09-28T12:21:06.741977,Instalaciones deportivas,Rocódromo Abetxuko,agradecimiento,0.99,1.0,mucha_gente,0.0,0.39,0.0,0.0,0.61,False,4,https://www.vitoria-gasteiz.org/wb021/was/comentarioAction.do?idioma=es&accion=verComentarios&claveAsuntoCom=383031&claveAsuntoGestorCom=817111&claveAreaCom=,"Buenos días, veo conveniente solicitar un rocódromo en el polideportivo de Abetxuko, ya que su arquitectura lo permite (es igual que el de Ariznavarra) y los rocódromos, tanto municipales como privados, quedan considerablemente alejados de esta parte de la ciudad. / Como vecino del barrio El Pilar opino lo mismo, todos quedan muy alejados de toda esta zona. Además, está claro que ha aumentado la demanda considerablemente y la población gasteiztarra lo agradecería. / Como bien dicen los otros comentarios este rocódromo solventaría dos problemas: -la obligación de desplazarse lejos de los vecinos de Arriaga, Lakua etc. -aliviaría la carga de los otros rocódromos, ya que suelen estar al máximo de sus capacidades las tardes de entre semana La arquitectura lo permite, los planos existen, con un poco de voluntad podría hacerse realidad"
2026-09-25T18:14:01,Ocupación de la vía pública,Veladores,agradecimiento,0.88,1.0,historia,0.0,0.94,0.04,0.0,0.02,False,1,https://www.vitoria-gasteiz.org/wb021/was/comentarioAction.do?idioma=es&accion=verComentarios&claveAsuntoCom=383983&claveAsuntoGestorCom=818392&claveAreaCom=,"Están ocupando fachadas vecinales que no les corresponden y alargando con veladores por toda la calle . Es inadmisible que hasta para entrar en las viviendas ,tengas que sortear obstáculos ,como mesas y sillas. Aprovechan los fines de semana para saltarse la normativa o no se entiende .como se puede disponer de casi tres fachadas con veladores ,un mismo negocio? Estoy hablando de la primera vecindad en la calle Pintoreria."
2026-09-25T18:48:45,TUVISA. Autobuses urbanos,"C/La paz, línea 6 no para",pregunta,0.66,0.99,mucha_gente,0.01,0.35,0.12,0.0,0.52,False,1,https://www.vitoria-gasteiz.org/wb021/was/comentarioAction.do?idioma=es&accion=verComentarios&claveAsuntoCom=383986&claveAsuntoGestorCom=818395&claveAreaCom=,"Comunica al Servicio 010 que en C/La paz, la línea 6 con parada a las 17:29 y [Eliminado] no ha parado. La ciudadana comenta que estaba a unos metros de la parada y que ha tocado el cristal del autobús. El chofer le ha mirado pero no ha abierto la puerta. Esta indignada porque iba con una persona en silla de ruedas y no les han recogido. Solicita una explicación."
2026-09-28T07:21:06.741977,Desperfectos en vía pública,Paso de cebra en mal estado,aviso,0.48,1.0,historia,0.0,0.89,0.01,0.0,0.1,False,2,https://www.vitoria-gasteiz.org/wb021/was/comentarioAction.do?idioma=es&accion=verComentarios&claveAsuntoCom=383988&claveAsuntoGestorCom=818397&claveAreaCom=,"En la C/ Getaria 15, viven en apartamentos tutelados personas mayores con movilidad reducida, andadores, sillas de ruedas... el paso de cebra por el que pasan todos los días está en muy mal estado y es peligroso para ellos. No es el primer caso de caídas por el deterioro del mismo."
2026-09-28T07:21:06.741977,Desperfectos en vía pública,Falta de adoquines en acera,aviso,0.79,1.0,historia,0.0,0.72,0.22,0.0,0.06,False,2,https://www.vitoria-gasteiz.org/wb021/was/comentarioAction.do?idioma=es&accion=verComentarios&claveAsuntoCom=383989&claveAsuntoGestorCom=818398&claveAreaCom=,"En la C/ Sierra de Urbasa con C/ Belate, desde hace mucho tiempo desaparecieron los bolardos y han quedado unos agujeros enormes y muy peligrosos, ya que faltan los adoquines."
2026-09-25T19:54:52,Instalaciones deportivas,Vestuarios planta baja de Hegoalde,aviso,0.85,1.0,historia,0.0,0.73,0.22,0.03,0.02,False,1,https://www.vitoria-gasteiz.org/wb021/was/comentarioAction.do?idioma=es&accion=verComentarios&claveAsuntoCom=383992&claveAsuntoGestorCom=818401&claveAreaCom=,"Hola: vuelvo a dirigirme a quien corresponda: durante los meses de junio y julio sufrimos una invasión de nuestros vecinos empadronados en URRSA y pinturas Ega, estos que se duchan con los calzoncillos puestos, que luego lavan en los lavabos y cuelgan en los radiadores, estos que se secan con el papel higiénico de los baños porque no tienen toallas, estos que dejan los vestuarios totalmente encharcados y sucios, estos que vienen a cargar sus móviles en los enchufes que hay por la planta baja, etc, etc Durante este mes habían desaparecido y pensé, “algo habra hecho el ayto.” Pero no, hoy han vuelto. Estoy expectante por ver que va a pasar a partir de la semana que viene cuando ya esté el CC a pleno rendimiento y haya que compartir unos vestuarios ya de por sí saturados con estos vecinos que no pagan un duro. Solicito al ayto que les ponga duchas, baños y un centro de lavado en la zona donde pernoctan exclusivamente para ellos, para que no tengan que acceder a las del CC Hegoalde. Gracias!"
2026-09-28T07:56:17.000177,Limpieza pública,Solicitud de más papeleras y mayor frecuencia de vaciado en el merendero del parque de Borinbizkarra,agradecimiento,0.58,1.0,historia,0.0,0.7,0.04,0.0,0.26,False,2,https://www.vitoria-gasteiz.org/wb021/was/comentarioAction.do?idioma=es&accion=verComentarios&claveAsuntoCom=373896&claveAsuntoGestorCom=805264&claveAreaCom=,"Buenos días, Quisiera trasladar una incidencia relacionada con la limpieza en la zona del merendero del parque de Borinbizkarra. Actualmente, la zona dispone únicamente de una papelera, que resulta claramente insuficiente para la cantidad de personas que utilizan este espacio, especialmente durante los meses de buen tiempo. Como puede apreciarse en la fotografía adjunta, cuando la papelera se llena, la basura acaba acumulándose en el suelo, generando una imagen de suciedad y posibles problemas de higiene. Además, esta situación no parece ser puntual, ya que la papelera lleva aproximadamente cinco días sin vaciarse, lo que ha provocado la acumulación de residuos alrededor de la misma. Por ello, solicito que se valore: 1. La instalación de más papeleras en la zona del merendero y áreas de estancia cercanas. 2. El aumento de la frecuencia de vaciado, especialmente en épocas de mayor uso del parque. 3. La limpieza de los residuos actualmente acumulados. Considero que estas medidas ayudarían a mantener el parque en mejores condiciones y a fomentar un uso más respetuoso de este espacio público. Muchas gracias por su atención. Un saludo. / Quisiera solicitar nuevamente la instalación de más papeleras en la zona del merendero del parque de Borinbizkarra. Actualmente solo hay una papelera para toda esta zona, a pesar de ser un espacio con mucha afluencia, especialmente los fines de semana. Es habitual que numerosas familias y grupos se reúnan aquí para celebrar cumpleaños, meriendas y"
2026-09-25T21:04:48,Personas mayores,¿Quién protege a nuestros mayores?,pregunta,0.77,1.0,persiste,0.0,0.26,0.54,0.11,0.1,False,5,https://www.vitoria-gasteiz.org/wb021/was/comentarioAction.do?idioma=es&accion=verComentarios&claveAsuntoCom=383692&claveAsuntoGestorCom=818042&claveAreaCom=,"Día tras día se ataca a gente INDEFENSA y, casualmente, suelen ser los mismos que ya están más que fichados. ¿Qué propone el ayuntamiento para que cesen este tipo de ataques? Y no, no trasladen el tema a policía local porque la decisión de facilitarles las cosas a los delincuentes la toma el consistorio. ¿Empezamos con patrullas vecinales hasta que haya una desgracia? Nos hemos pasado de solidarios con gente que no se integra ni respeta a los más vulnerables. No solo los mayores de la clase obrera corren peligro... / NADIE. Ahora la triste solución que buscamos las familias es decir a nuestros mayores que no salgan a la calle sólos, que no atiendan al portero automático y que no abran la puerta. Y los sinvergüenzas que no han aportado nada aquí y sólo delinquen caminando por las calles de nuestra ciudad. Hay que ser malas personas y no tener alma. / Es cuestión de dos conceptos que por lo que sea, no existen con estos delincuentes. 1 - EDUCACIÓN. Desde txikis nos educan en el respeto hacia los demás y más aún, a nuestro y demás mayores, niños, animales,... Colectivos REALMENTE vulnerables. 2 - JUSTICIA. Es algo que falla. Pongamos un ejemplo, yo me dedico diariamente a pegar y quitarle el móvil a un chavalico de esos. ¿Puedo hacerlo más de 20 veces sin consecuencias? Declarándome insolvente en primer lugar. Pues un poco eso, todo el mundo está quemado y a nuestros mayores se les cuida. Por desgracia, en mi entorno también usamos el ""no salgas sol@ de casa y no te pongas la ca"
2026-09-25T21:09:46,Zonas verdes,RATAS EN JARDINES,aviso,0.44,1.0,historia,0.0,0.48,0.14,0.03,0.35,False,1,https://www.vitoria-gasteiz.org/wb021/was/comentarioAction.do?idioma=es&accion=verComentarios&claveAsuntoCom=383994&claveAsuntoGestorCom=818403&claveAreaCom=,"Denunciar el estado de zonas con ratas. Estando aquí sentados en el Bar La Isla, en la Avd. Los Huetos esquina Henry Morton Stanley hay una zona ajardinada con unos arbustos, delante de la entrada del bar, donde hay ratas que campan a sus anchas, saliendo por las aceras..... Lo mismo que en la esquina contraria donde está el Bar El Lio, Avd. Los Huetos con Hans Christian Andersen. Espero que se tome una solución inminente, porque suene haber niños por ahí jugando. No estoy hablando ni de 1 ni 2, he visto juntas más de 4. Creo que es un tema muy muy preocupante porque no son el clásico ratoncito de campo ""zagutxo"", sino que son ratas. No solamente hay que preocuparse por ciertas calles del centro que en los barrios hay que intensificar limpieza, que también pagamos impuestos."
2026-09-25T21:09:55,Zonas verdes,RATAS EN JARDINES,aviso,0.44,1.0,historia,0.0,0.48,0.14,0.03,0.35,False,1,https://www.vitoria-gasteiz.org/wb021/was/comentarioAction.do?idioma=es&accion=verComentarios&claveAsuntoCom=383995&claveAsuntoGestorCom=818404&claveAreaCom=,"Denunciar el estado de zonas con ratas. Estando aquí sentados en el Bar La Isla, en la Avd. Los Huetos esquina Henry Morton Stanley hay una zona ajardinada con unos arbustos, delante de la entrada del bar, donde hay ratas que campan a sus anchas, saliendo por las aceras..... Lo mismo que en la esquina contraria donde está el Bar El Lio, Avd. Los Huetos con Hans Christian Andersen. Espero que se tome una solución inminente, porque suene haber niños por ahí jugando. No estoy hablando ni de 1 ni 2, he visto juntas más de 4. Creo que es un tema muy muy preocupante porque no son el clásico ratoncito de campo ""zagutxo"", sino que son ratas. No solamente hay que preocuparse por ciertas calles del centro que en los barrios hay que intensificar limpieza, que también pagamos impuestos."
2026-09-28T11:21:06.741977,Alumbrado público,Ez dago argirik,pregunta,0.55,1.0,historia,0.0,0.53,0.04,0.0,0.43,False,2,https://www.vitoria-gasteiz.org/wb021/was/comentarioAction.do?idioma=es&accion=verComentarios&claveAsuntoCom=383996&claveAsuntoGestorCom=818405&claveAreaCom=,"Gabon, Bustaldea 13. kalean, lehengo blokean aurreko farolan ez dago argirik. Mila esker zuen arretagatik ."
2026-09-28T07:21:06.741977,Desperfectos en vía pública,Calle Badaya,pregunta,0.97,1.0,historia,0.0,0.9,0.01,0.0,0.08,False,2,https://www.vitoria-gasteiz.org/wb021/was/comentarioAction.do?idioma=es&accion=verComentarios&claveAsuntoCom=383997&claveAsuntoGestorCom=818406&claveAreaCom=,Numerosa baldosas todas...sobre tod tramo de Avenida a Badaya. Muy peligroso por favor solucionenlo
2026-09-28T09:21:06.741977,Limpieza pública,Calle Diputación extremadamente sucia,aviso,0.46,1.0,historia,0.0,0.76,0.16,0.0,0.09,False,3,https://www.vitoria-gasteiz.org/wb021/was/comentarioAction.do?idioma=es&accion=verComentarios&claveAsuntoCom=383998&claveAsuntoGestorCom=818407&claveAreaCom=,"Vitoria se encuentra en un declive sin precedentes: calles peatonales como Diputación sucia y maloliente, zona Desamparados sucia y llena orines humanos, calle Independencia sucia ...barrio el Pilar sucio y baldosas rotas....son las zonas que tristemente recorro diariamente y pongo como ejemplo.Veo el deterioro progresivo. Mobiliario urbano como farolas y basuras totalmente corridas por orines de perro....Vitoria ...ciudad Green??...señores ....de Green queda el musgo de La Virgen Blanca. De verdad no son capaces de ver el estado de suciedad y mal olor de nuestras calles. Por favor, tomen cartas en recuperar la salubridad de nuestras calles y evitar caídas a los ciudadanos por conservación negligente. Gracias / Estoy de acuerdo. Llevo días escribiendo en este buzón dado el estado de la calle Diputación. Suciedad y mal olor en una de las calles más transitadas de la ciudad. Necesitamos una buena desinfección en esta calle."
2026-09-25T22:43:15,Desperfectos en vía pública,Deterioro parque infantil esquina de Loreto Arriola con José Domingo Olarte,aviso,0.9,1.0,historia,0.0,0.53,0.2,0.0,0.26,False,1,https://www.vitoria-gasteiz.org/wb021/was/comentarioAction.do?idioma=es&accion=verComentarios&claveAsuntoCom=383999&claveAsuntoGestorCom=818408&claveAreaCom=,"El suelo de caucho de este parque infantil está lleno de grietas tan anchas y profundas que provocan caídas constantes en los niños, al tropezar con ellas.Hay una queja general de los padres que vamos habitualmente a este parque."
2026-09-28T11:21:06.741977,Limpieza pública,Calle Doce de Octubre: aceras envejecidas y sucias,aviso,0.83,0.98,mucha_gente,0.02,0.31,0.09,0.0,0.58,False,2,https://www.vitoria-gasteiz.org/wb021/was/comentarioAction.do?idioma=es&accion=verComentarios&claveAsuntoCom=384001&claveAsuntoGestorCom=818410&claveAreaCom=,"La calle Doce de Octubre, además de no estar renovada como el resto de la zona donde se encuentra, está sucia de ""txiza"" de perro, y, para remate, ahora se le añade que ""algún amante de los animales"" está dando de comer a las palomas, concretamente en la esquina Los Herrán con Doce de Octubre (donde hay una panadería cerrada). Esto va a provocar que, además de la calle, también los balcones y ventanas de los vecinos se ensucien. Además de valorarlo, ¿podrían hacer algo concreto? Se me ocurre, como primera medida, LIMPIAR y , después, amonestar a esos ""amantes de los animalitos"" que no cumplen con su deber cívico. Gracias"
2026-09-26T11:19:40,Circulación - Tráfico,Pinchazos por obras en calle Leza,aviso,0.71,1.0,historia,0.0,0.88,0.02,0.0,0.09,False,1,https://www.vitoria-gasteiz.org/wb021/was/comentarioAction.do?idioma=es&accion=verComentarios&claveAsuntoCom=384005&claveAsuntoGestorCom=818414&claveAreaCom=,"Segundo día en un mes que pincho una rueda del coche, esta última dos tornillos en la misma rueda y llego tarde al trabajo, claro está. Desde que están las obras en el barrio, varios vecinos tenemos pinchazos. Puede alguien darle un toque al personal para que barran las carreteras , o a quién le voy pasando las facturas del taller?"
2026-09-26T14:16:29,Policía Local,BICIS Y PATINETES OCUPANDO ACERA POR OBRAS TRANCIA,aviso,0.94,1.0,historia,0.0,0.73,0.02,0.0,0.25,False,3,https://www.vitoria-gasteiz.org/wb021/was/comentarioAction.do?idioma=es&accion=verComentarios&claveAsuntoCom=383310&claveAsuntoGestorCom=817561&claveAreaCom=,"Debido a las obras del tranvía en Zabalgana, el carril bici está cortado y la acera se ha quedado muy estrecha y aunque se haya puesto unos carteles de q las bicis y patinetes se bajen y vayan andando, la gente hace caso omiso. A las horas de salidas de Mercedes y empresas de jundiz ( 14:00 y 22:00 ), ese tramo, es un peligro. La gente no respeta y t van pitando y gritando para q t quites, cuando hay señales q le obliga a bajarse y no lo hacen. En ese tramo hay una panadería y una residencia de ancianos y cuando sales de esos sitios a las horas q pasan la bicis y patinetes, es un peligro y algún día ocurrirá un accidente. Me gustaría q la policía lo controlase y de primeras avise y si sigue ocurriendo, se multe. O si se os ocurre otra solución para q esos vehículos no pasen, lo hagáis. / Tal y como ya han comentado en este hilo, el tramo en el que se han iniciado las obras del tranvía en la calle Naciones Unidad, es un auténtico peligro para los peatones. La acera que ha quedado es muy estrecha y las bicicletas y patines pasan a toda velocidad, haciendo caso omiso a las indicaciones de que deben bajarse. Es una acera muy transitada por familias con niños pequeños y personas mayores. Cualquier día vamos a tener un accidente. La Policía Municipal debería pasarse a controlar que se cumple la normativa, sobre todo a las horas de entrada y salida de la Mercedes. Es un peligro. / Totalmente de acuerdo, es un peligro las obras del tranvía y los ciudadanos incívicos que pasan con el "
2026-09-26T14:25:11,Coches y aparcamiento,Parking Zaldiaran y cargadores,agradecimiento,0.5,1.0,historia,0.0,0.93,0.0,0.0,0.07,False,1,https://www.vitoria-gasteiz.org/wb021/was/comentarioAction.do?idioma=es&accion=verComentarios&claveAsuntoCom=384009&claveAsuntoGestorCom=818418&claveAreaCom=,"Buenos días, Soy propietario de una plaza en el parking Zaldiaran y estoy valorando comprarme in coche eléctrico. Llame a Tuvisa, que gestiona el parking, y me dijo que no se pueden instalar cargadores. ¿Me lo pueden confirmar ¿Cuando se podrá? ¿Algún plan para ello? Saludos"
2026-09-28T11:21:06.741977,Limpieza pública,Contenedores Beethoven 8,pregunta,1.0,1.0,persiste,0.0,0.21,0.65,0.0,0.13,False,2,https://www.vitoria-gasteiz.org/wb021/was/comentarioAction.do?idioma=es&accion=verComentarios&claveAsuntoCom=384010&claveAsuntoGestorCom=818419&claveAreaCom=,"Sacos de obra (Leroy Merlín) Al lado de los contenedores de basura, el otro día también está semana muebles en la acera en la fachada del edificio"
2026-09-26T16:37:24,TUVISA. Autobuses urbanos,Frecuencia linea 11,pregunta,0.73,1.0,mucha_gente,0.0,0.31,0.21,0.0,0.48,False,2,https://www.vitoria-gasteiz.org/wb021/was/comentarioAction.do?idioma=es&accion=verComentarios&claveAsuntoCom=383991&claveAsuntoGestorCom=818400&claveAreaCom=,"Hola Viendo el éxito que ha tenido la línea 11 a pesar de haberse puesto a prueba durante los meses de verano y con media hora de frecuencia me parece raro que todavía no se haya aumentado la frecuencia. La línea actual la cubren 2 autobuses que hacen un tiempo de espera de 10 a 15 min una vez completado el trayecto. Con dos buses más de flota se podría reducir a 15 min la frecuencia y se asemejaría bastante al resto de las líneas. Es una línea que por su trazado corto, directo y los lugares por los que pasa (HUA, hospital y cerca de la estación de autobuses) es un medio muy utilizado tanto por la población de Zabalgana como Lakua, que son los barrios más poblados de la ciudad. / Hoy a las 10:34 línea 11 el bus no ha parado en la parada naciones unidas, estando con un bebé recién nacido y otro hijo . El bus pasó de largo sin parar aunque le hicimos una seña con la mano, pero aún asi no paro ."
2026-09-26T16:58:42,Otros turismo,Tasa turística,pregunta,0.88,0.97,historia,0.03,0.54,0.42,0.0,0.01,True,9,https://www.vitoria-gasteiz.org/wb021/was/comentarioAction.do?idioma=es&accion=verComentarios&claveAsuntoCom=383278&claveAsuntoGestorCom=817529&claveAreaCom=,"Hola. Soy hostelera en Ariznabarra y he visto que quieren poner Tasa Turística. Quiero decirles que estoy en contra. Frente a mi cafetería hay 1 Airbnb y vienen a menudo a desayunar y a comer además de pintxos. Y suelen ser parejas con algún hijo. Desde luego no parecen millonarios sino gente normal haciendo turismo. Para mi sería una verdadera faena que les pusieran impuestos a esas familias que vienen, no tiene sentido. Si ya vienen pocos turistas esto haría que vinieran menos. Y todos van al centro. Por Ariznabarra, salvo los del Airbnb, no se ve a ninguno, por aquí no hay hoteles. No veo cuál es el problema. De verdad ¿hay tantos airbnb en Vitoria que tensionan la vivienda? Porque gentrificación ya les aseguro yo que no hay en nuestra ciudad. Parece un poco populista la propuesta. Por favor, no hagan que no venga ya más gente de fuera a los Airbnb. Dejan dinero aquí y dan alegría a la calle. A mi barrio nunca llegan los turistas, no hay hoteles por aquí. Al final solo se benefician los del centro con los turistas. / Cuando sales de Vitoria en todas partes pagas tasa turística, y por el hecho de tener que pagarla no dejas de viajar. Porque aquí debería ser diferente? Yo estoy a favor de la tasa turística, al igual que yo la pago allí donde viajo, que el resto haga lo mismo cuando viene aquí. / Cómo que en todas las partes pagas tasa turística? Será que vas solo a Cataluña o a las islas (ni siquiera a las canarias, solo a las Baleares). O sea que al resto de comunidades o m"
2026-09-26T17:00:41,Desperfectos en vía pública,Deterioro caminos anillo verde,queja,0.68,1.0,historia,0.0,0.89,0.08,0.0,0.03,False,1,https://www.vitoria-gasteiz.org/wb021/was/comentarioAction.do?idioma=es&accion=verComentarios&claveAsuntoCom=384011&claveAsuntoGestorCom=818420&claveAreaCom=,"Buenas Aprovechando que están las obras de los huertos urbanos de Salburua, sería bueno que se arreglaran los caminos que había del anillo verde para el acceso al mismo Uno de los caminos al que me refiero es el que hay junto al supermercado Aldi Las lluvias y el tiempo se han llevado la tierra y han dejado unos grandes agujeros Esto mismo pasó en los caminos que están encuesta entre la calle Budapest con la calle Tallín Estaría muy bien hacer la misma intervención y no esperar a terminar las obras que hay ahora mismo con calles, cortadas y maquinaria y luego tener que volver a parar las calles y volver a meter maquinaria Un saludo"
2026-09-26T17:50:01,Ocupación de la vía pública,Bar Los nuevo conde,queja,0.86,1.0,historia,0.0,0.65,0.19,0.05,0.11,False,1,https://www.vitoria-gasteiz.org/wb021/was/comentarioAction.do?idioma=es&accion=verComentarios&claveAsuntoCom=384012&claveAsuntoGestorCom=818421&claveAreaCom=,"Siguen sin recoger la terraza a la hora. Llega el fin de semana y los vecinos tenemos que aguantar la suciedad y los ruidos por no recoger la terraza a su hora. Suciedad, botellas… Estamos hartos de este incivismo."
2026-09-26T17:54:36,Retirada de vehículos,Bici abandonada en Mauricio Valdivielso 5,agradecimiento,0.44,1.0,historia,0.0,0.96,0.01,0.0,0.03,False,1,https://www.vitoria-gasteiz.org/wb021/was/comentarioAction.do?idioma=es&accion=verComentarios&claveAsuntoCom=384013&claveAsuntoGestorCom=818422&claveAreaCom=,Solicito la retirada del cuadro de una bici abandonada candado a la farola que está frente al portal número 5 de la plaza Mauricio Valdivielso.
2026-09-28T11:21:06.741977,Limpieza pública,FALTA DE LIMPIEZA,agradecimiento,0.94,1.0,persiste,0.0,0.2,0.7,0.0,0.1,False,2,https://www.vitoria-gasteiz.org/wb021/was/comentarioAction.do?idioma=es&accion=verComentarios&claveAsuntoCom=384014&claveAsuntoGestorCom=818423&claveAreaCom=,A ver si es posible de que se pasen por la calle Pablo Morillo. Del lado de los portales. A limpiar. Ya que es inexistente la limpieza desde hace unas semanas. Gracias de antemano
2026-09-26T19:53:41,Instalaciones socioculturales,Biblioteca nocturna,agradecimiento,1.0,1.0,historia,0.0,0.94,0.01,0.0,0.06,False,27,https://www.vitoria-gasteiz.org/wb021/was/comentarioAction.do?idioma=es&accion=verComentarios&claveAsuntoCom=382330&claveAsuntoGestorCom=816107&claveAreaCom=,"Sugiero la apertura de al menos una biblioteca nocturna en la ciudad, dado que el horario actual finaliza a las 21:00 y no cubre las necesidades de muchos estudiantes y trabajadores. Disponer de un espacio de estudio de medianoche o 24 horas respondería a una DEMANDA REAL y facilitaría la conciliación académica y laboral de muchos ciudadanos. En otras ciudades hay y funcionan muy bien / Por favor necesitamos una biblioteca 24h o al menos con un horario ampliado por las noches ya que cierran a las 21h y para mucha gente es difícil conciliar trabajo/estudios. / Por favor necesitamos una biblioteca 24h o al menos con un horario ampliado por las noches ya que cierran a las 21h y para mucha gente es difícil conciliar trabajo/estudios. / Por favor, necesitamos una biblioteca 24h. Otras ciudades la tienen y funciona muy bien. Hay gente que trabaja y no tiene disponibilidad completa, por lo que necesitamos hacer uso de estudio nocturno. Sería de gran ayuda / Muchas personas trabajan o tienen otras responsabilidades durante el día y no pueden aprovechar estos espacios en su horario habitual. Contar con un espacio público disponible por la noche facilitaría mucho el estudio y la conciliación. Creo que Vitoria-Gasteiz debería dar un paso adelante en este sentido. / Sería muy conveniente que en Vitoria hubiera una sala de estudio con horario más amplio todo el año (hasta mediañoche o 25 horas). Muchas personas que quieren compatibilizar su trabajo con estudio no disponen de dichas salas."
2026-09-26T20:06:59,TUVISA. Autobuses urbanos,Parking Iradier Arena,pregunta,0.48,1.0,persiste,0.0,0.01,0.98,0.0,0.01,False,1,https://www.vitoria-gasteiz.org/wb021/was/comentarioAction.do?idioma=es&accion=verComentarios&claveAsuntoCom=384015&claveAsuntoGestorCom=818424&claveAreaCom=,"Funcionamiento ascensor..Soy usuaria del parking del Iradier Arena todos los sábados.... 8 de cada 10 sábados no funciona el ascensor que da a la plaza del renacimiento... Unas veces cuando aparcamos (sobre las 19,30) y otras veces cuando lo retiramos (sobre las 23,00).. y cuando no funciona cuando lo aparcamos normalmente tampoco cuando salimos... Por favor tener en cuenta, ya que hay personas que no pueden subir por las escaleras Gracias"
2026-09-26T20:54:06,Participación Ciudadana,Queremos una solución porque el sorteo de actividades en CC no ha funcionado bien,queja,0.72,1.0,historia,0.0,0.96,0.02,0.0,0.02,False,1,https://www.vitoria-gasteiz.org/wb021/was/comentarioAction.do?idioma=es&accion=verComentarios&claveAsuntoCom=384017&claveAsuntoGestorCom=818426&claveAreaCom=,Hemos estado hablando entre varios amigos usuarios de los centros cívicos y hemos llegado a la conclusión de que el Ayuntamiento debería hacrr algo para permitir que las personas que no hemos recibido ninguna actividad podamos optar aunque sea a un trimestre y no permitir que haya personas que continúen con dos actividades en el próximo trimestre... Sería injusto porque estas actividades de pagan con el dinero de todxs
2026-09-28T11:21:06.741977,Limpieza pública,Calle Barrenkale sucia,aviso,0.62,0.98,persiste,0.02,0.27,0.48,0.0,0.23,False,2,https://www.vitoria-gasteiz.org/wb021/was/comentarioAction.do?idioma=es&accion=verComentarios&claveAsuntoCom=384018&claveAsuntoGestorCom=818427&claveAreaCom=,"En toda la semana no han pasado a lavar la calle Barrenkale, está muy sucia."
2026-09-28T09:21:06.741977,Limpieza pública,Olor a vómito,aviso,0.94,0.99,historia,0.01,0.78,0.01,0.0,0.2,False,3,https://www.vitoria-gasteiz.org/wb021/was/comentarioAction.do?idioma=es&accion=verComentarios&claveAsuntoCom=384021&claveAsuntoGestorCom=818430&claveAreaCom=,"En la calle Diputación, a la altura del número 1, llevamos varios días con un olor muy fuerte a vómito. Por favor, pasad la manguera a presión con desinfectante para limpiar la zona. Gracias. / Sigue oliendo fatal. Ha pasado la máquina barredora y esta deja olor a ceniza. Por favor, buscad una solución. ¿Por qué no se utiliza una mangueravcon producto desinfectante? Gracias."
2026-09-27T07:50:00,Vertidos incontrolados,Queja pir acumulación persistente de residuos fuera de los contenedores en cruce Calle Estella Lizarra con Roncesvalles,queja,0.52,1.0,mucha_gente,0.0,0.25,0.02,0.0,0.73,False,2,https://www.vitoria-gasteiz.org/wb021/was/comentarioAction.do?idioma=es&accion=verComentarios&claveAsuntoCom=379177&claveAsuntoGestorCom=812281&claveAreaCom=,"Por la presente, deseo interponer una queja formal ante el Servicio de Gestión de Residuos del Ayuntamiento debido al estado de insalubridad y suciedad constante en el punto de contenedores ubicado en el cruce de la Calle Estella-Lizarra con la Calle Roncesvalles. De manera sistemática y diaria, se acumulan bolsas de basura, cartones y todo tipo de residuos fuera de los depósitos habilitados. Esta situación no solo daña gravemente la imagen de nuestro barrio, sino que genera problemas de olores y atrae a plagas, suponiendo un evidente riesgo higiénico y sanitario para el vecindario y los peatones. Solicito formalmente a los servicios municipales que adopten las siguientes medidas:Limpieza y desinfección urgente de este punto negro de suciedad de manera prioritaria. Incremento de la vigilancia por parte de la Policía Local o los inspectores de recogida para sancionar de forma efectiva los comportamientos incívicos. Estudio técnico del punto de recogida por si fuera necesario un rediseño de la isla de reciclaje, una reubicación o un aumento en la frecuencia de vaciado de dichos contenedores para evitar su desbordamiento habitual. Adjunto fotografías del estado actual de la zona como prueba gráfica de la situación descrita.Agradezco de antemano su atención y quedo a la espera de sus actuaciones y de una respuesta oficial en este buzón. / Nonhe recibido respuestas"
2026-09-27T08:17:00,Limpieza pública,Recogida de basuras un Domingo a las 6.20 AM??,aviso,0.66,0.96,historia,0.04,0.45,0.03,0.1,0.38,False,2,https://www.vitoria-gasteiz.org/wb021/was/comentarioAction.do?idioma=es&accion=verComentarios&claveAsuntoCom=384022&claveAsuntoGestorCom=818431&claveAreaCom=,"No veo normal que a las alrededor de las 6 de la mañana se vayan a recoger las basuras un domingo por la mañana. Tenéis todo el día. Pero hay horas de DESCANSO que son sagradas, incluso para el trabajador. Porque no lo hacéis a entre las 9.30 de la mañana y las 12.30 y las 13.30 y las 21.30 de lunes a viernes sábados hasta las 22.30 y los domingos no hacéis nada? Sería buen horarios. No molestáis a nadie. Y entre semana no armáis lo que armáis con las entradas y salidas de los colegios. Que parece que lo hacéis a drede. / La verdad es que sí, las horas que propones son ideales, además con los horarios propuestos, los trabajadores se librarían de tener que aguantar las comidas con la familia, la conciliación familiar esta muy, pero que muy sobre valorada, al igual que la siesta. Las personas que planifican los horarios lo hacen adrede, incluso diría yo que a propósito, para castigar a los operarios a comer con su familia y tener que pasar las tarde con ellos, incluso en compañía de amigos. Son crueles, mira que es feliz un operario trabajando, mientras los demás van de tapeo y cañitas, o comen en compañía de familiares o amigos, o disfrutando de la siesta. Por cierto, con la sugerencia realizado, también habría que advertir a los vecinos que: entre las 22,30 del sábado y las 6,00 del lunes no se baja la basura, que se llenan los contenedores."
2026-09-28T16:48:39.063485,Limpieza pública,Mal olor en calle Siervas de Jesús,agradecimiento,0.99,1.0,persiste,0.0,0.35,0.63,0.0,0.01,True,4,https://www.vitoria-gasteiz.org/wb021/was/comentarioAction.do?idioma=es&accion=verComentarios&claveAsuntoCom=384016&claveAsuntoGestorCom=818425&claveAreaCom=,"En la calle Sievas de Jesús, a la altura del bar Ganeko, llevamos 2 días con un olor nauseabundo que creo que procede del contenedor de orgánico que está enfrente de la plaza. Agradecería pasaran a comprobarlo y a tomar las medidas oportunas. Un saludo / Y en muchas otras zonas...olores nauseabundos, pero donde [Eliminado] va nuestro dinero? / Dadle unos días más a la Alcaldesa. Que dejará la ciudad como una patena. / No sé si habrá pasado alguien por Siervas de Jesús a echar un vistazo pero sigue oliendo igual de mal que el sábado."
2026-09-28T10:56:17.000177,AMVISA,cambio de titular,queja,0.53,1.0,historia,0.0,0.97,0.0,0.0,0.02,False,90,https://www.vitoria-gasteiz.org/wb021/was/comentarioAction.do?idioma=es&accion=verComentarios&claveAsuntoCom=134599&claveAsuntoGestorCom=394010&claveAreaCom=,"Me gustaría que me informaran de la documentación y los pasos que se necesitan para hacer un cambio de titular en el agua de una vivienda. / Documentos necesarios para cambiar domiciliación bancaria de los recibos de amvisa por fallecimiento del titular? Gracias / Buenos días, me gustaría saber si un cambio de titular en el contrato del agua se puede hacer de forma telemática o hay que acudir de forma presencial a las oficinas de amvisa. Un saludo y gracias / Buenos dias. En el caso de un cambio de titular (presencial) en AMVISA, ¿es necesaria la presencia de las dos partes? o seria suficiente solo una de ellas?. Gracias / Buenos días necesito una cita el día 23 de junio para cambio de titularidad a las 11:00 de la mañana. Gracias / Hola, ¿que debo hacer para cambiar el titular del contrato de agua en un local? ¿lo puedo hacer de forma telematica? Gracias / Buenas, quiero cambiar la titularidad del recibo del agua en el piso de alquiler en el que vivo de forma telemática o telefónica y no se donde puedo adjuntar la información necesaria ni los primeros pasos a seguir. / Estoy viendo la atención prestada a los ciudadanos a través del foro y aunque no he sido yo uno de los atendidos, quiero mostrar mi sorpresa y agradecimiento por el servicio. Un saludo / Buenos días, Hemos tenido una vivienda alquilada y queremos cambiar la titularidad del agua de los inquilinos a los propietarios. ¿Se puede realizar telemáticamente? ¿En ese caso cómo se realiza? Muchas gracias Un saludo / Qui"
2026-09-27T11:07:00,Accesibilidad,Puente las neveras,agradecimiento,0.49,1.0,persiste,0.0,0.31,0.53,0.0,0.16,False,3,https://www.vitoria-gasteiz.org/wb021/was/comentarioAction.do?idioma=es&accion=verComentarios&claveAsuntoCom=382201&claveAsuntoGestorCom=815885&claveAreaCom=,"Nuevo curso escolar y seguimos sin tener disponible el puente que cruza las vías entre las neveras y astrónomos. Cientos de alumnos y familias que tenemos que dar muchísima vuelta para poder llegar al colegio/instituto. ¿Hasta cuando? / Es urgente abrir esta pasarela. Cerca de 500 alumnos acuden al instituto y otros tantos a los colegios del barrio, muchos de ellos andando o en bicicleta. Al estar cerrada, se ven obligados a dar un rodeo y pasar por debajo del puente, entre todo el tráfico y por un carril bici integrado en la calzada, lo que supone un peligro diario. La pasarela está justo frente al instituto y ofrece un acceso mucho más seguro. ¿A qué estamos esperando? Pedimos al Ayuntamiento que la abra lo antes posible. La seguridad de nuestros hijos e hijas debe ser una prioridad. / Desde el instituto salburua los miembros del ampa estamos esperando muy pacientemente el arreglo de la pasarela de las neveras, creo que ya va siendo hora de tomar decisiones"
2026-09-27T11:10:00,"Impuestos, tasas y precios públicos",Aperturas orgánico,aviso,0.94,1.0,historia,0.0,0.77,0.09,0.0,0.14,False,1,https://www.vitoria-gasteiz.org/wb021/was/comentarioAction.do?idioma=es&accion=verComentarios&claveAsuntoCom=384025&claveAsuntoGestorCom=818434&claveAreaCom=,Buenos días. A la hora de calcular la tasa de basuras y las bonificaciones por apertura del contenedor orgánico ¿Qué fechas se tienen en cuenta? En el pago de 2027 se tendrán en cuenta todas las aperturas desde el 1 de enero del 26 a 31 de diciembre del 26? Tenemos forma de consultar el acumulado de aperturas tanto de la app como de la tarjeta? Gracias
2026-09-28T11:21:06.741977,Limpieza pública,calle.pintor doublang 2-12/ eskivel,aviso,0.59,1.0,historia,0.0,0.7,0.01,0.0,0.29,False,2,https://www.vitoria-gasteiz.org/wb021/was/comentarioAction.do?idioma=es&accion=verComentarios&claveAsuntoCom=384026&claveAsuntoGestorCom=818435&claveAreaCom=,"Acaban de pasar hace unos días limpiando la calle la tenemos llena de grasa sucia ,vecinos /.as que tiran por la ventana basura y grasa todo lleno de manchas de grasa que ya de por si la calle patina cuando llueve pues con toda esta grasa que ha tirado alguno /a ,no quiero ni pensarlo .qué se puede hacer contra la gente incívica? todos sabemos quiénes son en el barrio, al igual que los contenedores siempre llenos todos de suciedad que no se puede pasar por esa zona de los olores y siempre todo tirado de enseres y basura"
2026-09-27T11:58:00,Instalaciones deportivas,Situaciones campos de Lakua03,pregunta,0.96,1.0,historia,0.0,0.87,0.0,0.0,0.13,False,1,https://www.vitoria-gasteiz.org/wb021/was/comentarioAction.do?idioma=es&accion=verComentarios&claveAsuntoCom=384027&claveAsuntoGestorCom=818436&claveAreaCom=,"Me dirijo a ustedes de manera formal para presentar una queja respecto al uso indebido de los campos de fútbol Lakua03, situación que viene generando riesgos para la seguridad de los usuarios y afectando el normal desarrollo de las competiciones. Los hechos que motivo de esta queja son los siguientes: 1. Acceso de personas con patines y bicicletas que circulan a velocidades peligrosas por las instalaciones y zonas aledañas a los campos de juego. Esta práctica supone un claro riesgo de accidentes.. 2. Entrada de personas ajenas al partido en curso en el terreno de juego mientras se disputa el encuentro. Dicha conducta interrumpe el desarrollo del partido, genera distracciones y puede ocasionar incidentes o lesiones. 3. Presencia indebida en el interior del campo de jugadores y técnicos de los equipos que disputarán el partido siguiente. Esta situación molesta a los contendientes que se encuentran en juego, constituye una falta de respeto hacia ellos y dificulta la concentración y el correcto desarrollo del partido. Estas irregularidades no solo vulneran las normas básicas de uso de las instalaciones deportivas, sino que ponen en peligro la integridad física de las personas y deterioran el ambiente de respeto. Por todo lo expuesto, solicito que se adopten de inmediato las medidas necesarias para: • Reforzar la vigilancia y el control de acceso a las instalaciones. • Erradicar de forma efectiva la circulación de patines y bicicletas. • Impedir la entrada de personas ajenas al te"
2026-09-27T12:04:00,Obras en vía pública,Pavimentos sin terminar,aviso,0.96,1.0,persiste,0.0,0.06,0.92,0.0,0.02,False,1,https://www.vitoria-gasteiz.org/wb021/was/comentarioAction.do?idioma=es&accion=verComentarios&claveAsuntoCom=384028&claveAsuntoGestorCom=818437&claveAreaCom=,"Buenos días, el pavimento de la acera entre arkaiabidea y avenida de Bruselas lleva más de tres meses sin terminar."
2026-09-28T09:56:17.000177,Limpieza pública,Limpieza incompleta Barrenkale,queja,0.56,1.0,persiste,0.0,0.38,0.61,0.0,0.01,False,2,https://www.vitoria-gasteiz.org/wb021/was/comentarioAction.do?idioma=es&accion=verComentarios&claveAsuntoCom=384030&claveAsuntoGestorCom=818439&claveAreaCom=,"Buenos dias, aun no entiendo si es que todos los ciudadanos pagamos impuestos las calles estan hechas un asco, además la Barrenkale solo la limpian a medias. Se pararon tomaron su café y se fueron.... es que la calle Barrenkale no es parte de la ciudad para limpiarla?"
2026-09-27T12:56:00,Zonas verdes,PLAGA EN LOS ÁRBOLES CALLE FLANDES,queja,0.53,0.99,historia,0.01,0.54,0.04,0.0,0.41,True,2,https://www.vitoria-gasteiz.org/wb021/was/comentarioAction.do?idioma=es&accion=verComentarios&claveAsuntoCom=381728&claveAsuntoGestorCom=815269&claveAreaCom=,"Los plátanos situados en el lado de los pares de la calle Flandes se encuentran muy próximos a las terrazas de las viviendas. Estos árboles, de enorme tamaño, están infestados de una plaga de una especie de pulgones de muy pequeño tamaño que caen en las terrazas y en lo que en ellas haya, por ejemplo ropa tendida, y se meten en el interior de los domicilios. Esta plaga ya se detectó el verano pasado, pero en el año actual la cantidad es mucho mayor y resulta muy molesta. Se solicita que los traten como proceda para evitar este problema. Quizá también podrían podarlos, no recuerdo la última vez que lo hicieron. Cuando hay temporales se balancean de tal forma que da miedo. / Pero seguimos igual tras este aviso y varias llamadas telefónicas incidiendo en lo mismo. En la foto, cientos de pulgones de un día tras barrer un espacio de 3 metros cuadrados"
2026-09-27T13:06:00,Instalaciones socioculturales,ACCESO A PRÉSTAMO DE LIBROS A,pregunta,0.98,1.0,persiste,0.0,0.05,0.95,0.0,0.0,False,3,https://www.vitoria-gasteiz.org/wb021/was/comentarioAction.do?idioma=es&accion=verComentarios&claveAsuntoCom=382285&claveAsuntoGestorCom=816001&claveAreaCom=,"Se ha modificado la web de acceso a consulta y solicitud de libros en las bibliotecas municipales y es un verdadero desastre, no hay manera de poder acceder a los libros que se desean. La web anterior era sencilla y de fácil manejo para cualquier usuario. La actual no hay por donde cogerla. Espero que se mejore y que podamos acceder con facilidad a las consultas y solicitudes de libros de las bibliotecas. / Totalmente de acuerdo. Una decisión que, desde el punto de vista del usuario, no se entiende. El anterior programa era mucho más práctico, visual e intuitivo. En una sola página, se podían ver todos los libros en préstamo y los solicitados, junto a las fechas de devolución. Ahora, además de haber muchos más pasos intermedios, no hay forma de hacerse una idea global. Lo que antes tenías en un minuto, ahora no hay forma de verlo ni en 10. Desde mi punto de vista, una muy mala inversión. Antes de realizar estos cambios, quizá habría que consultarlos con los propios bibliotecarios. Por favor, mejoren el programa. / Totalmente de acuerdo. La nueva aplicación de acceso al catálogo de libros es una locura y un desastre. Aparte de haber muchas cuestiones que nada tienen que ver con el préstamo de libros, es liosa y poco clara. Está bien que se facilite al ciudadano acceso a temas culturales complementarios, pero de verdad que se podia hacer con pestañas y no a través de ""botones"" que se ven en la pantalla y que complican su visualización. La versión móvil es aún más complicada que"
2026-09-27T14:15:00,Reciclaje de residuos,Olor insoportable contenedor organico,aviso,0.71,1.0,historia,0.0,0.67,0.11,0.01,0.21,True,4,https://www.vitoria-gasteiz.org/wb021/was/comentarioAction.do?idioma=es&accion=verComentarios&claveAsuntoCom=383886&claveAsuntoGestorCom=818266&claveAreaCom=,"En la calle Diputación 3 el contenedor (o los contenedores) apestan. Por favor, cambiadlos. Gracias. / Seguimos con el olor insoportable a la altura de los contenedores. Nadie se ha pasado por la zona. / Es un olor como a vómito muy fuerte. / En la calle Nueva fuera los contenedores desprenden un olor INSOPORTABLE pero no son los únicos, hay que limpiar y desinfectar Sra Maider Etxebarria / Seguimos con el olor INSOPORTABLE, para esto estamos pagando impuestos . Es vergonzoso, cuanto más vamos a tener que esperar? . La cantidad gente que ha pasado por nuestra calle NUEVA FUERA , con motivo del mercado medieval , se va a llevar una imagen lamentable…. / Lleva días , expulsando este líquido mal oliente."
2026-09-28T10:56:17.000177,Limpieza pública,Falta de limpieza en C/ Sta Isabel 1 y resto de a calle,queja,0.6,1.0,historia,0.0,0.57,0.17,0.0,0.26,False,2,https://www.vitoria-gasteiz.org/wb021/was/comentarioAction.do?idioma=es&accion=verComentarios&claveAsuntoCom=384033&claveAsuntoGestorCom=818442&claveAreaCom=,"Quería poner en conocimiento del Ayuntamiento que la calle Santa Isabel, concretamente a la altura del número 1, continúa presentando un importante problema de suciedad. Son muchos los días en los que la calle permanece sucia y, además, se generan malos olores y otras molestias derivadas de la falta de una limpieza adecuada…! También queremos señalar que prácticamente nunca vemos pasar por esta zona el camión de limpieza que riega con agua, por lo que da la sensación de que esta calle no está recibiendo la frecuencia de limpieza que necesita…!! Les agradeceríamos que revisaran esta situación y que se adoptaran las medidas necesarias para mejorar la limpieza y el mantenimiento de la calle, especialmente en cuanto a la suciedad, los malos olores y suciedad alrededor de los contenedores y la falta de riego con el camión de agua que observó que pasa por muchas calles , sin embargo, por la C/ Sta Isabel, es inexistente…!! Esperamos que puedan atender esta reclamación y solucionar el problema, ya que es una situación que se viene repitiendo con bastante frecuencia ..!! Gracias ..!!"
2026-09-27T15:20:00,Mobiliario urbano,Farola Con Electricidad Defectuosa,aviso,0.72,1.0,historia,0.0,0.43,0.42,0.0,0.15,False,1,https://www.vitoria-gasteiz.org/wb021/was/comentarioAction.do?idioma=es&accion=verComentarios&claveAsuntoCom=384037&claveAsuntoGestorCom=818446&claveAreaCom=,"En la calle José Domingo Olarte, N°14/18 (en frente del bar Vafer), hay una farola con la electricidad defectuosa, que se apaga y enciende constantemente. Habría que revisar la electricidad de la misma."
2026-09-28T14:48:39.063485,TUVISA. Autobuses urbanos,Autobuses,pregunta,0.96,1.0,persiste,0.0,0.05,0.94,0.0,0.01,False,2,https://www.vitoria-gasteiz.org/wb021/was/comentarioAction.do?idioma=es&accion=verComentarios&claveAsuntoCom=384038&claveAsuntoGestorCom=818447&claveAreaCom=,"Queremos fomentar el uso de transporte público pero la última hora es a las 22:30h. Todas las personas que salen de txagorritxu de tardes que está en la periferia no pueden volver a casa en transporte público porque acaba demasiado pronto. Se debería alargar a las 23h. Gracias. Además aprovecho para decir que la frecuencia del finde es insuficiente y tampoco hay alternativas como taxis. / Y a las 22:30 será el tranvía pero el bei por ejemplo la ultima salida es a las 22:08 (no todos los barrios tienen como volver en tranvia, aunque tampoco en autobus si además necesitas hacer transbordo) Los autobuses no estan pensados para la gente que trabaja de tarde, y si, la verdad que no todo el mundo trabaja de mañana o de partido. Trabajadores de txagorritxu, acompañantes de personas ingresadas en el hospital, trabajadores alrededor del Boulevard, estación de buses, Mendizorrotza... Todos nos quedamos vendidos."
2026-09-28T07:21:06.741977,Desperfectos en vía pública,Asfalto en Mal estado,pregunta,0.41,1.0,historia,0.0,0.85,0.01,0.0,0.14,False,2,https://www.vitoria-gasteiz.org/wb021/was/comentarioAction.do?idioma=es&accion=verComentarios&claveAsuntoCom=384040&claveAsuntoGestorCom=818449&claveAreaCom=,"En la calle Antonio Machado, la carretera está en mal estado, las raíces de los árboles levantan la carretera, hay zonas mal asaltadas, y en las zonas de los badenes hay agujeros después del badén."
2026-09-28T13:21:06.741977,Actividad deportiva,Carreritas,aviso,0.55,1.0,historia,0.0,0.98,0.0,0.0,0.02,False,2,https://www.vitoria-gasteiz.org/wb021/was/comentarioAction.do?idioma=es&accion=verComentarios&claveAsuntoCom=384039&claveAsuntoGestorCom=818448&claveAreaCom=,"Estamos cansadas de que el centro de Vitoria esté siempre cerrado por las carreras semanales, que cuando no es la maratón, es la media, ironman, la 10k. Dificulta el acceso por el centro, el transporte público… y hay muchos ciudadanos que trabajamos en el centro y tenemos que acceder. Si queremos salir a correr creo que hay hectáreas de sobra en la Álava vacía para que no molesten a nadie."
2026-09-27T15:55:00,TUVISA. Autobuses urbanos,Carriles tuvisa,queja,0.46,1.0,historia,0.0,0.66,0.08,0.03,0.23,False,2,https://www.vitoria-gasteiz.org/wb021/was/comentarioAction.do?idioma=es&accion=verComentarios&claveAsuntoCom=384036&claveAsuntoGestorCom=818445&claveAreaCom=,"Los carriles tuvIsa deberían estar señalañizados con otra indicación . La gente de fuera no sabe reconocer el nombre tuvIsa como carril de autobús y da lugar a confusión. Mucha gente accede por ahí. / No es un carril bus,es un carril exclusivo de TUVISA. Si fuese carril bus,pondria carril bus.Pero como no es para autobuses,pues pone TUVISA. Si se confunden y se meten,da igual que ponga carril bus. Y por cierto,a las empresas de autobuses hay que aclaraselo,sobre todo en la zona txagorritxu,pues son los que mas se ""confunden""."
2026-09-28T07:21:06.741977,Mobiliario urbano,Parque Pirata Lakua,agradecimiento,0.94,1.0,historia,0.0,0.95,0.0,0.02,0.03,False,2,https://www.vitoria-gasteiz.org/wb021/was/comentarioAction.do?idioma=es&accion=verComentarios&claveAsuntoCom=384041&claveAsuntoGestorCom=818450&claveAreaCom=,"Kaixo,he ido al parque pirata de Lakua y veo necesario una remodelación de la madera,algunas cuerdas rotas con los alambres fuera, puente colgante roto... Es un parque muy muy bonito,un espacio increíble para los/as niños/as. Con muy poco puede volver a estar bien y no dejar que se estropee más y luego cueste más dinero arreglarlo. Además de que algunos desperfectos son un peligro para las criaturas. Eskerrik asko"
2026-09-27T16:39:00,TUVISA. Autobuses urbanos,Es normal que la chofer del bus,agradecimiento,0.89,0.97,persiste,0.03,0.26,0.68,0.0,0.03,False,2,https://www.vitoria-gasteiz.org/wb021/was/comentarioAction.do?idioma=es&accion=verComentarios&claveAsuntoCom=384020&claveAsuntoGestorCom=818429&claveAreaCom=,"Buenas noches! Es normal que la chofer del autobús urbano que ej sábado con destino Armentia Zabalgana 2345h cogido en catedral permita entrar tanta gente que colapse puertas de entrada y bloquee paso de salida y recoge pasajeros a través de las puertas de salida que obviamente no han podido pagar y vuelva a recoger pasajeros en sucesivas paradas sin entrar más gente . Sin aire acondicionado ni entrada de aire? Por cierto dudando y no haciendo caso a los pasajeros cuando le indicamos que no cabe nadie más?? / Se nota que no hiciste uso de el los primeros días de fiestas de vitoria, sobre todo, los días 4 y 5 de agosto a la noche donde íbamos como sardinas en lata siendo largos todos ellos, pero sin capacidad para todo el mundo y a 15 minutos de frecuencia. Siempre salían tarde desde catedral aun superando el aforo permitido. De ahí que este año haya superado el numero de viajeros a los del tranvía."
2026-09-28T11:21:06.741977,Limpieza pública,Carteles en Calle chiquita 16,agradecimiento,0.67,1.0,historia,0.0,0.85,0.08,0.01,0.06,False,2,https://www.vitoria-gasteiz.org/wb021/was/comentarioAction.do?idioma=es&accion=verComentarios&claveAsuntoCom=384042&claveAsuntoGestorCom=818451&claveAreaCom=,"Llevamos todo un fin de semana en pleno mercado medieval y en la fachada de chiquita 26 en vez de quitar carteles, han aumentado!!!! Que bien. Hay espacios para poner publicidad política y social, pero no en fachadas privadas. Las fachadas públicas bien que las mantienen. Por favor, la seguridad ciudadana para que sirve??? Retiren la carteleria de la fachada Calle Chiquita 16. Gracias"
2026-09-27T17:46:00,Otros medio ambiente,Fachada chiquita 16,aviso,0.45,1.0,historia,0.0,0.86,0.01,0.0,0.13,False,1,https://www.vitoria-gasteiz.org/wb021/was/comentarioAction.do?idioma=es&accion=verComentarios&claveAsuntoCom=384044&claveAsuntoGestorCom=818452&claveAreaCom=,"En la fachada chiquita 16, pegan carteles y pintan continuamente. Propongo que en este espacio privado se pinte un mural que haga que la ciudad se identifique en la zona que es(portalón, plaza burulleria, casa vieja, etc..). Ejemplo de mural, un mural con el escudo del deportivo alavés y baskonia, un mural identificativa de la zona de la cuidad, etc.."
2026-09-27T18:14:00,Zonas verdes,Suciedad en la zona verde del Paseo de Eskibel con Derechos Humanos,agradecimiento,0.63,1.0,persiste,0.0,0.21,0.51,0.0,0.28,False,1,https://www.vitoria-gasteiz.org/wb021/was/comentarioAction.do?idioma=es&accion=verComentarios&claveAsuntoCom=384045&claveAsuntoGestorCom=818453&claveAreaCom=,"Quiero comunicar el lamentable estado en el que se encuentra la zona ajardinada del Paseo de Eskibel, en el cruce con Derechos Humanos, junto a la zona de la parada del autobús y en dirección al río Perretxin. Toda la zona verde está llena de basura: envases de bebidas, plásticos, envoltorios y otros residuos tirados y esparcidos por el césped y entre la vegetación. El aspecto es realmente penoso y transmite una sensación tremenda de abandono y suciedad. No sé si la limpieza de este espacio corresponde al servicio de limpieza viaria o al de parques y jardines, pero lo que está claro es que alguien debería hacerse cargo. No es normal que una zona verde de la ciudad pueda llegar a presentar este estado sin que aparentemente nadie lo detecte ni actúe. Agradecería que se revise la zona y se proceda a su limpieza cuanto antes. Vitoria-Gasteiz presume habitualmente de ciudad verde, pero mantener las zonas verdes llenas de latas, envases y plásticos no encaja demasiado con esa imagen."
2026-09-27T18:14:00,Otros vía pública,Peligro por piedras situadas sobre un toldo en zona de juegos infantiles,pregunta,0.81,1.0,historia,0.0,0.92,0.0,0.0,0.07,False,1,https://www.vitoria-gasteiz.org/wb021/was/comentarioAction.do?idioma=es&accion=verComentarios&claveAsuntoCom=384046&claveAsuntoGestorCom=818454&claveAreaCom=,"Quiero informar de una situación que considero peligrosa en esta zona del parque de arena recien construido detrás de toki eder. Hay varias piedras situadas encima de un toldo, con riesgo de que puedan caer al suelo. Justo debajo y alrededor de esta zona juegan habitualmente niños y niñas, por lo que existe un riesgo de accidente si alguna de las piedras se desprende y cae. Adjunto una fotografía para que puedan comprobar la situación. Solicito que, por favor, se revise la zona y se retiren las piedras o se adopten las medidas necesarias para evitar que puedan caer y causar daños a los menores que utilizan el parque. Agradecería que se atendiera con cierta urgencia debido al riesgo que supone para los niños y niñas. Muchas gracias."
2026-09-28T07:21:06.741977,Desperfectos en vía pública,Hoy ya Vamos TRES...,queja,0.53,1.0,historia,0.0,0.85,0.11,0.0,0.05,False,2,https://www.vitoria-gasteiz.org/wb021/was/comentarioAction.do?idioma=es&accion=verComentarios&claveAsuntoCom=384047&claveAsuntoGestorCom=818455&claveAreaCom=,"Vuelvo del PAC debido a TROPIEZO BALDOSA/PERFIL LEVANTADOS,como RESULTADO LUXACIÓN en DEDO PIE,MUY DOLOROSO y TIEMPO estimado de CURACIÓN + de 1 MES.He MIRADO q TODAS LAS BALDOSAS de AVD. de la ILUSTRACIÓN del TRAMO donde he TROPEZADO, están LEVANTADAS, siendo el CAMINO d la C/Avd donde se UBICA el C.SALUD del BARRIO(Aún JOVEN )d ZABALGANA.Además la ENFERMERA q me ha CURADO,me ha INFORMADO q en el DÍA d HOY...(Aún queda la TARDE) he sido la TERCERA PERSONA ATENDIDA por la MISMA CAUSA... HABRÍA q hacer algo RÁPIDO al RESPECTO...Y no ESPERAR a q se ACERQUEN LAS ELECCIONES(q ...OHHH. CASUALIDAD!!!A Este AYUNTAMIENTO le entran las PRISAS !!! UNA CIUDANA DOLORIDA y ENFADADA...Q NO OS VOTARÁ."
2026-09-27T19:29:00,Obras en edificios,Obras vecino,pregunta,0.98,0.97,historia,0.03,0.93,0.04,0.0,0.0,True,6,https://www.vitoria-gasteiz.org/wb021/was/comentarioAction.do?idioma=es&accion=verComentarios&claveAsuntoCom=368954&claveAsuntoGestorCom=798510&claveAreaCom=,"Cómo puedo saber si mi vecino tiene licencia de obras? / Llamando a su puerta y preguntándoselo. / Mi vecino no ha puesto la notificación de concesión de licencia de obras. Sólo ha puesto una nota en el portal. Cómo puedo comprobar si realmente tiene la licencia concedida? Dónde tengo que aportar los datos necesarios para comprobarlo? / Tengo dudas sobre la respuesta que da el Ayto....hace bien poco consulté una duda parecida por un apresurado vecino ( en todos los portales hay uno) y la respuesta fué bien clara, NO es obligatorio poner la licencia en el portal. / Hola, pues escribe un mensaje privado en el buzón y les pones la dirección de esa persona. Las licencias de obra deben ser públicas y por eso te pueden decir si ha pedido y está concedida o no. No obstante, se dan licencias y hay que ver qué dicen que van a hacer de obra y qué hacen finalmente. Lo digo porque si poner en un edificio donde todas las persianas externas son marrones, persianas blancas y esa persona parece que ha pedido licencia de obra pues.... / Es obligatorio pedir licencia de obra, pero no ponerla en el portal. / Que se aclare el Ayto pq a unos les dice una cosa y a otros otra diferente. / En la calle Bueno Monreal 2 y 4 llevan AÑOS renovando pisos, trabajando únicamente los fines de semana a partir del sábado a las 14 horas. Raro el horario. Casa por casa,durante meses. Con maquinaria. Han tirado paredes, cambiado ventanas...a no ser que los permisos de obrar duren 2 años consecutivos, me da que ha"
2026-09-28T07:21:06.741977,Zonas verdes,Alcorques sin árboles,aviso,0.52,1.0,mucha_gente,0.0,0.38,0.0,0.0,0.62,False,2,https://www.vitoria-gasteiz.org/wb021/was/comentarioAction.do?idioma=es&accion=verComentarios&claveAsuntoCom=384049&claveAsuntoGestorCom=818457&claveAreaCom=,En la plaza de la calle Nicaragua hay varios alcorques que llevan sin árboles bastante tiempo. Se debería de plantar árboles nuevos.
2026-09-27T19:46:00,Alumbrado público,Alumbrado Dolores Ibarruri-Arkaiabidea,aviso,0.5,1.0,mucha_gente,0.0,0.49,0.02,0.0,0.49,False,1,https://www.vitoria-gasteiz.org/wb021/was/comentarioAction.do?idioma=es&accion=verComentarios&claveAsuntoCom=384051&claveAsuntoGestorCom=818459&claveAreaCom=,Buenas tardes. Varias farolas fundidas/ apagadas en los jardines entre Arkaibidea y Dolores Ibarruri. Ya se ha reclamado en varias entradas de este foro. Gracias / Otra mas
2026-09-27T20:00:00,Instalaciones socioculturales,No es normal,aviso,0.73,1.0,persiste,0.0,0.41,0.54,0.0,0.05,False,1,https://www.vitoria-gasteiz.org/wb021/was/comentarioAction.do?idioma=es&accion=verComentarios&claveAsuntoCom=384052&claveAsuntoGestorCom=818460&claveAreaCom=,No es normal que se pida un libro a otra biblioteca y tarde casi un mes en llegar. Ni que viniese de otro país.
2026-09-27T20:09:00,Vertidos incontrolados,Presencia de residuos y suciedad en el cauce del río Perretxin,pregunta,0.54,1.0,historia,0.0,0.93,0.0,0.0,0.07,False,1,https://www.vitoria-gasteiz.org/wb021/was/comentarioAction.do?idioma=es&accion=verComentarios&claveAsuntoCom=384053&claveAsuntoGestorCom=818461&claveAreaCom=,"Comunico el mal estado de conservación y la presencia de diversos residuos en el cauce del río Perretxin. La zona afectada se localiza en el Paseo de Eskibel, concretamente en el tramo que transcurre junto a la parte trasera del supermercado E. Leclerc. Se pueden observar, entre otros restos, los siguientes objetos: Un paragolpes de vehículo motorizado. Varios recipientes de plástico tipo cápsulas. Acumulación de suciedad diversa que deteriora el entorno natura Solicito al Ayuntamiento que realice las gestiones necesarias para la limpieza del cauce y la retirada de estos residuos."
2026-09-27T20:48:00,Información ambiental,Molestias peleas y ruidos excesivos de música,pregunta,0.8,1.0,historia,0.0,0.56,0.44,0.0,0.0,False,2,https://www.vitoria-gasteiz.org/wb021/was/comentarioAction.do?idioma=es&accion=verComentarios&claveAsuntoCom=384048&claveAsuntoGestorCom=818456&claveAreaCom=,Quiero pedir porfavor al ayuntamiento que hable con la policía y solucionen este problema todos los días se juntan los [Eliminado] a beber y a pelearse en la cancha Arana además han cogido toda la cancha para ellos y los niños ya no pueden jugar allí dejan restos de basura ya sea latas de cervezas y de todo venden en la vía pública comidas y bebidas cosa que no se puede hacer! También apuestas de dinero investiguen y a ver si se comportan ya y respeten nuestra ciudad esto no es su país para que puedan hacer lo que quieran! / Totalmente de acuerdo
2026-09-28T08:48:39.063485,TUVISA. Autobuses urbanos,Linea 11,agradecimiento,0.74,1.0,historia,0.0,0.58,0.19,0.0,0.23,False,5,https://www.vitoria-gasteiz.org/wb021/was/comentarioAction.do?idioma=es&accion=verComentarios&claveAsuntoCom=382389&claveAsuntoGestorCom=816170&claveAreaCom=,"Cuando vais a aumentar la frecuencia de la linea 11? Veis normal cada media hora? Ahora usamos muchas personas esta linea con la llegada de colegios y no podemos utilizarla o una de dos o estamos esperando media hora en la puerta del colegio o llegamos tarde... Queréis que usemos el transporte público pero con los horarios que ponéis nos es imposible!! Se supone que es porque está de pruebas llevamos desde julio en pruebas y según los datos que publicasteis iba muy bien esta linea... Cuanto más de pruebas? Un año? Os estáis riendo de nosotros? / Estoy totalmente de acuerdo en que no es normal que esta nueva linea, estando en pruebas, pase cada 30 minutos, ya que de esta manera no tendreis datos reales de uso. Muchas familias, como es mi caso, tendria que usar esta linea casi a diario y ahora mismo es inviable, ya que por horarios, no da para su uso. Si quereis saber realmente si el uso de la linea 11, va a ser viable, deberiais hacer las pruebas con una espera de 10min, para por lo menos ver que familias lo van a usar. Gracias / La línea 11, solo la he podido utilizar una vez, y antes haber cogido otro autobús, llegar a la parada y tener que esperar casi 30 minutos, no me ayuda en nada. Espero que cambien el horario y que sea como todos los demás..10 minutos o 15 como máximo. / Soy usuaria de la línea de autobús número 11, porque las conexiones me vienen súper bien. Pero para llevar a mí hijo al cole no puedo usar esta línea porque llegaríamos tarde al cole o muy temprano. Es"
2026-09-28T07:21:06.741977,Mobiliario urbano,Papelera en parque Borinbizkarra,agradecimiento,0.84,1.0,historia,0.0,0.92,0.08,0.0,0.0,False,2,https://www.vitoria-gasteiz.org/wb021/was/comentarioAction.do?idioma=es&accion=verComentarios&claveAsuntoCom=384054&claveAsuntoGestorCom=818462&claveAreaCom=,"Si fuera posible me gustaría que en la parque de Borinbizkarra se ponga alguna papelera más en la zona de las mesas, cerca de las tirolinas. Actualmente hay solo una ahí abajo, y siempre está llena, incluso con basura por el suelo alrededor de la papelera, lo que me parece peligroso para los niños. Creo que se podría solucionar colocando una o dos papeleras más. Muchas gracias"
2026-09-27T22:19:00,TUVISA. Autobuses urbanos,Mala actitud conductora L6,agradecimiento,0.61,1.0,historia,0.0,0.51,0.45,0.0,0.05,True,5,https://www.vitoria-gasteiz.org/wb021/was/comentarioAction.do?idioma=es&accion=verComentarios&claveAsuntoCom=382114&claveAsuntoGestorCom=815790&claveAreaCom=,"Escribo en relacion a la actitud de la conductora de la L6 el pasado domingo 06 de septiembre en el trayecto Catedral - Zabalgana entre las 18h15 y las 18h30 con el autobus [Eliminado] Observe un trato nada amable, soberbio y poco profesional al viajero. Contesto de forma inquisitorial a un niño de 4 años por pedirla el ticket necesario. Salio gritando a unos adolescentes que tampoco hacian nada, reprochandoles tocar la puerta sin que hubiesen hecho nada. Creo que se la olvida que su trabajo no es solo conducir, si no tambien adoptar profesionalidad en el trato al viajero. / Yo estaba en ese autobús y en ningún momento le trató mal al niño de 4 años como tú dices, solamente le preguntó cuantos años tenía y lo de los adolescentes tocaron el timbre para saludar a uno que estaba en una parada haciendo perder el tiempo al resto de pasajeros, creo que tú eres el padre de ese niño que fue el que respondió mal a la conductora. / PL, no se quien seras (la conductura o alguien de su entorno, porque nadie mas iba en ese autobus que pudiera escuchar la conversacion). 1. Si, la conductora hablo mal al niño. Incluso cuando el txiki contesto que tenia 4 ella siguio ""pues que sepas que cuando tenga 5 tienes que sacar la tarjeta"". En ningun momento la hable mal, solo la dije que si la pedia un ticket era porque tenia 4. 2. Con los adolescentes paro el autobus, salio de su puesto y se puso a gritarles. No me parecio que hiciesen nada. No obstante, esas no son formas de dirigirse a nadie. 3. N"
2026-09-27T23:02:33.953362,Obras en vía pública,Pasarela Los ASTRONOMOS,queja,0.54,1.0,historia,0.0,0.92,0.01,0.0,0.07,False,1,https://www.vitoria-gasteiz.org/wb021/was/comentarioAction.do?idioma=es&accion=verComentarios&claveAsuntoCom=384057&claveAsuntoGestorCom=818465&claveAreaCom=,Según la acta de la mesa contratación del Ayuntamiento Vitoria Gasteiz del 24 de MARZO 2026 La mesa contratación proponer la adjudicación a una empresa ............... la redacción del proyecto y direción facultativa de la obra para la nueva pasarela de los Astrónomos Se establece un plazo de 5 meses para la redacción del proyecto constructivo de obligado cumplimiento ¿Cuandó se va a licitar la obra? ¿ Tienen solicitado el permiso de ADIF ? ¿Se ha realizado algún estudio sobre el estado actual de la pasarela?
2026-09-28T06:21:06.741977,Actividad deportiva,Sorteos actividades,queja,0.79,1.0,mucha_gente,0.0,0.2,0.16,0.0,0.64,False,1,https://www.vitoria-gasteiz.org/wb021/was/comentarioAction.do?idioma=es&accion=verComentarios&claveAsuntoCom=384066&claveAsuntoGestorCom=818474&claveAreaCom=,"Hola Ayuntamiento, Estos días estoy leyendo como el ayuntamiento está orgulloso del cambio que ha hecho este año con los sorteos. Yo quiero expresar mi queja por lo siguiente: Pusimos una misma actividad como elección 1 y 2. En el primer sorteo no nos tocó la 1 pero si la 2 (que nos venía bastante peor pero hicimos el esfuerzo). Cuál es nuestra sorpresa que ahora vemos que han quedado plazas libres en nuestra elección 1. ¿Porque no nos toca la elección 1 si luego hay plazas libres? ¿No es posible cambiar el pago realizado en la elección 2 por la elección 1? ¿No podríais dar la opción? Menos hinchar pechos cara a la galería y más enteraros de la opinión de las personas"
2026-09-28T06:21:06.741977,Actividad deportiva,Sorteo,agradecimiento,0.59,0.76,historia,0.24,0.6,0.08,0.0,0.09,False,2,https://www.vitoria-gasteiz.org/wb021/was/comentarioAction.do?idioma=es&accion=verComentarios&claveAsuntoCom=384065&claveAsuntoGestorCom=818473&claveAreaCom=,"No entiendo que se busquen nuevas formas de sorteo cuando la que estaba de hace años era justa y mucho más clara. Este sistema no creo q haya sido nada equitativa, gente a la q le han tocado varias plazas y a muchas nada Y ya lo del sistema, que se te atasca......vamos misión imposible. No sé qué cabezas pensantes.... / ¿Lo lógico no sería que a quien le haya tocado una plaza en el primer sorteo no opte al segundo sorteo y así con el tercero? En la lotería se sacan los números ya premiados. Y una vez realizados los tres sorteos a quien no le haya tocado nada¿disponer de un plazo para ""competir"" por orden de llegada solamente con los que no tienen ninguna plaza? Un plazo aunque sea de un día y finalmente abrir las plazas libres que queden para todos. Se da la paradoja de que hay gente (conocidos mios) con dos plazas públicas y otras con ninguna"
2026-09-28T06:21:06.741977,Actividad deportiva,Mal sorteo de actividades,agradecimiento,0.69,1.0,historia,0.0,0.63,0.25,0.0,0.12,False,1,https://www.vitoria-gasteiz.org/wb021/was/comentarioAction.do?idioma=es&accion=verComentarios&claveAsuntoCom=384062&claveAsuntoGestorCom=818470&claveAreaCom=,"Si ya te ha tocado una plaza, inmediatamente fuera del sorteo y rondas. Es la única forma de que realmente las personas se apunten y tengan posibilidad de entrar en la actividad que desean. Exactamente el mismo criterio que en los sorteos de actividades de verano para los niños y niñas. Creo que se evitaría que haya personas apuntadas a actividades que luego no van o van poco y no se dan de baja."
2026-09-28T06:21:06.741977,Actividad deportiva,Sorteo de actividades,agradecimiento,0.52,1.0,historia,0.0,0.86,0.0,0.0,0.14,False,1,https://www.vitoria-gasteiz.org/wb021/was/comentarioAction.do?idioma=es&accion=verComentarios&claveAsuntoCom=384061&claveAsuntoGestorCom=818469&claveAreaCom=,Donde esta la diferencia entre los sorteos de antes y el de ahora? Sigue habiendo gente con 4 actividades y otros con ninguna. Espero q las plazas q se ocupen y la gente no acuda de continuo salgan a plazas libres para q las podamos disfrutar otros.
2026-09-28T06:21:06.741977,Actividad deportiva,Sorteo actividades a peor,aviso,0.44,1.0,persiste,0.0,0.05,0.95,0.0,0.0,False,1,https://www.vitoria-gasteiz.org/wb021/was/comentarioAction.do?idioma=es&accion=verComentarios&claveAsuntoCom=384060&claveAsuntoGestorCom=818468&claveAreaCom=,"No sé el por qué se ha cambiado el sistema del sorteo de actividades, llevando años usando el mismo. Todo un fracaso, se decía que así las plazas llegarían a más gente y no es así, hay gente que le ha tocado 3 actividades y a otros ninguna. Al que le toca una, hay que sacarle del sorteo y si quiere más, ir a las que sobren. También he podido comprobar como los empleados del ayuntamiento apuntan a sus familiares a las actividades, con lo que tienen enchufe, acceden antes a las plazas y no entran en el sorteo con lo que siempre obtienen plaza fija todos los años, y menos plazas para el resto que no tenemos enchufe. No hay derecho!, que entren al sorteo como el resto en igualdad de condiciones.Y otro tema que habría que revisar es la asistencia, hay gente que no va en todo el trimestre, y está bloqueando esa plaza, ya desde el primer mes habría que poner un mínimo de asistencia, para liberar la plaza antes y no en el siguiente trimestre."
2026-09-28T06:21:06.741977,Instalaciones deportivas,Rocodromo barrio de Ibaiondo,agradecimiento,0.81,1.0,mucha_gente,0.0,0.44,0.03,0.0,0.52,False,1,https://www.vitoria-gasteiz.org/wb021/was/comentarioAction.do?idioma=es&accion=verComentarios&claveAsuntoCom=384064&claveAsuntoGestorCom=818472&claveAreaCom=,"Buenas, Quería saber si se tiene valorado la creación de un espacio cerrado (rocódromo) para realizar escalada en el barrio de Ibaiondo. En todas las zonas de vitoria (Sur, Este y Oeste) disponen de uno y este barrio es el único que no. Estaría genial que se valorase esta idea, quizás añadir una zona adaptada en el C.C. o valorar alguna de las parcelas actualmente en desuso, ya que es un deporte que mucha gente práctica y suele gustar, así se fomentaría la actividad y la salud. Muchas gracias."
2026-09-28T06:21:06.741977,Instalaciones deportivas,PORTERÍA F8 SANSOMENDI,aviso,0.95,1.0,mucha_gente,0.0,0.43,0.0,0.0,0.56,False,1,https://www.vitoria-gasteiz.org/wb021/was/comentarioAction.do?idioma=es&accion=verComentarios&claveAsuntoCom=384063&claveAsuntoGestorCom=818471&claveAreaCom=,"Llevo varios días yendo con mi hija a jugar al campo de rugby de Sansomendi y una de las porterías está rota, ahora la han candado entiendo que para que no se caiga encima de ningún chaval. ¿Cuándo se va a arreglar?"
2026-09-28T06:56:17.000177,TUVISA. Autobuses urbanos,Mal conductor,pregunta,0.92,1.0,historia,0.0,0.88,0.02,0.0,0.09,False,1,https://www.vitoria-gasteiz.org/wb021/was/comentarioAction.do?idioma=es&accion=verComentarios&claveAsuntoCom=384071&claveAsuntoGestorCom=818481&claveAreaCom=,"Quiero denunciar al conductor de la linea 9, que subía está mañana sobre las 8.00 por aretxabaleta. Subía a gran velocidad, por la mitad de los 2 carriles. Me he tenido que subir a la acera con la moto para que no me atropellé. Es un mal conductor, irrespetuoso y mal educado. No ha frenado y ni se ha molestado en apartase."
2026-09-28T06:56:17.000177,Obras en vía pública,Puente las neveras,queja,0.79,1.0,historia,0.0,0.5,0.15,0.0,0.35,False,3,https://www.vitoria-gasteiz.org/wb021/was/comentarioAction.do?idioma=es&accion=verComentarios&claveAsuntoCom=384072&claveAsuntoGestorCom=818482&claveAreaCom=,"Nuevo curso escolar y seguimos sin tener disponible el puente que cruza las vías entre las neveras y astrónomos. Cientos de alumnos y familias que tenemos que dar muchísima vuelta para poder llegar al colegio/instituto. ¿Hasta cuando? / Es urgente abrir esta pasarela. Cerca de 500 alumnos acuden al instituto y otros tantos a los colegios del barrio, muchos de ellos andando o en bicicleta. Al estar cerrada, se ven obligados a dar un rodeo y pasar por debajo del puente, entre todo el tráfico y por un carril bici integrado en la calzada, lo que supone un peligro diario. La pasarela está justo frente al instituto y ofrece un acceso mucho más seguro. ¿A qué estamos esperando? Pedimos al Ayuntamiento que la abra lo antes posible. La seguridad de nuestros hijos e hijas debe ser una prioridad. / Desde el instituto salburua los miembros del ampa estamos esperando muy pacientemente el arreglo de la pasarela de las neveras, creo que ya va siendo hora de tomar decisiones"
2026-09-28T06:56:17.000177,Alumbrado público,"POLIGONO JUNDIZ, C/ UZBINA",aviso,0.95,0.99,historia,0.01,0.6,0.0,0.0,0.39,False,1,https://www.vitoria-gasteiz.org/wb021/was/comentarioAction.do?idioma=es&accion=verComentarios&claveAsuntoCom=384070&claveAsuntoGestorCom=818480&claveAreaCom=,Llevamos 1 mes sin luz en las farolas. Se ha notificado por llamada anteriormente. Ir a trabajar da miedo. Hoy hemos tenido un susto.
2026-09-28T07:21:06.741977,Moverse en bicicleta,Faltan aparcabicis,aviso,0.5,1.0,persiste,0.0,0.45,0.54,0.0,0.01,False,1,https://www.vitoria-gasteiz.org/wb021/was/comentarioAction.do?idioma=es&accion=verComentarios&claveAsuntoCom=384076&claveAsuntoGestorCom=818486&claveAreaCom=,En Astrónomos 16 hay aparcabicis pero con el buen uso de las mismas se han quedado escasos Sería de agradecer que ampliasen los mismos para seguir animando a los ciclistas para seguir haciendo uso de bicicletas. Gracias
2026-09-28T07:21:06.741977,Obras en vía pública,Peligro por piedras situadas sobre un toldo en zona de juegos infantiles,aviso,0.63,1.0,historia,0.0,0.91,0.0,0.0,0.09,False,1,https://www.vitoria-gasteiz.org/wb021/was/comentarioAction.do?idioma=es&accion=verComentarios&claveAsuntoCom=384081&claveAsuntoGestorCom=818491&claveAreaCom=,"Quiero informar de una situación que considero peligrosa en esta zona del parque de arena recien construido detrás de toki eder. Hay varias piedras situadas encima de un toldo, con riesgo de que puedan caer al suelo. Justo debajo y alrededor de esta zona juegan habitualmente niños y niñas, por lo que existe un riesgo de accidente si alguna de las piedras se desprende y cae. Adjunto una fotografía para que puedan comprobar la situación. Solicito que, por favor, se revise la zona y se retiren las piedras o se adopten las medidas necesarias para evitar que puedan caer y causar daños a los menores que utilizan el parque. Agradecería que se atendiera con cierta urgencia debido al riesgo que supone para los niños y niñas. Muchas gracias."
2026-09-28T07:21:06.741977,Obras en vía pública,Deterioro caminos anillo verde,aviso,0.65,1.0,persiste,0.0,0.16,0.82,0.0,0.02,False,1,https://www.vitoria-gasteiz.org/wb021/was/comentarioAction.do?idioma=es&accion=verComentarios&claveAsuntoCom=384073&claveAsuntoGestorCom=818483&claveAreaCom=,"Buenas Aprovechando que están las obras de los huertos urbanos de Salburua, sería bueno que se arreglaran los caminos que había del anillo verde para el acceso al mismo Uno de los caminos al que me refiero es el que hay junto al supermercado Aldi Las lluvias y el tiempo se han llevado la tierra y han dejado unos grandes agujeros Esto mismo pasó en los caminos que están encuesta entre la calle Budapest con la calle Tallín Estaría muy bien hacer la misma intervención y no esperar a terminar las obras que hay ahora mismo con calles, cortadas y maquinaria y luego tener que volver a parar las calles y volver a meter maquinaria Un saludo"
2026-09-28T07:21:06.741977,Mobiliario urbano,Deterioro parque infantil esquina de Loreto Arriola con José Domingo Olarte,aviso,0.88,1.0,historia,0.0,0.83,0.05,0.0,0.12,False,2,https://www.vitoria-gasteiz.org/wb021/was/comentarioAction.do?idioma=es&accion=verComentarios&claveAsuntoCom=384074&claveAsuntoGestorCom=818484&claveAreaCom=,"El suelo de caucho de este parque infantil está lleno de grietas tan anchas y profundas que provocan caídas constantes en los niños, al tropezar con ellas.Hay una queja general de los padres que vamos habitualmente a este parque."
2026-09-28T07:21:06.741977,Reciclaje de residuos,Aperturas orgánico,aviso,0.98,1.0,historia,0.0,0.67,0.01,0.02,0.31,False,1,https://www.vitoria-gasteiz.org/wb021/was/comentarioAction.do?idioma=es&accion=verComentarios&claveAsuntoCom=384086&claveAsuntoGestorCom=818496&claveAreaCom=,Buenos días. A la hora de calcular la tasa de basuras y las bonificaciones por apertura del contenedor orgánico ¿Qué fechas se tienen en cuenta? En el pago de 2027 se tendrán en cuenta todas las aperturas desde el 1 de enero del 26 a 31 de diciembre del 26? Tenemos forma de consultar el acumulado de aperturas tanto de la app como de la tarjeta? Gracias
2026-09-28T07:21:06.741977,Policía Local,Molestias peleas y ruidos excesivos de música,pregunta,1.0,1.0,historia,0.0,0.64,0.32,0.0,0.04,False,2,https://www.vitoria-gasteiz.org/wb021/was/comentarioAction.do?idioma=es&accion=verComentarios&claveAsuntoCom=384088&claveAsuntoGestorCom=818498&claveAreaCom=,Quiero pedir porfavor al ayuntamiento que hable con la policía y solucionen este problema todos los días se juntan los [Eliminado] a beber y a pelearse en la cancha Arana además han cogido toda la cancha para ellos y los niños ya no pueden jugar allí dejan restos de basura ya sea latas de cervezas y de todo venden en la vía pública comidas y bebidas cosa que no se puede hacer! También apuestas de dinero investiguen y a ver si se comportan ya y respeten nuestra ciudad esto no es su país para que puedan hacer lo que quieran! / Totalmente de acuerdo
2026-09-28T07:21:06.741977,Salubridad e higiene,RATAS EN JARDINES,aviso,0.66,1.0,historia,0.0,0.69,0.17,0.0,0.14,False,1,https://www.vitoria-gasteiz.org/wb021/was/comentarioAction.do?idioma=es&accion=verComentarios&claveAsuntoCom=384085&claveAsuntoGestorCom=818495&claveAreaCom=,"Denunciar el estado de zonas con ratas. Estando aquí sentados en el Bar La Isla, en la Avd. Los Huetos esquina Henry Morton Stanley hay una zona ajardinada con unos arbustos, delante de la entrada del bar, donde hay ratas que campan a sus anchas, saliendo por las aceras..... Lo mismo que en la esquina contraria donde está el Bar El Lio, Avd. Los Huetos con Hans Christian Andersen. Espero que se tome una solución inminente, porque suene haber niños por ahí jugando. No estoy hablando ni de 1 ni 2, he visto juntas más de 4. Creo que es un tema muy muy preocupante porque no son el clásico ratoncito de campo ""zagutxo"", sino que son ratas. No solamente hay que preocuparse por ciertas calles del centro que en los barrios hay que intensificar limpieza, que también pagamos impuestos."
2026-09-28T07:21:06.741977,Salubridad e higiene,RATAS EN JARDINES,aviso,0.66,1.0,historia,0.0,0.69,0.17,0.0,0.14,False,1,https://www.vitoria-gasteiz.org/wb021/was/comentarioAction.do?idioma=es&accion=verComentarios&claveAsuntoCom=384084&claveAsuntoGestorCom=818494&claveAreaCom=,"Denunciar el estado de zonas con ratas. Estando aquí sentados en el Bar La Isla, en la Avd. Los Huetos esquina Henry Morton Stanley hay una zona ajardinada con unos arbustos, delante de la entrada del bar, donde hay ratas que campan a sus anchas, saliendo por las aceras..... Lo mismo que en la esquina contraria donde está el Bar El Lio, Avd. Los Huetos con Hans Christian Andersen. Espero que se tome una solución inminente, porque suene haber niños por ahí jugando. No estoy hablando ni de 1 ni 2, he visto juntas más de 4. Creo que es un tema muy muy preocupante porque no son el clásico ratoncito de campo ""zagutxo"", sino que son ratas. No solamente hay que preocuparse por ciertas calles del centro que en los barrios hay que intensificar limpieza, que también pagamos impuestos."
2026-09-28T13:21:06.741977,Alumbrado público,Farola Con Electricidad Defectuosa,aviso,0.57,1.0,historia,0.0,0.48,0.38,0.0,0.13,False,2,https://www.vitoria-gasteiz.org/wb021/was/comentarioAction.do?idioma=es&accion=verComentarios&claveAsuntoCom=384077&claveAsuntoGestorCom=818487&claveAreaCom=,"En la calle José Domingo Olarte, N°14/18 (en frente del bar Vafer), hay una farola con la electricidad defectuosa, que se apaga y enciende constantemente. Habría que revisar la electricidad de la misma."
2026-09-28T07:56:17.000177,TUVISA. Autobuses urbanos,Parking Zaldiaran y cargadores,queja,0.59,1.0,historia,0.0,0.97,0.0,0.0,0.03,False,1,https://www.vitoria-gasteiz.org/wb021/was/comentarioAction.do?idioma=es&accion=verComentarios&claveAsuntoCom=384099&claveAsuntoGestorCom=818509&claveAreaCom=,"Buenos días, Soy propietario de una plaza en el parking Zaldiaran y estoy valorando comprarme in coche eléctrico. Llame a Tuvisa, que gestiona el parking, y me dijo que no se pueden instalar cargadores. ¿Me lo pueden confirmar ¿Cuando se podrá? ¿Algún plan para ello? Saludos"
2026-09-28T07:56:17.000177,Obras en vía pública,Pinchazos por obras en calle Leza,aviso,0.61,1.0,historia,0.0,0.98,0.0,0.0,0.02,False,1,https://www.vitoria-gasteiz.org/wb021/was/comentarioAction.do?idioma=es&accion=verComentarios&claveAsuntoCom=384096&claveAsuntoGestorCom=818506&claveAreaCom=,"Segundo día en un mes que pincho una rueda del coche, esta última dos tornillos en la misma rueda y llego tarde al trabajo, claro está. Desde que están las obras en el barrio, varios vecinos tenemos pinchazos. Puede alguien darle un toque al personal para que barran las carreteras , o a quién le voy pasando las facturas del taller?"
2026-09-28T07:56:17.000177,Otros vía pública,Fachada chiquita 16,aviso,0.87,1.0,historia,0.0,0.92,0.07,0.0,0.01,False,1,https://www.vitoria-gasteiz.org/wb021/was/comentarioAction.do?idioma=es&accion=verComentarios&claveAsuntoCom=384092&claveAsuntoGestorCom=818502&claveAreaCom=,"En la fachada chiquita 16, pegan carteles y pintan continuamente. Propongo que en este espacio privado se pinte un mural que haga que la ciudad se identifique en la zona que es(portalón, plaza burulleria, casa vieja, etc..). Ejemplo de mural, un mural con el escudo del deportivo alavés y baskonia, un mural identificativa de la zona de la cuidad, etc.."
2026-09-28T07:56:17.000177,Reciclaje de residuos,Queja pir acumulación persistente de residuos fuera de los contenedores en cruce Calle Estella Lizarra con Roncesvalles,aviso,0.52,1.0,mucha_gente,0.0,0.1,0.0,0.0,0.9,False,2,https://www.vitoria-gasteiz.org/wb021/was/comentarioAction.do?idioma=es&accion=verComentarios&claveAsuntoCom=384095&claveAsuntoGestorCom=818505&claveAreaCom=,"Por la presente, deseo interponer una queja formal ante el Servicio de Gestión de Residuos del Ayuntamiento debido al estado de insalubridad y suciedad constante en el punto de contenedores ubicado en el cruce de la Calle Estella-Lizarra con la Calle Roncesvalles. De manera sistemática y diaria, se acumulan bolsas de basura, cartones y todo tipo de residuos fuera de los depósitos habilitados. Esta situación no solo daña gravemente la imagen de nuestro barrio, sino que genera problemas de olores y atrae a plagas, suponiendo un evidente riesgo higiénico y sanitario para el vecindario y los peatones. Solicito formalmente a los servicios municipales que adopten las siguientes medidas:Limpieza y desinfección urgente de este punto negro de suciedad de manera prioritaria. Incremento de la vigilancia por parte de la Policía Local o los inspectores de recogida para sancionar de forma efectiva los comportamientos incívicos. Estudio técnico del punto de recogida por si fuera necesario un rediseño de la isla de reciclaje, una reubicación o un aumento en la frecuencia de vaciado de dichos contenedores para evitar su desbordamiento habitual. Adjunto fotografías del estado actual de la zona como prueba gráfica de la situación descrita.Agradezco de antemano su atención y quedo a la espera de sus actuaciones y de una respuesta oficial en este buzón. / Nonhe recibido respuestas"
2026-09-28T08:21:06.741977,Desperfectos en vía pública,Baches,agradecimiento,0.49,1.0,historia,0.0,0.97,0.0,0.0,0.03,False,2,https://www.vitoria-gasteiz.org/wb021/was/comentarioAction.do?idioma=es&accion=verComentarios&claveAsuntoCom=384098&claveAsuntoGestorCom=818508&claveAreaCom=,Debajo del puente de las conchas (he visto hace poco a las bai asfaltar un tramo cerca del ambulatorio de San Martín) hay unos baches grandes Un poco de asfalto por favor. También frente al tanatorio lauzurica hay falta de tierra junto a unos bolardos de hormigon Muchas gracias
2026-09-28T08:21:06.741977,Desperfectos en vía pública,Gran bache en carril bici,aviso,0.88,1.0,historia,0.0,0.81,0.01,0.0,0.18,False,2,https://www.vitoria-gasteiz.org/wb021/was/comentarioAction.do?idioma=es&accion=verComentarios&claveAsuntoCom=384102&claveAsuntoGestorCom=818516&claveAreaCom=,"Hola. Quería informar de un desperfecto importante en un carril bici principal, ubicado junto a la Plaza de la Constitución. El asfalto se ha levantado y agrietado, generando un bache de gran tamaño que supone un riesgo de caída para los ciclistas. Parece ser que el desperfecto está provocado por las raíces del árbol situado justo al lado, que han ido levantando el firme. Solicito su reparación lo antes posible para evitar accidentes. Un saludo."
2026-09-28T08:21:06.741977,Mobiliario urbano,Aparcabicis mal colocado,pregunta,0.78,1.0,persiste,0.0,0.06,0.94,0.0,0.0,True,3,https://www.vitoria-gasteiz.org/wb021/was/comentarioAction.do?idioma=es&accion=verComentarios&claveAsuntoCom=357499&claveAsuntoGestorCom=781227&claveAreaCom=,"Como se muestra en la foto, uno de los aparcabicis (el más cercano al semáforo) está invertido respecto del resto. Esto haría que la bicicleta aparcada invada la carretera, lo cual es peligroso. Parece un error de montaje. Solicito que lo revisen. / ¿Alguna novedad respecto de esto? Sigue estando mal colocado. La gente no lo usa incluso cuando todos los demás están llenos..."
2026-09-28T08:21:06.741977,Actividad deportiva,Queremos una solución porque el sorteo de actividades en CC no ha funcionado bien,aviso,0.39,1.0,persiste,0.0,0.38,0.6,0.0,0.02,False,2,https://www.vitoria-gasteiz.org/wb021/was/comentarioAction.do?idioma=es&accion=verComentarios&claveAsuntoCom=384103&claveAsuntoGestorCom=818518&claveAreaCom=,"Hemos estado hablando entre varios amigos usuarios de los centros cívicos y hemos llegado a la conclusión de que el Ayuntamiento debería hacrr algo para permitir que las personas que no hemos recibido ninguna actividad podamos optar aunque sea a un trimestre y no permitir que haya personas que continúen con dos actividades en el próximo trimestre... Sería injusto porque estas actividades de pagan con el dinero de todxs / Salir a la calle y manifestarse y salir en todos los medios de comunicación: tele, radio, prensa, revistas, etc y empiecen a destituir a las personas responsables del Ayuntamiento que año tras año entorpecen este sistema de sorteo nada equitativo. Estaba mejor el anterior sistema que si te apuntabas a 2 o 3 al menos te tocaba 1."
2026-09-28T08:21:06.741977,Otros seguridad ciudadana,¿Quién protege a nuestros mayores?,pregunta,0.88,1.0,persiste,0.0,0.31,0.49,0.11,0.09,False,4,https://www.vitoria-gasteiz.org/wb021/was/comentarioAction.do?idioma=es&accion=verComentarios&claveAsuntoCom=384105&claveAsuntoGestorCom=818524&claveAreaCom=,"Día tras día se ataca a gente INDEFENSA y, casualmente, suelen ser los mismos que ya están más que fichados. ¿Qué propone el ayuntamiento para que cesen este tipo de ataques? Y no, no trasladen el tema a policía local porque la decisión de facilitarles las cosas a los delincuentes la toma el consistorio. ¿Empezamos con patrullas vecinales hasta que haya una desgracia? Nos hemos pasado de solidarios con gente que no se integra ni respeta a los más vulnerables. No solo los mayores de la clase obrera corren peligro... / NADIE. Ahora la triste solución que buscamos las familias es decir a nuestros mayores que no salgan a la calle sólos, que no atiendan al portero automático y que no abran la puerta. Y los sinvergüenzas que no han aportado nada aquí y sólo delinquen caminando por las calles de nuestra ciudad. Hay que ser malas personas y no tener alma. / Es cuestión de dos conceptos que por lo que sea, no existen con estos delincuentes. 1 - EDUCACIÓN. Desde txikis nos educan en el respeto hacia los demás y más aún, a nuestro y demás mayores, niños, animales,... Colectivos REALMENTE vulnerables. 2 - JUSTICIA. Es algo que falla. Pongamos un ejemplo, yo me dedico diariamente a pegar y quitarle el móvil a un chavalico de esos. ¿Puedo hacerlo más de 20 veces sin consecuencias? Declarándome insolvente en primer lugar. Pues un poco eso, todo el mundo está quemado y a nuestros mayores se les cuida. Por desgracia, en mi entorno también usamos el ""no salgas sol@ de casa y no te pongas la ca"
2026-09-28T09:21:06.741977,Obras en vía pública,Pavimento .Chapuzas por doquier,pregunta,0.85,0.99,historia,0.01,0.47,0.47,0.0,0.05,False,2,https://www.vitoria-gasteiz.org/wb021/was/comentarioAction.do?idioma=es&accion=verComentarios&claveAsuntoCom=381164&claveAsuntoGestorCom=814534&claveAreaCom=,"El suelo de la Avenida es una chapuza auténtica ,como el resto de Vitoria . Todo parches .Baldosas desniveladas ,parece un patchwok de ínfima calidad. El dinero destinado por el Gobierno Vasco para mejorar la capital,no se ve por ningún lado . Vitoria es un caos tanto en obra pública ,como en limpieza ,como en seguridad . Vamos de mal en peor sin que se haga nada ."
2026-09-28T09:21:06.741977,Limpieza pública,Suciedad en la zona verde del Paseo de Eskibel con Derechos Humanos,aviso,0.4,1.0,persiste,0.0,0.26,0.55,0.0,0.18,False,2,https://www.vitoria-gasteiz.org/wb021/was/comentarioAction.do?idioma=es&accion=verComentarios&claveAsuntoCom=384067&claveAsuntoGestorCom=818477&claveAreaCom=,"Quiero comunicar el lamentable estado en el que se encuentra la zona ajardinada del Paseo de Eskibel, en el cruce con Derechos Humanos, junto a la zona de la parada del autobús y en dirección al río Perretxin. Toda la zona verde está llena de basura: envases de bebidas, plásticos, envoltorios y otros residuos tirados y esparcidos por el césped y entre la vegetación. El aspecto es realmente penoso y transmite una sensación tremenda de abandono y suciedad. No sé si la limpieza de este espacio corresponde al servicio de limpieza viaria o al de parques y jardines, pero lo que está claro es que alguien debería hacerse cargo. No es normal que una zona verde de la ciudad pueda llegar a presentar este estado sin que aparentemente nadie lo detecte ni actúe. Agradecería que se revise la zona y se proceda a su limpieza cuanto antes. Vitoria-Gasteiz presume habitualmente de ciudad verde, pero mantener las zonas verdes llenas de latas, envases y plásticos no encaja demasiado con esa imagen."
2026-09-28T09:21:06.741977,Limpieza pública,Contenedores Calle Aldave 7,aviso,0.63,1.0,mucha_gente,0.0,0.45,0.08,0.0,0.47,False,2,https://www.vitoria-gasteiz.org/wb021/was/comentarioAction.do?idioma=es&accion=verComentarios&claveAsuntoCom=384089&claveAsuntoGestorCom=818499&claveAreaCom=,"Los contenedores estaban al lado se la jardinera...los van moviendo hacia los asientos...sonde nos sentamos la gente, que hay olores y suciedad. Por favor desplácenlos a su sitio original más cerca de las jardineras."
2026-09-28T09:21:06.741977,Limpieza pública,Presencia de residuos y suciedad en el cauce del río Perretxin,queja,0.57,1.0,historia,0.0,0.93,0.0,0.0,0.07,False,2,https://www.vitoria-gasteiz.org/wb021/was/comentarioAction.do?idioma=es&accion=verComentarios&claveAsuntoCom=384093&claveAsuntoGestorCom=818503&claveAreaCom=,"Comunico el mal estado de conservación y la presencia de diversos residuos en el cauce del río Perretxin. La zona afectada se localiza en el Paseo de Eskibel, concretamente en el tramo que transcurre junto a la parte trasera del supermercado E. Leclerc. Se pueden observar, entre otros restos, los siguientes objetos: Un paragolpes de vehículo motorizado. Varios recipientes de plástico tipo cápsulas. Acumulación de suciedad diversa que deteriora el entorno natura Solicito al Ayuntamiento que realice las gestiones necesarias para la limpieza del cauce y la retirada de estos residuos."
2026-09-28T09:21:06.741977,"Impuestos, tasas y precios públicos",Recurso de reposición contra la liquidación de la nueva tasa de las basuras,queja,0.94,1.0,historia,0.0,0.56,0.04,0.01,0.39,True,3,https://www.vitoria-gasteiz.org/wb021/was/comentarioAction.do?idioma=es&accion=verComentarios&claveAsuntoCom=349312&claveAsuntoGestorCom=769720&claveAreaCom=,"Buenos días. Quiero manifestar mi malestar por el ABUSO de la nueva tasa de la recogida de basuras. En un local de superficie construida de 20,96 m2, que el año pasado pagué 85,05 euros, cómo me lo pueden subir a 270,00 euros ? No sólo me parece un ABUSO, sino una ESTAFA !!! Subir más de un 300 % !! Es inadmisible…, que estamos hablando de un mini-local de 20,96 metros cuadrados!!! Les envío la referencia catastral del local: 0060-1006-0001-0015. para que tomen cartas sobre el asunto, y rectifiquen esta barbaridad… Esperando sus noticias, les saluda. / Hola. He recibido una carta de desestimacion de la reclamacion por la subida abusiva por parte del ayuntamiento de Vitoria de la Tasa de recogida y eliminacion de residuos urbanos.Mi alegacion se basa en: ""Que el inmueble objeto de la liquidación consiste en un local comercial (lonja) que se encuentra completamente cerrado, desocupado y sin actividad económica ni comercial alguna. Al no desarrollarse actividad de ningún tipo en su interior, resulta materialmente imposible la generación de residuos sólidos urbanos o comerciales, por lo que el devengo de la tasa resulta desproporcionado e injusto."" Considero un abuso de poder por parte del Ayuntamiento sin justificacion alguna y animo a otros vecinos de Vitoria afectados por esta stuacion a unirnos y hacer frente a,este abuso. Un saludo"
2026-09-28T09:21:06.741977,Planeamiento de la ciudad,Retirar el tranvía y devolver la calle General Álava a los peatones,aviso,0.8,1.0,persiste,0.0,0.48,0.5,0.0,0.02,False,16,https://www.vitoria-gasteiz.org/wb021/was/comentarioAction.do?idioma=es&accion=verComentarios&claveAsuntoCom=380673&claveAsuntoGestorCom=813974&claveAreaCom=,"Considero que la decisión de hacer pasar el tranvía por esta calle es un auténtico despropósito urbanístico. Es una actuación que no tiene sentido ni desde el punto de vista de la movilidad ni desde el punto de vista del diseño de ciudad. Se ha introducido una infraestructura de grandes dimensiones en una calle que ya era peatonal y que, precisamente por su ubicación y características, debería haberse preservado como tal. El resultado es evidente: la obra se ha cargado la peatonalidad de la calle, se ha deteriorado el entorno y se ha perjudicado seriamente a los comercios de la calle General Álava. Todo ello para resolver una necesidad de transporte que podría abordarse de otra manera, situando las paradas del tranvía en Parlamento y Angulema y realizando los transbordos necesarios. No parece razonable que, para evitar un transbordo, se haya decidido sacrificar una calle peatonal, la calidad urbana y la actividad comercial de una de las zonas más céntricas de la ciudad. El centro debería estar pensado para las personas. Bilbao es un buen ejemplo de cómo se puede integrar el transporte público sin renunciar a un centro urbano peatonal y de calidad. Resulta difícil entender cómo una actuación así pudo ser diseñada y autorizada sin prever unas consecuencias tan evidentes. No todo lo que se construye debe mantenerse simplemente porque ya está construido. Si la decisión fue equivocada, lo responsable es reconocerlo y corregirla. Por ello, considero necesario que el Ayuntamiento to"
2026-09-28T09:56:17.000177,Coches y aparcamiento,Parking Motos calle las arenas,agradecimiento,0.56,1.0,historia,0.0,0.72,0.01,0.0,0.27,False,1,https://www.vitoria-gasteiz.org/wb021/was/comentarioAction.do?idioma=es&accion=verComentarios&claveAsuntoCom=384128&claveAsuntoGestorCom=818551&claveAreaCom=,"En una de las entradas a la fábrica de Mercedes, la más cercana al nuevo parking, siempre se encuentra la acera llena de motos, propongo que se eliminén las plataformas antiguas de la parada del autobús de la linea 5 en seitido hacia jundiz, que ha sido desplazada unos metros más arriba y utilizarla para hacer un pequeño parking para ubicar esas motos. Hay demasiada gente que va en moto y no hay espacios para todas ellas. Eskerrik asko."
2026-09-28T09:56:17.000177,Obras en vía pública,Rotonda incendio Arkaiate,aviso,0.87,1.0,persiste,0.0,0.24,0.76,0.0,0.0,False,20,https://www.vitoria-gasteiz.org/wb021/was/comentarioAction.do?idioma=es&accion=verComentarios&claveAsuntoCom=362420&claveAsuntoGestorCom=788584&claveAreaCom=,"El 17 de marzo de 2025 hubo un incendio en la rotonda de Arkaiate, en Paseo de la Iliada. Ha pasado casi un año y no se ha comenzado el arreglo. ¿Para cuándo se espera? En Los Barrios periféricos pagamos los mismos impuestos que en los de el centro de Vitoria, por lo que sería de agradecer arreglar los desperfectos con la misma celeridad que en Los Barrios del centro / Totalmente de acuerdo con el comentario anterior. Es una vergüenza la gestión que se está haciendo. A día de hoy no sabemos con certeza que ocasionó semejante incendio, quien fue el responsable y lo más importante, ni cuando se va a empezar las obras y menos acabar. A esto sumo una petición. Por favor, a los semáforos puestos en plan cutre añadan semáforos para peatones. Diariamente veo conflictos entre peatón y vehículos ( yo mismo he estado involucrado en uno ) . Los vehículos una vez después de esperar varios minutos con semáforo en rojo se pone en ámbar y se piensan que tienen preferencia con lo que muchos no ceden a peatones. Para evitar estas situaciones pongan semáforos para peatones, así nos evitaremos más problemas de los que ya tenemos. ALGÚN DÍA LOS VECINOS DE ESTOS BARRIOS A LAS AFUERAS SENTIREMOS QUE SE NOS TRATA COMO AL RESTO DE LA CIUDAD? SEMEJANTE RETRASO EN EL COMIENZO DE LA OBRA SE PERMITIRIA POR EJEMPLO EN EL CENTRO, O EN ARMENTIA?? VERGÜENZA OS TENÍA QUE DAR! / Buenas tardes, Seguimos esperando respuesta, gracias. / Buenos días, Agradecería que se nos responda. Un saludo. / Buenas tardes, De"
2026-09-28T10:21:06.741977,Obras en vía pública,Remodelación de jardines calle Errekatxiqui,aviso,0.78,1.0,historia,0.0,0.95,0.02,0.0,0.03,False,1,https://www.vitoria-gasteiz.org/wb021/was/comentarioAction.do?idioma=es&accion=verComentarios&claveAsuntoCom=384137&claveAsuntoGestorCom=818563&claveAreaCom=,"Los jardines que se están reformando en el nº 25 de la calle de la calle Errekatxiqui tienen a su alrededor unos bordillos con unos adoquines que se esta reemplazando pero no en su totalidad manteniendo parte de los antiguos. Los adoquines viejos están algo deteriorados por el tiempo y con de un color grisáceo que resaltan con el color blanco de los nuevos adoquines, quedando estéticamente horrible si al final conviven los adoquines viejos con los nuevos, por que solicito ,si es posible, sean reemplazados todos los adoquines del borde de los jardines en su totalidad. Las obras acaban de iniciarse y creo que todavía están a tiempo de colocar todo el borde con nuevos adoquines. Saludos"
2026-09-28T10:21:06.741977,Personas mayores,BUSES DE DESPLAZAMIENTO DE PERSONAS MAYORES A LOS CENTROS LAR,aviso,0.77,1.0,historia,0.0,0.98,0.01,0.0,0.0,False,1,https://www.vitoria-gasteiz.org/wb021/was/comentarioAction.do?idioma=es&accion=verComentarios&claveAsuntoCom=384147&claveAsuntoGestorCom=818575&claveAreaCom=,"Hola, quiero comentar el deplorable funcionamiento de los sistemas de los buses que trasladan a los mayores que acuden a los Centros LAR. Concretamente mi ama acude a BEATO y últimamente tienen retrasos por el mal funcionamiento de la rampa y finalmente hace dos días casi se cae porque falló cuando ella estaba montada y funcionando en bajada, casi se cae ella y la persona que le acompañaba en la rampa. Creo que esos sistemas tienen que estar revisados y con buen funcionamiento, ya que de ello depende la seguridad de las personas. Espero que sean revisados los vehículos y esto no vuelva a ocurrir porque podría ser fatal... Quedo pendiente de vuestra respuesta. Buen día! Amaia."
2026-09-28T13:21:06.741977,Alumbrado público,Farolas encendidas,aviso,0.47,1.0,mucha_gente,0.0,0.25,0.01,0.0,0.74,False,2,https://www.vitoria-gasteiz.org/wb021/was/comentarioAction.do?idioma=es&accion=verComentarios&claveAsuntoCom=384148&claveAsuntoGestorCom=818576&claveAreaCom=,Las farolas de la calle Clara Campoamor y alrededores llevan encendidas varios días. Consumiendo durante el día.
2026-09-28T10:48:39.063485,Reciclaje de residuos,APERTURA ORGANICO,agradecimiento,0.96,1.0,mucha_gente,0.0,0.38,0.02,0.01,0.59,False,1,https://www.vitoria-gasteiz.org/wb021/was/comentarioAction.do?idioma=es&accion=verComentarios&claveAsuntoCom=384151&claveAsuntoGestorCom=818583&claveAreaCom=,Comunicarles que no se abre con el pedal el contenedor de orgánico desde hace semanas ubicado en la calle Juntas Generales 44-46. Ruego reparación. Graccias
2026-09-28T10:48:39.063485,Policía Local,RUIDO DISCOTECA PLAZA SAN ANTON,agradecimiento,0.39,0.98,mucha_gente,0.02,0.13,0.01,0.0,0.84,False,1,https://www.vitoria-gasteiz.org/wb021/was/comentarioAction.do?idioma=es&accion=verComentarios&claveAsuntoCom=384153&claveAsuntoGestorCom=818590&claveAreaCom=,Egun on: Todos los fines de semana hay peleas y broncas a la salida de la discoteca de ambiente latino en la Plaza San Antón hasta el amanecer. La policía debería estar más pendiente en esa zona. Muchas gracias
2026-09-28T10:56:17.000177,Limpieza pública,Nauseas en la calle Diputación,agradecimiento,0.91,0.91,historia,0.09,0.8,0.08,0.0,0.02,False,2,https://www.vitoria-gasteiz.org/wb021/was/comentarioAction.do?idioma=es&accion=verComentarios&claveAsuntoCom=384150&claveAsuntoGestorCom=818582&claveAreaCom=,"Desde hace ya casi una semana, el olor que desprende cada adoquín de la calle Diputación es nauseabundo. El olor es insoportable. Si no es por las personas que habitamos la ciudad y necesitamos unas condiciones mínimas de limpieza, hacedlo por los cientos de turistas que se van a alojar en el bloque que el Ayuntamiento ha prácticamente regalado a un promotor. Hacedlo por lo que queráis, pero, por favor, limpiad la ciudad."
2026-09-28T10:56:17.000177,Limpieza pública,Pintadas en el barrio de Abetxuko,agradecimiento,0.72,1.0,historia,0.0,0.92,0.01,0.0,0.08,False,2,https://www.vitoria-gasteiz.org/wb021/was/comentarioAction.do?idioma=es&accion=verComentarios&claveAsuntoCom=383315&claveAsuntoGestorCom=817566&claveAreaCom=,En Abetxuko tenemos murales muy bonitos y se nota la mano y el trabajo de la comunidad de vecinos. La cuestión es que cada vez hay más pintadas callejeras en los edificios (grafitis) que dan un aire de descuido al barrio .
2026-09-28T11:48:39.063485,Retirada de vehículos,calle okupada por coches abandonados,agradecimiento,0.76,1.0,historia,0.0,0.72,0.21,0.0,0.07,False,1,https://www.vitoria-gasteiz.org/wb021/was/comentarioAction.do?idioma=es&accion=verComentarios&claveAsuntoCom=384175&claveAsuntoGestorCom=818624&claveAreaCom=,"Buenos días, en la calle oreitiasolo, en los alrededores de los números 5-7 hay varios coches que llevan abandonados varios meses…por no decir años. Hay coches con ruedas pinchadas, sucios de que no se usan nunca, alguno incluso con 3 o 4 multas en el parabrisas… cada vez es más complicado aparcar en esta calle por la cantidad de gente que viene a trabajar a esta zona. Hagan el favor de retirarlos con la grúa de una vez, porque están inclumpliendo claramente la ley. Gracias"
2026-09-28T11:48:39.063485,Coches y aparcamiento,zona carga y descarga raimundo olabide,agradecimiento,0.74,1.0,historia,0.0,0.75,0.0,0.0,0.25,False,1,https://www.vitoria-gasteiz.org/wb021/was/comentarioAction.do?idioma=es&accion=verComentarios&claveAsuntoCom=384176&claveAsuntoGestorCom=818625&claveAreaCom=,"Que en la calle Raimundo olabide, a la altura aproximada del número 31, se concentra una notable actividad de reparto y distribución de mercancías y un volumen constante de vehículos comerciales y de transporte debido a los comercios, talleres y actividades de la zona. Que actualmente la citada vía carece de un espacio reservado específico para operaciones de carga y descarga, lo que provoca de forma reiterada: Estacionamientos en doble fila o sobre la acera, dificultando la fluidez del tráfico rodado. Riesgos directos para la seguridad vial y el tránsito peatonal. Problemas operativos y demoras para los transportistas y negocios del entorno. Que la habilitación de una reserva de estacionamiento señalizada para carga y descarga en dicho punto permitiría ordenar el espacio público, mejorar la convivencia entre el tráfico de paso, los peatones y el reparto comercial, y reducir las maniobras indebidas. SOLICITA: Que, previos los informes técnicos y de la Policía Local pertinentes, se tramite y autorice la habilitación de una zona reservada para carga y descarga en la calle Raimundo olabide, a la altura del número 31, procediendo a su correspondiente señalización horizontal y vertical, con el horario operativo que los servicios técnicos municipales estimen oportuno para cubrir las necesidades de la zona."
2026-09-28T11:48:39.063485,Obras en vía pública,Caminos trinquete astrónomos,agradecimiento,0.74,1.0,persiste,0.0,0.18,0.82,0.0,0.0,False,2,https://www.vitoria-gasteiz.org/wb021/was/comentarioAction.do?idioma=es&accion=verComentarios&claveAsuntoCom=384177&claveAsuntoGestorCom=818627&claveAreaCom=,"Buenos días. Hace varios meses cuando se estaban realizando las obras en la zona del trinquete de los Astrónomos ya escribí al buzón indicando el mal estado de los caminos. Se empiezan obras interminables sin ninguna se termina da igual la zona en la que estés. Adjunto fotos. Yo ya me caí el sábado en uno de los agujeros que se pueden apreciar en la foto. Por favor soluciónenlo,gracias / Adjunto otra foto más. / Añadir que el estado es el mismo desde paseo de La Ilíada hasta avenida Varsovia."
2026-09-28T12:21:06.741977,Policía Local,punto de recogida de basura Roncesvalles con Estella Lizarra,queja,0.73,1.0,historia,0.0,0.81,0.0,0.0,0.19,False,2,https://www.vitoria-gasteiz.org/wb021/was/comentarioAction.do?idioma=es&accion=verComentarios&claveAsuntoCom=384106&claveAsuntoGestorCom=818525&claveAreaCom=,"Desde hace mas de 1 año este punto de recogida de basuras es UN VERTEDERO No hay dia que no haya basuras por doquier Las urracas y ratas se encargan de esparcir las basuras por el jardin Ademas la gente baja bultos grandes colchones armarios y cualquier otra casa a cualquier hora del dia Nos pasamos el día haciendo fotos para pasarlas al ayuntamiento No creo que sea nuestro deber hacer nosotros de intermediarios . SE REGUA ENCARRECIDAMENTE QUE SE HAGA ALGO AL RESPECTO, MULTEN Y PONGAN CARTELES QUE EXPLIQUEN CUANDO SE PUEDE BAJAR VOLUMINOSOS Y LOS TELÉFONOS A LOS QUE LLAMAR.Ya no es la primera vez que realizamos esta queja formal"
2026-09-28T12:21:06.741977,Coches y aparcamiento,Aparcamientos,queja,0.33,1.0,historia,0.0,0.73,0.13,0.0,0.14,False,1,https://www.vitoria-gasteiz.org/wb021/was/comentarioAction.do?idioma=es&accion=verComentarios&claveAsuntoCom=384182&claveAsuntoGestorCom=818635&claveAreaCom=,"Poner zona residencial en el barrio lakua Arriaga(Juntas Generales), es imposible aparcar con lo que conlleva poner los vehículos en glorietas. Se quitaron muchísimos aparcamientos en su día por el tranvía y ahora por la nueva reforma de contenedores de basura."
2026-09-28T12:21:06.741977,Zonas verdes,Ramas que llegan a los coches,queja,0.5,1.0,historia,0.0,0.77,0.05,0.0,0.18,False,2,https://www.vitoria-gasteiz.org/wb021/was/comentarioAction.do?idioma=es&accion=verComentarios&claveAsuntoCom=384181&claveAsuntoGestorCom=818634&claveAreaCom=,Quería dar una queja sobre el tamaño de las ramas y altura de los árboles de la calle arriagana en abechuco son un problema ya que el camión cuando viene a descargar los contenedores con el brazo eléctrico Rosa todas las ramas y corren peligro de romperse y que caiga encima de los coches al mismo tiempo con hay tormenta y viento están tan caídas que cualquier día van a caer encima de alguien y aparte quitan la visibilidad de muchos pisos
2026-09-28T12:21:06.741977,Otros ocio y cultura,Bajada Celedon,queja,0.76,1.0,historia,0.0,0.78,0.0,0.0,0.22,False,1,https://www.vitoria-gasteiz.org/wb021/was/comentarioAction.do?idioma=es&accion=verComentarios&claveAsuntoCom=384183&claveAsuntoGestorCom=818636&claveAreaCom=,"Piden hacer algo con la megafonía, comentan que no se escucha bien las palabras de Celedon desde la Plaza de la Virgen Blanca"
2026-09-28T12:21:06.741977,Moverse en bicicleta,Aparcabicis,aviso,0.6,1.0,mucha_gente,0.0,0.29,0.01,0.01,0.69,False,1,https://www.vitoria-gasteiz.org/wb021/was/comentarioAction.do?idioma=es&accion=verComentarios&claveAsuntoCom=384189&claveAsuntoGestorCom=818642&claveAreaCom=,Piden más aparcabicis en la estación de autobuses. Hay muchas atadas en bancos y farolas.
2026-09-28T12:21:06.741977,Limpieza pública,Olor a excrementos en Bueno Monreal,pregunta,0.59,1.0,historia,0.0,0.72,0.07,0.0,0.2,False,1,https://www.vitoria-gasteiz.org/wb021/was/comentarioAction.do?idioma=es&accion=verComentarios&claveAsuntoCom=384188&claveAsuntoGestorCom=818641&claveAreaCom=,"Desde hace algo menos de una semana hay un olor a excrementos absolutamente insoportable en toda la calle. El olor es constante y se intensifica especialmente con el calor, hasta el punto de que resulta imposible abrir las ventanas de las viviendas porque el olor entra directamente en las casas. La situación de la calle es francamente desagradable e insalubre y, después de varios días, no parece tratarse de algo puntual. Desconocemos cuál es el origen del problema, pero creemos que requiere una actuación urgente por parte de los servicios municipales. Rogamos que se revise la zona cuanto antes, se identifique de dónde procede el olor y se tomen las medidas necesarias para solucionarlo. No es razonable que los vecinos tengamos que mantener las ventanas cerradas por el hedor que hay en la calle. Muchas gracias."
2026-09-28T12:21:06.741977,Mobiliario urbano,Parque infantil Las Conchas,aviso,0.59,1.0,historia,0.0,0.72,0.0,0.0,0.27,False,1,https://www.vitoria-gasteiz.org/wb021/was/comentarioAction.do?idioma=es&accion=verComentarios&claveAsuntoCom=384191&claveAsuntoGestorCom=818644&claveAreaCom=,¿Cuándo se va a inaugurar el parque infantil de Las Conchas?
2026-09-28T12:21:06.741977,Reciclaje de residuos,Basura,aviso,0.83,1.0,mucha_gente,0.0,0.23,0.0,0.0,0.77,False,1,https://www.vitoria-gasteiz.org/wb021/was/comentarioAction.do?idioma=es&accion=verComentarios&claveAsuntoCom=384193&claveAsuntoGestorCom=818646&claveAreaCom=,"Hay basura y colchones fuera de los contenedores en la calle Florida, Vicente Aleixandre 27/28, cerca de Los Astrónomos y en la Plaza Roja junto a Jacinto Benavente"
2026-09-28T12:21:06.741977,Mobiliario urbano,Rincón del humor,aviso,0.44,1.0,mucha_gente,0.0,0.44,0.0,0.0,0.56,False,2,https://www.vitoria-gasteiz.org/wb021/was/comentarioAction.do?idioma=es&accion=verComentarios&claveAsuntoCom=384194&claveAsuntoGestorCom=818647&claveAreaCom=,Piden poner más sillas en el Parque del Prado
2026-09-28T12:21:06.741977,Mobiliario urbano,Parque infantil,queja,0.58,1.0,mucha_gente,0.0,0.5,0.0,0.0,0.5,False,2,https://www.vitoria-gasteiz.org/wb021/was/comentarioAction.do?idioma=es&accion=verComentarios&claveAsuntoCom=384195&claveAsuntoGestorCom=818648&claveAreaCom=,Piden arreglar el parque infantil de la trasera de Portal de Foronda con Damaso Alonso
2026-09-28T13:21:06.741977,Limpieza pública,Limpieza hojas de acera y carretera,aviso,0.66,1.0,historia,0.0,0.95,0.0,0.0,0.04,False,1,https://www.vitoria-gasteiz.org/wb021/was/comentarioAction.do?idioma=es&accion=verComentarios&claveAsuntoCom=384198&claveAsuntoGestorCom=818656&claveAreaCom=,"Buenas tardes, Sería conveniente hacer una buena limpieza y retirada de hojas en acera y parte de la carretera, en la calle Eskoriaza. Predominando en las aceras donde se encuentran los árboles y jardines. Muchas gracias. Un saludo,"
2026-09-28T14:21:06.741977,Comercio y hostelería,Aumento de hurtos en comercios y falta de seguridad ciudadana,pregunta,0.85,0.46,historia,0.54,0.42,0.0,0.0,0.03,False,2,https://www.vitoria-gasteiz.org/wb021/was/comentarioAction.do?idioma=es&accion=verComentarios&claveAsuntoCom=384200&claveAsuntoGestorCom=818660&claveAreaCom=,"Mi mas profunda preocupación y malestar ante la creciente oleada de hurtos y robos reiterados que están sufriendo los establecimientos de nuestra ciudad. La situación ha alcanzado un extremo inaceptable. Ya es habitual encontrarse en el interior de los locales carteles explícitos que advierten de que robar es un delito y de que se tomarán medidas legales inmediatas. Esta necesidad de los comerciantes de defenderse de forma tan visible evidencia que nos encontramos ante un problema crónico de reincidencia que genera una gran sensación de impunidad, inseguridad e impotencia tanto en los trabajadores del sector como en los propios clientes y vecinos. / Siempre son los mismos y no les hacen nada si no superan los 400 euros. Lo llevo viendo desde hace muchos años en supermercados o bazares chinos. Campan a sus anchas y seguirán. Si están cobrando ayudas seria motivo suficiente de quitárselas, mas si es reincidente."
2026-09-28T14:48:39.063485,Ocupación de la vía pública,inspección higiénico-sanitaria y control de ocupación de vía pública en fruterías de la zona Coronación,queja,0.67,1.0,historia,0.0,0.89,0.04,0.0,0.07,False,2,https://www.vitoria-gasteiz.org/wb021/was/comentarioAction.do?idioma=es&accion=verComentarios&claveAsuntoCom=384206&claveAsuntoGestorCom=818668&claveAreaCom=,"En las últimas tiempos se ha producido una proliferación desmedida de estos comercios donde el género expuesto presenta un aspecto de semipodredumbre generando un fuerte y desagradable olor en la vía pública. Los establecimientos ocupan de manera sistemática y desproporcionada el espacio peatonal con cajas, palés. Esta situación obstaculiza gravemente el tránsito de los peatones, afectando especialmente a personas con movilidad reducida. / Esto es así y ocurre en diferentes fruterías de la ciudad, la que está en calle pamplona 33 ""Frutería lakua"" también deberían de revisarla. Parece que algunos no tengan que seguir las normas..."
2026-09-28T14:48:39.063485,Zonas verdes,Estorninos en Calle Roncesvalles,queja,0.5,1.0,historia,0.0,0.95,0.01,0.0,0.04,False,1,https://www.vitoria-gasteiz.org/wb021/was/comentarioAction.do?idioma=es&accion=verComentarios&claveAsuntoCom=384208&claveAsuntoGestorCom=818670&claveAreaCom=,"Por medio del presente escrito, deseo trasladar una queja y solicitud formal en relación con la problemática que venimos sufriendo en la Calle Roncesvalles (zona peatonal). Desde hace un tiempo, la presencia masiva y constante de estorninos en el arbolado de esta vía está ocasionando graves inconvenientes a los vecinos, comerciantes y transeúntes. Los principales problemas detectados son: • Suciedad e insalubridad: Bancos, pavimentos y fachadas se encuentran permanentemente cubiertos de heces, lo que impide el uso del mobiliario urbano, afea la calle y genera un riesgo de resbalones y problemas de salud pública. • Contaminación acústica: El ruido y los chillidos continuos de estas aves, especialmente al amanecer y al anochecer, resultan ensordecedores e impiden el descanso vecinal. Entendemos que se trata de fauna urbana, pero la concentración actual supera lo tolerable y degrada un espacio peatonal de gran tránsito. Por todo ello, solicitamos que los servicios municipales correspondientes valoren e implementen medidas disuasorias o de control de aves (como métodos acústicos, visuales o de poda selectiva) para dispersar estas bandadas, así como un refuerzo en las labores de limpieza de la zona. Agradeciendo de antemano su atención y esperando una pronta respuesta y solución a este problema, les saluda atentamente,"
2026-09-28T15:48:39.063485,TUVISA. Autobuses urbanos,Incidente con casi atropello Línea 11,pregunta,0.52,1.0,historia,0.0,0.95,0.01,0.02,0.02,False,2,https://www.vitoria-gasteiz.org/wb021/was/comentarioAction.do?idioma=es&accion=verComentarios&claveAsuntoCom=384209&claveAsuntoGestorCom=818671&claveAreaCom=,"El día de hoy, 28 de septiembre de 2026, a las 16:09 horas, he estado a punto de sufrir un atropello por parte de un autobús de la Línea 11 de TUVISA.El incidente ha ocurrido en el paso de peatones situado a la altura de la Avenida Reina Sofía, número 41. Yo ya me encontraba cruzando y estaba a mitad del paso de cebra cuando el autobús ha avanzado sin respetar mi prioridad, obligándome a reaccionar rápidamente para evitar ser arrollado/a.Del incidente han sido testigos directos los propios pasajeros que viajaban a bordo del autobús, así como una persona que circulaba en bicicleta justo detrás con un niño en la silla infantil, quienes han presenciado la gravedad de la maniobra.Solicito a la dirección de TUVISA que revise el registro de localización GPS y los turnos para identificar al conductor del vehículo a esa hora exacta. Ruego que se tomen las medidas disciplinarias oportunas ante esta grave imprudencia y se me notifique la resolución de esta queja. / Buenas tardes.Ante todo mis disculoas pir el susto.Pero he de indicar dos cosas,ya que como habra pidido deducir,soy el conductor del autobús en cuestion.Una,ha cruzado usted rapida y sin detenerse;y dos,estaba usted mirando a la derecha por un motivo para m8 desconocido.Un autobus tiene uba distancia de frenado considerable,y a pesar de que le aseguro estaba circulando bastante por debajo del limite de 30 km/h,usted ha comenzado a cruzar sin darme tiempo a reaccionar.Debido a lo reciente del asunto,me permito recordarle que"
2026-09-28T16:21:06.741977,Sanciones / multas,Servicio Akropost,queja,0.8,1.0,historia,0.0,0.65,0.34,0.0,0.01,True,3,https://www.vitoria-gasteiz.org/wb021/was/comentarioAction.do?idioma=es&accion=verComentarios&claveAsuntoCom=365869&claveAsuntoGestorCom=794159&claveAreaCom=,"El 25 de marzo del corriente la empresa mencionada deposita en mi buzón una carta del Ayuntamiento (una multa) que requiere prueba de entrega electrónica. Nosotros no hemos firmado nada, pero la carta aparece en el buzón. Ruego al Ayuntamiento revise los servicios de dicha empresa, porque el hecho me parece grave. Por mi parte ya he cursado una denuncia hacia ellos. / He ido al centro cívico a informarme ya que he recibido dos multas que casualmente he visto al entrar en la página del ayuntamiento. Desde el centro cívico me dicen que han entregado 2 notificaciones por cada multa cosa que dudo. En el buzón no había ninguna. Sin embargo la carta sin certificar que manda el ayuntamiento que el pago ascendía ya a 105€ es decir con recargo si estaba. Desde el centro cívico me dicen que no soy el primero que se queja y que no es correos sino akropost la empresa encargada. He pagado las dos multas una tenía pronto pago y la otra recargo pero no tenía conocimiento de ninguna de ellas. Desde el centro cívico me dicen que me ponga en contacto con akropost pero las multas ya las he pagado y me dicen que es que he aceptado la sanción."
2026-09-28T16:48:39.063485,Otros información y atención ciudadana,Mendicidad en supermercados,pregunta,0.99,1.0,persiste,0.0,0.13,0.85,0.0,0.02,False,1,https://www.vitoria-gasteiz.org/wb021/was/comentarioAction.do?idioma=es&accion=verComentarios&claveAsuntoCom=384221&claveAsuntoGestorCom=818683&claveAreaCom=,"La proliferación de la mendicidad en la entrada a los supermercados es cada dia mas habitual y ademas observar cómo señoras y señores de cierta edad dan dinero de forma sistemática y sin ningún tipo de control a estas persona basándose exclusivamente en el origen o el color de piel de la persona, lo cual constituye una forma de racismo condescendiente y paternalista. Esta conducta por parte de estos ciudadanos —que optan por dar ""un eurito"" para limpiar su conciencia en lugar de implicarse humanamente, preguntar qué les ocurre o cómo ayudarles de verdad— no soluciona el problema de fondo. Al contrario, perpetúa la mendicidad en las calles."
2026-09-28T16:48:39.063485,Otros seguridad ciudadana,Lo k paso en la calle la oaz,queja,0.63,1.0,historia,0.0,0.63,0.16,0.0,0.21,False,2,https://www.vitoria-gasteiz.org/wb021/was/comentarioAction.do?idioma=es&accion=verComentarios&claveAsuntoCom=384224&claveAsuntoGestorCom=818686&claveAreaCom=,"No sabía donde exponer mi queja o parecer ,asi k lo pongo aqui porque he estado preguntando y nadie me ha sabido decir. Lo k paso el lunes en la calle la paz , por el tema del hospital de Santiago me indigno muchísimo, que hubiese gente grabando con su móvil, no se si las autoridades pueden hacer algo al respecto en situaciones como esta, como quitar los telefonos,o prohibir grabar. o no sé algo Lo que si sé es que no se puede grabar la vida de otras personas y luego pasarlo.pot Internet como si no costase nada . ¿Donde está la empatia de las personas, es que la gente no sufre cuando esta sucediendo algo asi? Nunca sabes a quien llega, a la familia, a amigos a enemigos...no saben el daño k pueden hacer a personas tan vulnerables .Solo pido que si se puede hacer algo k se haga, k la gente k graba y difunde no se vaya de rositas. EMPATIA Y RESPETO / Hombre Como no, quieras ,poner barreras al campo ????? Dime tú ,como controlas a las masas ,para que no graben por el teléfono en la vía pública y con montones de personas mirando hacia un objetivo en concreto.. La IA y las tecnologías nos van a comer ..... Falta empatía y eso hoy día olvidate ..."
2026-09-28T17:48:39.063485,Desperfectos en vía pública,Baldosas rotas y hundidas,queja,0.52,1.0,historia,0.0,0.98,0.0,0.0,0.01,False,1,https://www.vitoria-gasteiz.org/wb021/was/comentarioAction.do?idioma=es&accion=verComentarios&claveAsuntoCom=384232&claveAsuntoGestorCom=818694&claveAreaCom=,"En la calle Estella número 18 se encuentra hace un año con baldosas rotas y hundidas,"
2026-09-28T17:48:39.063485,Otros vía pública,SERVICIO DE LIMPIEZA BARRIO BORINBIZKARRA,agradecimiento,0.69,1.0,historia,0.0,0.97,0.0,0.0,0.03,False,1,https://www.vitoria-gasteiz.org/wb021/was/comentarioAction.do?idioma=es&accion=verComentarios&claveAsuntoCom=384239&claveAsuntoGestorCom=818701&claveAreaCom=,"FELICITAR A LA SEÑORA (CON GAFAS) POR SU BUEN TRABAJO Y EFICACIA, POR LA DEDICACIÓN QUE PONE EN QUE ESTE LA ZONA LIMPIA Y EN BUEN ESTADO."
2026-09-28T19:48:39.063485,Zonas verdes,Falta de agua y suciedad en el estanque del parque de Arriaga,aviso,0.71,1.0,persiste,0.0,0.35,0.63,0.0,0.01,False,1,https://www.vitoria-gasteiz.org/wb021/was/comentarioAction.do?idioma=es&accion=verComentarios&claveAsuntoCom=384244&claveAsuntoGestorCom=818706&claveAreaCom=,"Desde hace meses, se nota que falta agua en el estanque de los patos del parque de Arriaga y, según pasa el tiempo, cada vez más hay menos. Además, en la zona hay suciedad y verdín, se nota descuidado."
2026-09-28T19:48:39.063485,Zonas verdes,Rotonda de la antonia,aviso,0.45,1.0,historia,0.0,0.54,0.43,0.0,0.03,False,1,https://www.vitoria-gasteiz.org/wb021/was/comentarioAction.do?idioma=es&accion=verComentarios&claveAsuntoCom=384243&claveAsuntoGestorCom=818705&claveAreaCom=,Estaca removida
2026-09-28T21:14:06.741977,Alumbrado público,Farola estropeada,aviso,0.99,1.0,persiste,0.0,0.0,0.99,0.0,0.0,False,1,https://www.vitoria-gasteiz.org/wb021/was/comentarioAction.do?idioma=es&accion=verComentarios&claveAsuntoCom=384247&claveAsuntoGestorCom=818709&claveAreaCom=,Lleva varios días sin funcionar la farola de la calle Perú n2
